[     378ms] [INFO] %cDownload the React DevTools for a better development experience: https://reactjs.org/link/react-devtools font-weight:bold @ webpack-internal:///./node_modules/react-dom/cjs/react-dom.development.js:29889
[     442ms] [LOG] [HMR] connected @ webpack-internal:///./node_modules/next/dist/client/dev/error-overlay/websocket.js:45
[     475ms] [ERROR] Failed to load resource: the server responded with a status of 404 (Not Found) @ http://localhost:3002/_next/static/webpack/2ed8c5d234341932.webpack.hot-update.json:0
[     682ms] [INFO] %cDownload the React DevTools for a better development experience: https://reactjs.org/link/react-devtools font-weight:bold @ webpack-internal:///./node_modules/react-dom/cjs/react-dom.development.js:29889
[     743ms] [LOG] [HMR] connected @ webpack-internal:///./node_modules/next/dist/client/dev/error-overlay/websocket.js:45
[     772ms] [ERROR] Failed to load resource: the server responded with a status of 404 (Not Found) @ http://localhost:3002/_next/static/webpack/2ed8c5d234341932.webpack.hot-update.json:0
[     810ms] [LOG] %c[Vercel Web Analytics]%c Debug mode is enabled by default in development. No requests will be sent to the server. color: rgb(120, 120, 120) color: inherit @ https://va.vercel-scripts.com/v1/script.debug.js:0
[     810ms] [LOG] %c[Vercel Web Analytics]%c [view] http://localhost:3002/landing-ko-vf color: rgb(120, 120, 120) color: inherit {o: http://localhost:3002/landing-ko-vf, sv: 0.1.3, sdkn: @vercel/analytics/react, sdkv: 1.6.1, ts: 1777530859404} /_vercel/insights/view @ https://va.vercel-scripts.com/v1/script.debug.js:0
[     963ms] [INFO] %cDownload the React DevTools for a better development experience: https://reactjs.org/link/react-devtools font-weight:bold @ webpack-internal:///./node_modules/react-dom/cjs/react-dom.development.js:29889
[    1010ms] [LOG] [HMR] connected @ webpack-internal:///./node_modules/next/dist/client/dev/error-overlay/websocket.js:45
[    1054ms] [LOG] %c[Vercel Web Analytics]%c Debug mode is enabled by default in development. No requests will be sent to the server. color: rgb(120, 120, 120) color: inherit @ https://va.vercel-scripts.com/v1/script.debug.js:0
[    1054ms] [LOG] %c[Vercel Web Analytics]%c [view] http://localhost:3002/landing-ko-vf color: rgb(120, 120, 120) color: inherit {o: http://localhost:3002/landing-ko-vf, sv: 0.1.3, sdkn: @vercel/analytics/react, sdkv: 1.6.1, ts: 1777530859647} /_vercel/insights/view @ https://va.vercel-scripts.com/v1/script.debug.js:0
[    1079ms] [ERROR] Failed to load resource: the server responded with a status of 404 (Not Found) @ http://localhost:3002/_next/static/webpack/2ed8c5d234341932.webpack.hot-update.json:0
[    1349ms] [INFO] %cDownload the React DevTools for a better development experience: https://reactjs.org/link/react-devtools font-weight:bold @ webpack-internal:///./node_modules/react-dom/cjs/react-dom.development.js:29889
[    1402ms] [LOG] [HMR] connected @ webpack-internal:///./node_modules/next/dist/client/dev/error-overlay/websocket.js:45
[    1439ms] [LOG] %c[Vercel Web Analytics]%c Debug mode is enabled by default in development. No requests will be sent to the server. color: rgb(120, 120, 120) color: inherit @ https://va.vercel-scripts.com/v1/script.debug.js:0
[    1439ms] [LOG] %c[Vercel Web Analytics]%c [view] http://localhost:3002/landing-ko-vf color: rgb(120, 120, 120) color: inherit {o: http://localhost:3002/landing-ko-vf, sv: 0.1.3, sdkn: @vercel/analytics/react, sdkv: 1.6.1, ts: 1777530860033} /_vercel/insights/view @ https://va.vercel-scripts.com/v1/script.debug.js:0
[    1439ms] [ERROR] Failed to load resource: the server responded with a status of 404 (Not Found) @ http://localhost:3002/_next/static/webpack/2ed8c5d234341932.webpack.hot-update.json:0
[    1631ms] [INFO] %cDownload the React DevTools for a better development experience: https://reactjs.org/link/react-devtools font-weight:bold @ webpack-internal:///./node_modules/react-dom/cjs/react-dom.development.js:29889
[    1675ms] [LOG] [HMR] connected @ webpack-internal:///./node_modules/next/dist/client/dev/error-overlay/websocket.js:45
[    1704ms] [ERROR] Failed to load resource: the server responded with a status of 404 (Not Found) @ http://localhost:3002/_next/static/webpack/2ed8c5d234341932.webpack.hot-update.json:0
[    1712ms] [LOG] %c[Vercel Web Analytics]%c Debug mode is enabled by default in development. No requests will be sent to the server. color: rgb(120, 120, 120) color: inherit @ https://va.vercel-scripts.com/v1/script.debug.js:0
[    1712ms] [LOG] %c[Vercel Web Analytics]%c [view] http://localhost:3002/landing-ko-vf color: rgb(120, 120, 120) color: inherit {o: http://localhost:3002/landing-ko-vf, sv: 0.1.3, sdkn: @vercel/analytics/react, sdkv: 1.6.1, ts: 1777530860306} /_vercel/insights/view @ https://va.vercel-scripts.com/v1/script.debug.js:0
[    1955ms] [INFO] %cDownload the React DevTools for a better development experience: https://reactjs.org/link/react-devtools font-weight:bold @ webpack-internal:///./node_modules/react-dom/cjs/react-dom.development.js:29889
[    2000ms] [LOG] [HMR] connected @ webpack-internal:///./node_modules/next/dist/client/dev/error-overlay/websocket.js:45
[    2029ms] [ERROR] Failed to load resource: the server responded with a status of 404 (Not Found) @ http://localhost:3002/_next/static/webpack/2ed8c5d234341932.webpack.hot-update.json:0
[    2039ms] [LOG] %c[Vercel Web Analytics]%c Debug mode is enabled by default in development. No requests will be sent to the server. color: rgb(120, 120, 120) color: inherit @ https://va.vercel-scripts.com/v1/script.debug.js:0
[    2039ms] [LOG] %c[Vercel Web Analytics]%c [view] http://localhost:3002/landing-ko-vf color: rgb(120, 120, 120) color: inherit {o: http://localhost:3002/landing-ko-vf, sv: 0.1.3, sdkn: @vercel/analytics/react, sdkv: 1.6.1, ts: 1777530860632} /_vercel/insights/view @ https://va.vercel-scripts.com/v1/script.debug.js:0
[    2307ms] [INFO] %cDownload the React DevTools for a better development experience: https://reactjs.org/link/react-devtools font-weight:bold @ webpack-internal:///./node_modules/react-dom/cjs/react-dom.development.js:29889
[    2401ms] [LOG] [HMR] connected @ webpack-internal:///./node_modules/next/dist/client/dev/error-overlay/websocket.js:45
[    2442ms] [LOG] %c[Vercel Web Analytics]%c Debug mode is enabled by default in development. No requests will be sent to the server. color: rgb(120, 120, 120) color: inherit @ https://va.vercel-scripts.com/v1/script.debug.js:0
[    2442ms] [LOG] %c[Vercel Web Analytics]%c [view] http://localhost:3002/landing-ko-vf color: rgb(120, 120, 120) color: inherit {o: http://localhost:3002/landing-ko-vf, sv: 0.1.3, sdkn: @vercel/analytics/react, sdkv: 1.6.1, ts: 1777530861036} /_vercel/insights/view @ https://va.vercel-scripts.com/v1/script.debug.js:0
[    2509ms] [ERROR] Failed to load resource: the server responded with a status of 404 (Not Found) @ http://localhost:3002/_next/static/webpack/2ed8c5d234341932.webpack.hot-update.json:0
[    2755ms] [INFO] %cDownload the React DevTools for a better development experience: https://reactjs.org/link/react-devtools font-weight:bold @ webpack-internal:///./node_modules/react-dom/cjs/react-dom.development.js:29889
[    2803ms] [LOG] [HMR] connected @ webpack-internal:///./node_modules/next/dist/client/dev/error-overlay/websocket.js:45
[    2830ms] [ERROR] Failed to load resource: the server responded with a status of 404 (Not Found) @ http://localhost:3002/_next/static/webpack/2ed8c5d234341932.webpack.hot-update.json:0
[    2864ms] [LOG] %c[Vercel Web Analytics]%c Debug mode is enabled by default in development. No requests will be sent to the server. color: rgb(120, 120, 120) color: inherit @ https://va.vercel-scripts.com/v1/script.debug.js:0
[    2864ms] [LOG] %c[Vercel Web Analytics]%c [view] http://localhost:3002/landing-ko-vf color: rgb(120, 120, 120) color: inherit {o: http://localhost:3002/landing-ko-vf, sv: 0.1.3, sdkn: @vercel/analytics/react, sdkv: 1.6.1, ts: 1777530861458} /_vercel/insights/view @ https://va.vercel-scripts.com/v1/script.debug.js:0
[    2890ms] [LOG] Failed to fetch devPagesManifest: TypeError: Failed to fetch @ webpack-internal:///./node_modules/next/dist/client/page-loader.js:30
[    3038ms] [INFO] %cDownload the React DevTools for a better development experience: https://reactjs.org/link/react-devtools font-weight:bold @ webpack-internal:///./node_modules/react-dom/cjs/react-dom.development.js:29889
[    3100ms] [LOG] [HMR] connected @ webpack-internal:///./node_modules/next/dist/client/dev/error-overlay/websocket.js:45
[    3139ms] [ERROR] Failed to load resource: the server responded with a status of 404 (Not Found) @ http://localhost:3002/_next/static/webpack/2ed8c5d234341932.webpack.hot-update.json:0
[    3153ms] [LOG] %c[Vercel Web Analytics]%c Debug mode is enabled by default in development. No requests will be sent to the server. color: rgb(120, 120, 120) color: inherit @ https://va.vercel-scripts.com/v1/script.debug.js:0
[    3153ms] [LOG] %c[Vercel Web Analytics]%c [view] http://localhost:3002/landing-ko-vf color: rgb(120, 120, 120) color: inherit {o: http://localhost:3002/landing-ko-vf, sv: 0.1.3, sdkn: @vercel/analytics/react, sdkv: 1.6.1, ts: 1777530861747} /_vercel/insights/view @ https://va.vercel-scripts.com/v1/script.debug.js:0
[    3407ms] [INFO] %cDownload the React DevTools for a better development experience: https://reactjs.org/link/react-devtools font-weight:bold @ webpack-internal:///./node_modules/react-dom/cjs/react-dom.development.js:29889
[    3455ms] [LOG] [HMR] connected @ webpack-internal:///./node_modules/next/dist/client/dev/error-overlay/websocket.js:45
[    3488ms] [ERROR] Failed to load resource: the server responded with a status of 404 (Not Found) @ http://localhost:3002/_next/static/webpack/2ed8c5d234341932.webpack.hot-update.json:0
[    3499ms] [LOG] %c[Vercel Web Analytics]%c Debug mode is enabled by default in development. No requests will be sent to the server. color: rgb(120, 120, 120) color: inherit @ https://va.vercel-scripts.com/v1/script.debug.js:0
[    3499ms] [LOG] %c[Vercel Web Analytics]%c [view] http://localhost:3002/landing-ko-vf color: rgb(120, 120, 120) color: inherit {o: http://localhost:3002/landing-ko-vf, sv: 0.1.3, sdkn: @vercel/analytics/react, sdkv: 1.6.1, ts: 1777530862092} /_vercel/insights/view @ https://va.vercel-scripts.com/v1/script.debug.js:0
[    3744ms] [INFO] %cDownload the React DevTools for a better development experience: https://reactjs.org/link/react-devtools font-weight:bold @ webpack-internal:///./node_modules/react-dom/cjs/react-dom.development.js:29889
[    3792ms] [LOG] [HMR] connected @ webpack-internal:///./node_modules/next/dist/client/dev/error-overlay/websocket.js:45
[    3821ms] [ERROR] Failed to load resource: the server responded with a status of 404 (Not Found) @ http://localhost:3002/_next/static/webpack/2ed8c5d234341932.webpack.hot-update.json:0
[    3832ms] [LOG] %c[Vercel Web Analytics]%c Debug mode is enabled by default in development. No requests will be sent to the server. color: rgb(120, 120, 120) color: inherit @ https://va.vercel-scripts.com/v1/script.debug.js:0
[    3832ms] [LOG] %c[Vercel Web Analytics]%c [view] http://localhost:3002/landing-ko-vf color: rgb(120, 120, 120) color: inherit {o: http://localhost:3002/landing-ko-vf, sv: 0.1.3, sdkn: @vercel/analytics/react, sdkv: 1.6.1, ts: 1777530862425} /_vercel/insights/view @ https://va.vercel-scripts.com/v1/script.debug.js:0
[    4010ms] [INFO] %cDownload the React DevTools for a better development experience: https://reactjs.org/link/react-devtools font-weight:bold @ webpack-internal:///./node_modules/react-dom/cjs/react-dom.development.js:29889
[    4057ms] [LOG] [HMR] connected @ webpack-internal:///./node_modules/next/dist/client/dev/error-overlay/websocket.js:45
[    4087ms] [ERROR] Failed to load resource: the server responded with a status of 404 (Not Found) @ http://localhost:3002/_next/static/webpack/2ed8c5d234341932.webpack.hot-update.json:0
[    4098ms] [LOG] %c[Vercel Web Analytics]%c Debug mode is enabled by default in development. No requests will be sent to the server. color: rgb(120, 120, 120) color: inherit @ https://va.vercel-scripts.com/v1/script.debug.js:0
[    4098ms] [LOG] %c[Vercel Web Analytics]%c [view] http://localhost:3002/landing-ko-vf color: rgb(120, 120, 120) color: inherit {o: http://localhost:3002/landing-ko-vf, sv: 0.1.3, sdkn: @vercel/analytics/react, sdkv: 1.6.1, ts: 1777530862691} /_vercel/insights/view @ https://va.vercel-scripts.com/v1/script.debug.js:0
[    4398ms] [INFO] %cDownload the React DevTools for a better development experience: https://reactjs.org/link/react-devtools font-weight:bold @ webpack-internal:///./node_modules/react-dom/cjs/react-dom.development.js:29889
[    4458ms] [LOG] [HMR] connected @ webpack-internal:///./node_modules/next/dist/client/dev/error-overlay/websocket.js:45
[    4487ms] [ERROR] Failed to load resource: the server responded with a status of 404 (Not Found) @ http://localhost:3002/_next/static/webpack/2ed8c5d234341932.webpack.hot-update.json:0
[    4498ms] [LOG] %c[Vercel Web Analytics]%c Debug mode is enabled by default in development. No requests will be sent to the server. color: rgb(120, 120, 120) color: inherit @ https://va.vercel-scripts.com/v1/script.debug.js:0
[    4498ms] [LOG] %c[Vercel Web Analytics]%c [view] http://localhost:3002/landing-ko-vf color: rgb(120, 120, 120) color: inherit {o: http://localhost:3002/landing-ko-vf, sv: 0.1.3, sdkn: @vercel/analytics/react, sdkv: 1.6.1, ts: 1777530863091} /_vercel/insights/view @ https://va.vercel-scripts.com/v1/script.debug.js:0
[    4677ms] [INFO] %cDownload the React DevTools for a better development experience: https://reactjs.org/link/react-devtools font-weight:bold @ webpack-internal:///./node_modules/react-dom/cjs/react-dom.development.js:29889
[    4752ms] [LOG] [HMR] connected @ webpack-internal:///./node_modules/next/dist/client/dev/error-overlay/websocket.js:45
[    4780ms] [ERROR] Failed to load resource: the server responded with a status of 404 (Not Found) @ http://localhost:3002/_next/static/webpack/2ed8c5d234341932.webpack.hot-update.json:0
[    4791ms] [LOG] %c[Vercel Web Analytics]%c Debug mode is enabled by default in development. No requests will be sent to the server. color: rgb(120, 120, 120) color: inherit @ https://va.vercel-scripts.com/v1/script.debug.js:0
[    4791ms] [LOG] %c[Vercel Web Analytics]%c [view] http://localhost:3002/landing-ko-vf color: rgb(120, 120, 120) color: inherit {o: http://localhost:3002/landing-ko-vf, sv: 0.1.3, sdkn: @vercel/analytics/react, sdkv: 1.6.1, ts: 1777530863384} /_vercel/insights/view @ https://va.vercel-scripts.com/v1/script.debug.js:0
[    4963ms] [INFO] %cDownload the React DevTools for a better development experience: https://reactjs.org/link/react-devtools font-weight:bold @ webpack-internal:///./node_modules/react-dom/cjs/react-dom.development.js:29889
[    5010ms] [LOG] [HMR] connected @ webpack-internal:///./node_modules/next/dist/client/dev/error-overlay/websocket.js:45
[    5038ms] [ERROR] Failed to load resource: the server responded with a status of 404 (Not Found) @ http://localhost:3002/_next/static/webpack/2ed8c5d234341932.webpack.hot-update.json:0
[    5049ms] [LOG] %c[Vercel Web Analytics]%c Debug mode is enabled by default in development. No requests will be sent to the server. color: rgb(120, 120, 120) color: inherit @ https://va.vercel-scripts.com/v1/script.debug.js:0
[    5049ms] [LOG] %c[Vercel Web Analytics]%c [view] http://localhost:3002/landing-ko-vf color: rgb(120, 120, 120) color: inherit {o: http://localhost:3002/landing-ko-vf, sv: 0.1.3, sdkn: @vercel/analytics/react, sdkv: 1.6.1, ts: 1777530863642} /_vercel/insights/view @ https://va.vercel-scripts.com/v1/script.debug.js:0
[    5319ms] [INFO] %cDownload the React DevTools for a better development experience: https://reactjs.org/link/react-devtools font-weight:bold @ webpack-internal:///./node_modules/react-dom/cjs/react-dom.development.js:29889
[    5380ms] [LOG] [HMR] connected @ webpack-internal:///./node_modules/next/dist/client/dev/error-overlay/websocket.js:45
[    5410ms] [ERROR] Failed to load resource: the server responded with a status of 404 (Not Found) @ http://localhost:3002/_next/static/webpack/2ed8c5d234341932.webpack.hot-update.json:0
[    5420ms] [LOG] %c[Vercel Web Analytics]%c Debug mode is enabled by default in development. No requests will be sent to the server. color: rgb(120, 120, 120) color: inherit @ https://va.vercel-scripts.com/v1/script.debug.js:0
[    5420ms] [LOG] %c[Vercel Web Analytics]%c [view] http://localhost:3002/landing-ko-vf color: rgb(120, 120, 120) color: inherit {o: http://localhost:3002/landing-ko-vf, sv: 0.1.3, sdkn: @vercel/analytics/react, sdkv: 1.6.1, ts: 1777530864014} /_vercel/insights/view @ https://va.vercel-scripts.com/v1/script.debug.js:0
[    5596ms] [INFO] %cDownload the React DevTools for a better development experience: https://reactjs.org/link/react-devtools font-weight:bold @ webpack-internal:///./node_modules/react-dom/cjs/react-dom.development.js:29889
[    5643ms] [LOG] [HMR] connected @ webpack-internal:///./node_modules/next/dist/client/dev/error-overlay/websocket.js:45
[    5671ms] [ERROR] Failed to load resource: the server responded with a status of 404 (Not Found) @ http://localhost:3002/_next/static/webpack/2ed8c5d234341932.webpack.hot-update.json:0
[    5682ms] [LOG] %c[Vercel Web Analytics]%c Debug mode is enabled by default in development. No requests will be sent to the server. color: rgb(120, 120, 120) color: inherit @ https://va.vercel-scripts.com/v1/script.debug.js:0
[    5682ms] [LOG] %c[Vercel Web Analytics]%c [view] http://localhost:3002/landing-ko-vf color: rgb(120, 120, 120) color: inherit {o: http://localhost:3002/landing-ko-vf, sv: 0.1.3, sdkn: @vercel/analytics/react, sdkv: 1.6.1, ts: 1777530864275} /_vercel/insights/view @ https://va.vercel-scripts.com/v1/script.debug.js:0
[    5934ms] [INFO] %cDownload the React DevTools for a better development experience: https://reactjs.org/link/react-devtools font-weight:bold @ webpack-internal:///./node_modules/react-dom/cjs/react-dom.development.js:29889
[    5980ms] [LOG] [HMR] connected @ webpack-internal:///./node_modules/next/dist/client/dev/error-overlay/websocket.js:45
[    6011ms] [ERROR] Failed to load resource: the server responded with a status of 404 (Not Found) @ http://localhost:3002/_next/static/webpack/2ed8c5d234341932.webpack.hot-update.json:0
[    6021ms] [LOG] %c[Vercel Web Analytics]%c Debug mode is enabled by default in development. No requests will be sent to the server. color: rgb(120, 120, 120) color: inherit @ https://va.vercel-scripts.com/v1/script.debug.js:0
[    6021ms] [LOG] %c[Vercel Web Analytics]%c [view] http://localhost:3002/landing-ko-vf color: rgb(120, 120, 120) color: inherit {o: http://localhost:3002/landing-ko-vf, sv: 0.1.3, sdkn: @vercel/analytics/react, sdkv: 1.6.1, ts: 1777530864615} /_vercel/insights/view @ https://va.vercel-scripts.com/v1/script.debug.js:0
[    6210ms] [INFO] %cDownload the React DevTools for a better development experience: https://reactjs.org/link/react-devtools font-weight:bold @ webpack-internal:///./node_modules/react-dom/cjs/react-dom.development.js:29889
[    6308ms] [LOG] [HMR] connected @ webpack-internal:///./node_modules/next/dist/client/dev/error-overlay/websocket.js:45
[    6349ms] [LOG] %c[Vercel Web Analytics]%c Debug mode is enabled by default in development. No requests will be sent to the server. color: rgb(120, 120, 120) color: inherit @ https://va.vercel-scripts.com/v1/script.debug.js:0
[    6349ms] [LOG] %c[Vercel Web Analytics]%c [view] http://localhost:3002/landing-ko-vf color: rgb(120, 120, 120) color: inherit {o: http://localhost:3002/landing-ko-vf, sv: 0.1.3, sdkn: @vercel/analytics/react, sdkv: 1.6.1, ts: 1777530864942} /_vercel/insights/view @ https://va.vercel-scripts.com/v1/script.debug.js:0
[    6361ms] [ERROR] Failed to load resource: the server responded with a status of 404 (Not Found) @ http://localhost:3002/_next/static/webpack/2ed8c5d234341932.webpack.hot-update.json:0
[    6544ms] [INFO] %cDownload the React DevTools for a better development experience: https://reactjs.org/link/react-devtools font-weight:bold @ webpack-internal:///./node_modules/react-dom/cjs/react-dom.development.js:29889
[    6591ms] [LOG] [HMR] connected @ webpack-internal:///./node_modules/next/dist/client/dev/error-overlay/websocket.js:45
[    6617ms] [ERROR] Failed to load resource: the server responded with a status of 404 (Not Found) @ http://localhost:3002/_next/static/webpack/2ed8c5d234341932.webpack.hot-update.json:0
[    6623ms] [LOG] %c[Vercel Web Analytics]%c Debug mode is enabled by default in development. No requests will be sent to the server. color: rgb(120, 120, 120) color: inherit @ https://va.vercel-scripts.com/v1/script.debug.js:0
[    6623ms] [LOG] %c[Vercel Web Analytics]%c [view] http://localhost:3002/landing-ko-vf color: rgb(120, 120, 120) color: inherit {o: http://localhost:3002/landing-ko-vf, sv: 0.1.3, sdkn: @vercel/analytics/react, sdkv: 1.6.1, ts: 1777530865216} /_vercel/insights/view @ https://va.vercel-scripts.com/v1/script.debug.js:0
[    6801ms] [INFO] %cDownload the React DevTools for a better development experience: https://reactjs.org/link/react-devtools font-weight:bold @ webpack-internal:///./node_modules/react-dom/cjs/react-dom.development.js:29889
[    6855ms] [LOG] [HMR] connected @ webpack-internal:///./node_modules/next/dist/client/dev/error-overlay/websocket.js:45
[    6900ms] [ERROR] Failed to load resource: the server responded with a status of 404 (Not Found) @ http://localhost:3002/_next/static/webpack/2ed8c5d234341932.webpack.hot-update.json:0
[    6912ms] [LOG] %c[Vercel Web Analytics]%c Debug mode is enabled by default in development. No requests will be sent to the server. color: rgb(120, 120, 120) color: inherit @ https://va.vercel-scripts.com/v1/script.debug.js:0
[    6912ms] [LOG] %c[Vercel Web Analytics]%c [view] http://localhost:3002/landing-ko-vf color: rgb(120, 120, 120) color: inherit {o: http://localhost:3002/landing-ko-vf, sv: 0.1.3, sdkn: @vercel/analytics/react, sdkv: 1.6.1, ts: 1777530865506} /_vercel/insights/view @ https://va.vercel-scripts.com/v1/script.debug.js:0
[    7089ms] [INFO] %cDownload the React DevTools for a better development experience: https://reactjs.org/link/react-devtools font-weight:bold @ webpack-internal:///./node_modules/react-dom/cjs/react-dom.development.js:29889
[    7136ms] [LOG] [HMR] connected @ webpack-internal:///./node_modules/next/dist/client/dev/error-overlay/websocket.js:45
[    7163ms] [ERROR] Failed to load resource: the server responded with a status of 404 (Not Found) @ http://localhost:3002/_next/static/webpack/2ed8c5d234341932.webpack.hot-update.json:0
[    7174ms] [LOG] %c[Vercel Web Analytics]%c Debug mode is enabled by default in development. No requests will be sent to the server. color: rgb(120, 120, 120) color: inherit @ https://va.vercel-scripts.com/v1/script.debug.js:0
[    7174ms] [LOG] %c[Vercel Web Analytics]%c [view] http://localhost:3002/landing-ko-vf color: rgb(120, 120, 120) color: inherit {o: http://localhost:3002/landing-ko-vf, sv: 0.1.3, sdkn: @vercel/analytics/react, sdkv: 1.6.1, ts: 1777530865768} /_vercel/insights/view @ https://va.vercel-scripts.com/v1/script.debug.js:0
[    7501ms] [INFO] %cDownload the React DevTools for a better development experience: https://reactjs.org/link/react-devtools font-weight:bold @ webpack-internal:///./node_modules/react-dom/cjs/react-dom.development.js:29889
[    7550ms] [LOG] [HMR] connected @ webpack-internal:///./node_modules/next/dist/client/dev/error-overlay/websocket.js:45
[    7582ms] [LOG] %c[Vercel Web Analytics]%c Debug mode is enabled by default in development. No requests will be sent to the server. color: rgb(120, 120, 120) color: inherit @ https://va.vercel-scripts.com/v1/script.debug.js:0
[    7582ms] [LOG] %c[Vercel Web Analytics]%c [view] http://localhost:3002/landing-ko-vf color: rgb(120, 120, 120) color: inherit {o: http://localhost:3002/landing-ko-vf, sv: 0.1.3, sdkn: @vercel/analytics/react, sdkv: 1.6.1, ts: 1777530866175} /_vercel/insights/view @ https://va.vercel-scripts.com/v1/script.debug.js:0
[    7582ms] [ERROR] Failed to load resource: the server responded with a status of 404 (Not Found) @ http://localhost:3002/_next/static/webpack/2ed8c5d234341932.webpack.hot-update.json:0
[    7777ms] [INFO] %cDownload the React DevTools for a better development experience: https://reactjs.org/link/react-devtools font-weight:bold @ webpack-internal:///./node_modules/react-dom/cjs/react-dom.development.js:29889
[    7835ms] [LOG] [HMR] connected @ webpack-internal:///./node_modules/next/dist/client/dev/error-overlay/websocket.js:45
[    7862ms] [ERROR] Failed to load resource: the server responded with a status of 404 (Not Found) @ http://localhost:3002/_next/static/webpack/2ed8c5d234341932.webpack.hot-update.json:0
[    7873ms] [LOG] %c[Vercel Web Analytics]%c Debug mode is enabled by default in development. No requests will be sent to the server. color: rgb(120, 120, 120) color: inherit @ https://va.vercel-scripts.com/v1/script.debug.js:0
[    7873ms] [LOG] %c[Vercel Web Analytics]%c [view] http://localhost:3002/landing-ko-vf color: rgb(120, 120, 120) color: inherit {o: http://localhost:3002/landing-ko-vf, sv: 0.1.3, sdkn: @vercel/analytics/react, sdkv: 1.6.1, ts: 1777530866466} /_vercel/insights/view @ https://va.vercel-scripts.com/v1/script.debug.js:0
[    8110ms] [INFO] %cDownload the React DevTools for a better development experience: https://reactjs.org/link/react-devtools font-weight:bold @ webpack-internal:///./node_modules/react-dom/cjs/react-dom.development.js:29889
[    8156ms] [LOG] [HMR] connected @ webpack-internal:///./node_modules/next/dist/client/dev/error-overlay/websocket.js:45
[    8180ms] [ERROR] Failed to load resource: the server responded with a status of 404 (Not Found) @ http://localhost:3002/_next/static/webpack/2ed8c5d234341932.webpack.hot-update.json:0
[    8191ms] [LOG] %c[Vercel Web Analytics]%c Debug mode is enabled by default in development. No requests will be sent to the server. color: rgb(120, 120, 120) color: inherit @ https://va.vercel-scripts.com/v1/script.debug.js:0
[    8191ms] [LOG] %c[Vercel Web Analytics]%c [view] http://localhost:3002/landing-ko-vf color: rgb(120, 120, 120) color: inherit {o: http://localhost:3002/landing-ko-vf, sv: 0.1.3, sdkn: @vercel/analytics/react, sdkv: 1.6.1, ts: 1777530866784} /_vercel/insights/view @ https://va.vercel-scripts.com/v1/script.debug.js:0
[    8429ms] [INFO] %cDownload the React DevTools for a better development experience: https://reactjs.org/link/react-devtools font-weight:bold @ webpack-internal:///./node_modules/react-dom/cjs/react-dom.development.js:29889
[    8476ms] [LOG] [HMR] connected @ webpack-internal:///./node_modules/next/dist/client/dev/error-overlay/websocket.js:45
[    8505ms] [ERROR] Failed to load resource: the server responded with a status of 404 (Not Found) @ http://localhost:3002/_next/static/webpack/2ed8c5d234341932.webpack.hot-update.json:0
[    8515ms] [LOG] %c[Vercel Web Analytics]%c Debug mode is enabled by default in development. No requests will be sent to the server. color: rgb(120, 120, 120) color: inherit @ https://va.vercel-scripts.com/v1/script.debug.js:0
[    8515ms] [LOG] %c[Vercel Web Analytics]%c [view] http://localhost:3002/landing-ko-vf color: rgb(120, 120, 120) color: inherit {o: http://localhost:3002/landing-ko-vf, sv: 0.1.3, sdkn: @vercel/analytics/react, sdkv: 1.6.1, ts: 1777530867108} /_vercel/insights/view @ https://va.vercel-scripts.com/v1/script.debug.js:0
[    8811ms] [INFO] %cDownload the React DevTools for a better development experience: https://reactjs.org/link/react-devtools font-weight:bold @ webpack-internal:///./node_modules/react-dom/cjs/react-dom.development.js:29889
[    8882ms] [LOG] [HMR] connected @ webpack-internal:///./node_modules/next/dist/client/dev/error-overlay/websocket.js:45
[    8913ms] [ERROR] Failed to load resource: the server responded with a status of 404 (Not Found) @ http://localhost:3002/_next/static/webpack/2ed8c5d234341932.webpack.hot-update.json:0
[    8924ms] [LOG] %c[Vercel Web Analytics]%c Debug mode is enabled by default in development. No requests will be sent to the server. color: rgb(120, 120, 120) color: inherit @ https://va.vercel-scripts.com/v1/script.debug.js:0
[    8924ms] [LOG] %c[Vercel Web Analytics]%c [view] http://localhost:3002/landing-ko-vf color: rgb(120, 120, 120) color: inherit {o: http://localhost:3002/landing-ko-vf, sv: 0.1.3, sdkn: @vercel/analytics/react, sdkv: 1.6.1, ts: 1777530867517} /_vercel/insights/view @ https://va.vercel-scripts.com/v1/script.debug.js:0
[    9153ms] [INFO] %cDownload the React DevTools for a better development experience: https://reactjs.org/link/react-devtools font-weight:bold @ webpack-internal:///./node_modules/react-dom/cjs/react-dom.development.js:29889
[    9200ms] [LOG] [HMR] connected @ webpack-internal:///./node_modules/next/dist/client/dev/error-overlay/websocket.js:45
[    9225ms] [ERROR] Failed to load resource: the server responded with a status of 404 (Not Found) @ http://localhost:3002/_next/static/webpack/2ed8c5d234341932.webpack.hot-update.json:0
[    9232ms] [LOG] %c[Vercel Web Analytics]%c Debug mode is enabled by default in development. No requests will be sent to the server. color: rgb(120, 120, 120) color: inherit @ https://va.vercel-scripts.com/v1/script.debug.js:0
[    9232ms] [LOG] %c[Vercel Web Analytics]%c [view] http://localhost:3002/landing-ko-vf color: rgb(120, 120, 120) color: inherit {o: http://localhost:3002/landing-ko-vf, sv: 0.1.3, sdkn: @vercel/analytics/react, sdkv: 1.6.1, ts: 1777530867826} /_vercel/insights/view @ https://va.vercel-scripts.com/v1/script.debug.js:0
[    9465ms] [INFO] %cDownload the React DevTools for a better development experience: https://reactjs.org/link/react-devtools font-weight:bold @ webpack-internal:///./node_modules/react-dom/cjs/react-dom.development.js:29889
[    9513ms] [LOG] [HMR] connected @ webpack-internal:///./node_modules/next/dist/client/dev/error-overlay/websocket.js:45
[    9601ms] [LOG] %c[Vercel Web Analytics]%c Debug mode is enabled by default in development. No requests will be sent to the server. color: rgb(120, 120, 120) color: inherit @ https://va.vercel-scripts.com/v1/script.debug.js:0
[    9601ms] [LOG] %c[Vercel Web Analytics]%c [view] http://localhost:3002/landing-ko-vf color: rgb(120, 120, 120) color: inherit {o: http://localhost:3002/landing-ko-vf, sv: 0.1.3, sdkn: @vercel/analytics/react, sdkv: 1.6.1, ts: 1777530868194} /_vercel/insights/view @ https://va.vercel-scripts.com/v1/script.debug.js:0
[    9604ms] [ERROR] Failed to load resource: the server responded with a status of 404 (Not Found) @ http://localhost:3002/_next/static/webpack/2ed8c5d234341932.webpack.hot-update.json:0
[    9828ms] [INFO] %cDownload the React DevTools for a better development experience: https://reactjs.org/link/react-devtools font-weight:bold @ webpack-internal:///./node_modules/react-dom/cjs/react-dom.development.js:29889
[    9877ms] [LOG] [HMR] connected @ webpack-internal:///./node_modules/next/dist/client/dev/error-overlay/websocket.js:45
[    9904ms] [ERROR] Failed to load resource: the server responded with a status of 404 (Not Found) @ http://localhost:3002/_next/static/webpack/2ed8c5d234341932.webpack.hot-update.json:0
[    9915ms] [LOG] %c[Vercel Web Analytics]%c Debug mode is enabled by default in development. No requests will be sent to the server. color: rgb(120, 120, 120) color: inherit @ https://va.vercel-scripts.com/v1/script.debug.js:0
[    9915ms] [LOG] %c[Vercel Web Analytics]%c [view] http://localhost:3002/landing-ko-vf color: rgb(120, 120, 120) color: inherit {o: http://localhost:3002/landing-ko-vf, sv: 0.1.3, sdkn: @vercel/analytics/react, sdkv: 1.6.1, ts: 1777530868508} /_vercel/insights/view @ https://va.vercel-scripts.com/v1/script.debug.js:0
[   10103ms] [INFO] %cDownload the React DevTools for a better development experience: https://reactjs.org/link/react-devtools font-weight:bold @ webpack-internal:///./node_modules/react-dom/cjs/react-dom.development.js:29889
[   10154ms] [LOG] [HMR] connected @ webpack-internal:///./node_modules/next/dist/client/dev/error-overlay/websocket.js:45
[   10184ms] [ERROR] Failed to load resource: the server responded with a status of 404 (Not Found) @ http://localhost:3002/_next/static/webpack/2ed8c5d234341932.webpack.hot-update.json:0
[   10196ms] [LOG] %c[Vercel Web Analytics]%c Debug mode is enabled by default in development. No requests will be sent to the server. color: rgb(120, 120, 120) color: inherit @ https://va.vercel-scripts.com/v1/script.debug.js:0
[   10197ms] [LOG] %c[Vercel Web Analytics]%c [view] http://localhost:3002/landing-ko-vf color: rgb(120, 120, 120) color: inherit {o: http://localhost:3002/landing-ko-vf, sv: 0.1.3, sdkn: @vercel/analytics/react, sdkv: 1.6.1, ts: 1777530868790} /_vercel/insights/view @ https://va.vercel-scripts.com/v1/script.debug.js:0
[   10425ms] [INFO] %cDownload the React DevTools for a better development experience: https://reactjs.org/link/react-devtools font-weight:bold @ webpack-internal:///./node_modules/react-dom/cjs/react-dom.development.js:29889
[   10477ms] [LOG] [HMR] connected @ webpack-internal:///./node_modules/next/dist/client/dev/error-overlay/websocket.js:45
[   10512ms] [ERROR] Failed to load resource: the server responded with a status of 404 (Not Found) @ http://localhost:3002/_next/static/webpack/2ed8c5d234341932.webpack.hot-update.json:0
[   10523ms] [LOG] %c[Vercel Web Analytics]%c Debug mode is enabled by default in development. No requests will be sent to the server. color: rgb(120, 120, 120) color: inherit @ https://va.vercel-scripts.com/v1/script.debug.js:0
[   10524ms] [LOG] %c[Vercel Web Analytics]%c [view] http://localhost:3002/landing-ko-vf color: rgb(120, 120, 120) color: inherit {o: http://localhost:3002/landing-ko-vf, sv: 0.1.3, sdkn: @vercel/analytics/react, sdkv: 1.6.1, ts: 1777530869117} /_vercel/insights/view @ https://va.vercel-scripts.com/v1/script.debug.js:0
[   10713ms] [INFO] %cDownload the React DevTools for a better development experience: https://reactjs.org/link/react-devtools font-weight:bold @ webpack-internal:///./node_modules/react-dom/cjs/react-dom.development.js:29889
[   10781ms] [LOG] [HMR] connected @ webpack-internal:///./node_modules/next/dist/client/dev/error-overlay/websocket.js:45
[   10820ms] [ERROR] Failed to load resource: the server responded with a status of 404 (Not Found) @ http://localhost:3002/_next/static/webpack/2ed8c5d234341932.webpack.hot-update.json:0
[   10838ms] [LOG] %c[Vercel Web Analytics]%c Debug mode is enabled by default in development. No requests will be sent to the server. color: rgb(120, 120, 120) color: inherit @ https://va.vercel-scripts.com/v1/script.debug.js:0
[   10838ms] [LOG] %c[Vercel Web Analytics]%c [view] http://localhost:3002/landing-ko-vf color: rgb(120, 120, 120) color: inherit {o: http://localhost:3002/landing-ko-vf, sv: 0.1.3, sdkn: @vercel/analytics/react, sdkv: 1.6.1, ts: 1777530869431} /_vercel/insights/view @ https://va.vercel-scripts.com/v1/script.debug.js:0
[   11018ms] [INFO] %cDownload the React DevTools for a better development experience: https://reactjs.org/link/react-devtools font-weight:bold @ webpack-internal:///./node_modules/react-dom/cjs/react-dom.development.js:29889
[   11066ms] [LOG] [HMR] connected @ webpack-internal:///./node_modules/next/dist/client/dev/error-overlay/websocket.js:45
[   11092ms] [ERROR] Failed to load resource: the server responded with a status of 404 (Not Found) @ http://localhost:3002/_next/static/webpack/2ed8c5d234341932.webpack.hot-update.json:0
[   11099ms] [LOG] %c[Vercel Web Analytics]%c Debug mode is enabled by default in development. No requests will be sent to the server. color: rgb(120, 120, 120) color: inherit @ https://va.vercel-scripts.com/v1/script.debug.js:0
[   11099ms] [LOG] %c[Vercel Web Analytics]%c [view] http://localhost:3002/landing-ko-vf color: rgb(120, 120, 120) color: inherit {o: http://localhost:3002/landing-ko-vf, sv: 0.1.3, sdkn: @vercel/analytics/react, sdkv: 1.6.1, ts: 1777530869692} /_vercel/insights/view @ https://va.vercel-scripts.com/v1/script.debug.js:0
[   11289ms] [INFO] %cDownload the React DevTools for a better development experience: https://reactjs.org/link/react-devtools font-weight:bold @ webpack-internal:///./node_modules/react-dom/cjs/react-dom.development.js:29889
[   11439ms] [LOG] [HMR] connected @ webpack-internal:///./node_modules/next/dist/client/dev/error-overlay/websocket.js:45
[   11470ms] [ERROR] Failed to load resource: the server responded with a status of 404 (Not Found) @ http://localhost:3002/_next/static/webpack/2ed8c5d234341932.webpack.hot-update.json:0
[   11482ms] [LOG] %c[Vercel Web Analytics]%c Debug mode is enabled by default in development. No requests will be sent to the server. color: rgb(120, 120, 120) color: inherit @ https://va.vercel-scripts.com/v1/script.debug.js:0
[   11482ms] [LOG] %c[Vercel Web Analytics]%c [view] http://localhost:3002/landing-ko-vf color: rgb(120, 120, 120) color: inherit {o: http://localhost:3002/landing-ko-vf, sv: 0.1.3, sdkn: @vercel/analytics/react, sdkv: 1.6.1, ts: 1777530870076} /_vercel/insights/view @ https://va.vercel-scripts.com/v1/script.debug.js:0
[   11666ms] [INFO] %cDownload the React DevTools for a better development experience: https://reactjs.org/link/react-devtools font-weight:bold @ webpack-internal:///./node_modules/react-dom/cjs/react-dom.development.js:29889
[   11714ms] [LOG] [HMR] connected @ webpack-internal:///./node_modules/next/dist/client/dev/error-overlay/websocket.js:45
[   11737ms] [ERROR] Failed to load resource: the server responded with a status of 404 (Not Found) @ http://localhost:3002/_next/static/webpack/2ed8c5d234341932.webpack.hot-update.json:0
[   11748ms] [LOG] %c[Vercel Web Analytics]%c Debug mode is enabled by default in development. No requests will be sent to the server. color: rgb(120, 120, 120) color: inherit @ https://va.vercel-scripts.com/v1/script.debug.js:0
[   11748ms] [LOG] %c[Vercel Web Analytics]%c [view] http://localhost:3002/landing-ko-vf color: rgb(120, 120, 120) color: inherit {o: http://localhost:3002/landing-ko-vf, sv: 0.1.3, sdkn: @vercel/analytics/react, sdkv: 1.6.1, ts: 1777530870341} /_vercel/insights/view @ https://va.vercel-scripts.com/v1/script.debug.js:0
[   11982ms] [INFO] %cDownload the React DevTools for a better development experience: https://reactjs.org/link/react-devtools font-weight:bold @ webpack-internal:///./node_modules/react-dom/cjs/react-dom.development.js:29889
[   12030ms] [LOG] [HMR] connected @ webpack-internal:///./node_modules/next/dist/client/dev/error-overlay/websocket.js:45
[   12059ms] [ERROR] Failed to load resource: the server responded with a status of 404 (Not Found) @ http://localhost:3002/_next/static/webpack/2ed8c5d234341932.webpack.hot-update.json:0
[   12065ms] [LOG] %c[Vercel Web Analytics]%c Debug mode is enabled by default in development. No requests will be sent to the server. color: rgb(120, 120, 120) color: inherit @ https://va.vercel-scripts.com/v1/script.debug.js:0
[   12065ms] [LOG] %c[Vercel Web Analytics]%c [view] http://localhost:3002/landing-ko-vf color: rgb(120, 120, 120) color: inherit {o: http://localhost:3002/landing-ko-vf, sv: 0.1.3, sdkn: @vercel/analytics/react, sdkv: 1.6.1, ts: 1777530870658} /_vercel/insights/view @ https://va.vercel-scripts.com/v1/script.debug.js:0
[   12270ms] [INFO] %cDownload the React DevTools for a better development experience: https://reactjs.org/link/react-devtools font-weight:bold @ webpack-internal:///./node_modules/react-dom/cjs/react-dom.development.js:29889
[   12317ms] [LOG] [HMR] connected @ webpack-internal:///./node_modules/next/dist/client/dev/error-overlay/websocket.js:45
[   12346ms] [ERROR] Failed to load resource: the server responded with a status of 404 (Not Found) @ http://localhost:3002/_next/static/webpack/2ed8c5d234341932.webpack.hot-update.json:0
[   12356ms] [LOG] %c[Vercel Web Analytics]%c Debug mode is enabled by default in development. No requests will be sent to the server. color: rgb(120, 120, 120) color: inherit @ https://va.vercel-scripts.com/v1/script.debug.js:0
[   12356ms] [LOG] %c[Vercel Web Analytics]%c [view] http://localhost:3002/landing-ko-vf color: rgb(120, 120, 120) color: inherit {o: http://localhost:3002/landing-ko-vf, sv: 0.1.3, sdkn: @vercel/analytics/react, sdkv: 1.6.1, ts: 1777530870950} /_vercel/insights/view @ https://va.vercel-scripts.com/v1/script.debug.js:0
[   12647ms] [INFO] %cDownload the React DevTools for a better development experience: https://reactjs.org/link/react-devtools font-weight:bold @ webpack-internal:///./node_modules/react-dom/cjs/react-dom.development.js:29889
[   12694ms] [LOG] [HMR] connected @ webpack-internal:///./node_modules/next/dist/client/dev/error-overlay/websocket.js:45
[   12721ms] [ERROR] Failed to load resource: the server responded with a status of 404 (Not Found) @ http://localhost:3002/_next/static/webpack/2ed8c5d234341932.webpack.hot-update.json:0
[   12731ms] [LOG] %c[Vercel Web Analytics]%c Debug mode is enabled by default in development. No requests will be sent to the server. color: rgb(120, 120, 120) color: inherit @ https://va.vercel-scripts.com/v1/script.debug.js:0
[   12731ms] [LOG] %c[Vercel Web Analytics]%c [view] http://localhost:3002/landing-ko-vf color: rgb(120, 120, 120) color: inherit {o: http://localhost:3002/landing-ko-vf, sv: 0.1.3, sdkn: @vercel/analytics/react, sdkv: 1.6.1, ts: 1777530871325} /_vercel/insights/view @ https://va.vercel-scripts.com/v1/script.debug.js:0
[   12904ms] [INFO] %cDownload the React DevTools for a better development experience: https://reactjs.org/link/react-devtools font-weight:bold @ webpack-internal:///./node_modules/react-dom/cjs/react-dom.development.js:29889
[   12962ms] [LOG] [HMR] connected @ webpack-internal:///./node_modules/next/dist/client/dev/error-overlay/websocket.js:45
[   13034ms] [LOG] %c[Vercel Web Analytics]%c Debug mode is enabled by default in development. No requests will be sent to the server. color: rgb(120, 120, 120) color: inherit @ https://va.vercel-scripts.com/v1/script.debug.js:0
[   13034ms] [LOG] %c[Vercel Web Analytics]%c [view] http://localhost:3002/landing-ko-vf color: rgb(120, 120, 120) color: inherit {o: http://localhost:3002/landing-ko-vf, sv: 0.1.3, sdkn: @vercel/analytics/react, sdkv: 1.6.1, ts: 1777530871628} /_vercel/insights/view @ https://va.vercel-scripts.com/v1/script.debug.js:0
[   13035ms] [ERROR] Failed to load resource: the server responded with a status of 404 (Not Found) @ http://localhost:3002/_next/static/webpack/2ed8c5d234341932.webpack.hot-update.json:0
[   13223ms] [INFO] %cDownload the React DevTools for a better development experience: https://reactjs.org/link/react-devtools font-weight:bold @ webpack-internal:///./node_modules/react-dom/cjs/react-dom.development.js:29889
[   13291ms] [LOG] [HMR] connected @ webpack-internal:///./node_modules/next/dist/client/dev/error-overlay/websocket.js:45
[   13321ms] [ERROR] Failed to load resource: the server responded with a status of 404 (Not Found) @ http://localhost:3002/_next/static/webpack/2ed8c5d234341932.webpack.hot-update.json:0
[   13331ms] [LOG] %c[Vercel Web Analytics]%c Debug mode is enabled by default in development. No requests will be sent to the server. color: rgb(120, 120, 120) color: inherit @ https://va.vercel-scripts.com/v1/script.debug.js:0
[   13331ms] [LOG] %c[Vercel Web Analytics]%c [view] http://localhost:3002/landing-ko-vf color: rgb(120, 120, 120) color: inherit {o: http://localhost:3002/landing-ko-vf, sv: 0.1.3, sdkn: @vercel/analytics/react, sdkv: 1.6.1, ts: 1777530871925} /_vercel/insights/view @ https://va.vercel-scripts.com/v1/script.debug.js:0
[   13621ms] [INFO] %cDownload the React DevTools for a better development experience: https://reactjs.org/link/react-devtools font-weight:bold @ webpack-internal:///./node_modules/react-dom/cjs/react-dom.development.js:29889
[   13668ms] [LOG] [HMR] connected @ webpack-internal:///./node_modules/next/dist/client/dev/error-overlay/websocket.js:45
[   13696ms] [ERROR] Failed to load resource: the server responded with a status of 404 (Not Found) @ http://localhost:3002/_next/static/webpack/2ed8c5d234341932.webpack.hot-update.json:0
[   13707ms] [LOG] %c[Vercel Web Analytics]%c Debug mode is enabled by default in development. No requests will be sent to the server. color: rgb(120, 120, 120) color: inherit @ https://va.vercel-scripts.com/v1/script.debug.js:0
[   13707ms] [LOG] %c[Vercel Web Analytics]%c [view] http://localhost:3002/landing-ko-vf color: rgb(120, 120, 120) color: inherit {o: http://localhost:3002/landing-ko-vf, sv: 0.1.3, sdkn: @vercel/analytics/react, sdkv: 1.6.1, ts: 1777530872300} /_vercel/insights/view @ https://va.vercel-scripts.com/v1/script.debug.js:0
[   13879ms] [INFO] %cDownload the React DevTools for a better development experience: https://reactjs.org/link/react-devtools font-weight:bold @ webpack-internal:///./node_modules/react-dom/cjs/react-dom.development.js:29889
[   13926ms] [LOG] [HMR] connected @ webpack-internal:///./node_modules/next/dist/client/dev/error-overlay/websocket.js:45
[   14016ms] [LOG] %c[Vercel Web Analytics]%c Debug mode is enabled by default in development. No requests will be sent to the server. color: rgb(120, 120, 120) color: inherit @ https://va.vercel-scripts.com/v1/script.debug.js:0
[   14016ms] [LOG] %c[Vercel Web Analytics]%c [view] http://localhost:3002/landing-ko-vf color: rgb(120, 120, 120) color: inherit {o: http://localhost:3002/landing-ko-vf, sv: 0.1.3, sdkn: @vercel/analytics/react, sdkv: 1.6.1, ts: 1777530872609} /_vercel/insights/view @ https://va.vercel-scripts.com/v1/script.debug.js:0
[   14016ms] [ERROR] Failed to load resource: the server responded with a status of 404 (Not Found) @ http://localhost:3002/_next/static/webpack/2ed8c5d234341932.webpack.hot-update.json:0
[   14223ms] [INFO] %cDownload the React DevTools for a better development experience: https://reactjs.org/link/react-devtools font-weight:bold @ webpack-internal:///./node_modules/react-dom/cjs/react-dom.development.js:29889
[   14270ms] [LOG] [HMR] connected @ webpack-internal:///./node_modules/next/dist/client/dev/error-overlay/websocket.js:45
[   14307ms] [LOG] %c[Vercel Web Analytics]%c Debug mode is enabled by default in development. No requests will be sent to the server. color: rgb(120, 120, 120) color: inherit @ https://va.vercel-scripts.com/v1/script.debug.js:0
[   14307ms] [LOG] %c[Vercel Web Analytics]%c [view] http://localhost:3002/landing-ko-vf color: rgb(120, 120, 120) color: inherit {o: http://localhost:3002/landing-ko-vf, sv: 0.1.3, sdkn: @vercel/analytics/react, sdkv: 1.6.1, ts: 1777530872901} /_vercel/insights/view @ https://va.vercel-scripts.com/v1/script.debug.js:0
[   14331ms] [ERROR] Failed to load resource: the server responded with a status of 404 (Not Found) @ http://localhost:3002/_next/static/webpack/2ed8c5d234341932.webpack.hot-update.json:0
[   14540ms] [INFO] %cDownload the React DevTools for a better development experience: https://reactjs.org/link/react-devtools font-weight:bold @ webpack-internal:///./node_modules/react-dom/cjs/react-dom.development.js:29889
[   14608ms] [LOG] [HMR] connected @ webpack-internal:///./node_modules/next/dist/client/dev/error-overlay/websocket.js:45
[   14639ms] [ERROR] Failed to load resource: the server responded with a status of 404 (Not Found) @ http://localhost:3002/_next/static/webpack/2ed8c5d234341932.webpack.hot-update.json:0
[   14650ms] [LOG] %c[Vercel Web Analytics]%c Debug mode is enabled by default in development. No requests will be sent to the server. color: rgb(120, 120, 120) color: inherit @ https://va.vercel-scripts.com/v1/script.debug.js:0
[   14650ms] [LOG] %c[Vercel Web Analytics]%c [view] http://localhost:3002/landing-ko-vf color: rgb(120, 120, 120) color: inherit {o: http://localhost:3002/landing-ko-vf, sv: 0.1.3, sdkn: @vercel/analytics/react, sdkv: 1.6.1, ts: 1777530873243} /_vercel/insights/view @ https://va.vercel-scripts.com/v1/script.debug.js:0
[   14823ms] [INFO] %cDownload the React DevTools for a better development experience: https://reactjs.org/link/react-devtools font-weight:bold @ webpack-internal:///./node_modules/react-dom/cjs/react-dom.development.js:29889
[   14874ms] [LOG] [HMR] connected @ webpack-internal:///./node_modules/next/dist/client/dev/error-overlay/websocket.js:45
[   14907ms] [ERROR] Failed to load resource: the server responded with a status of 404 (Not Found) @ http://localhost:3002/_next/static/webpack/2ed8c5d234341932.webpack.hot-update.json:0
[   14918ms] [LOG] %c[Vercel Web Analytics]%c Debug mode is enabled by default in development. No requests will be sent to the server. color: rgb(120, 120, 120) color: inherit @ https://va.vercel-scripts.com/v1/script.debug.js:0
[   14918ms] [LOG] %c[Vercel Web Analytics]%c [view] http://localhost:3002/landing-ko-vf color: rgb(120, 120, 120) color: inherit {o: http://localhost:3002/landing-ko-vf, sv: 0.1.3, sdkn: @vercel/analytics/react, sdkv: 1.6.1, ts: 1777530873511} /_vercel/insights/view @ https://va.vercel-scripts.com/v1/script.debug.js:0
[   15088ms] [INFO] %cDownload the React DevTools for a better development experience: https://reactjs.org/link/react-devtools font-weight:bold @ webpack-internal:///./node_modules/react-dom/cjs/react-dom.development.js:29889
[   15137ms] [LOG] [HMR] connected @ webpack-internal:///./node_modules/next/dist/client/dev/error-overlay/websocket.js:45
[   15168ms] [ERROR] Failed to load resource: the server responded with a status of 404 (Not Found) @ http://localhost:3002/_next/static/webpack/2ed8c5d234341932.webpack.hot-update.json:0
[   15178ms] [LOG] %c[Vercel Web Analytics]%c Debug mode is enabled by default in development. No requests will be sent to the server. color: rgb(120, 120, 120) color: inherit @ https://va.vercel-scripts.com/v1/script.debug.js:0
[   15179ms] [LOG] %c[Vercel Web Analytics]%c [view] http://localhost:3002/landing-ko-vf color: rgb(120, 120, 120) color: inherit {o: http://localhost:3002/landing-ko-vf, sv: 0.1.3, sdkn: @vercel/analytics/react, sdkv: 1.6.1, ts: 1777530873772} /_vercel/insights/view @ https://va.vercel-scripts.com/v1/script.debug.js:0
[   15358ms] [INFO] %cDownload the React DevTools for a better development experience: https://reactjs.org/link/react-devtools font-weight:bold @ webpack-internal:///./node_modules/react-dom/cjs/react-dom.development.js:29889
[   15423ms] [LOG] [HMR] connected @ webpack-internal:///./node_modules/next/dist/client/dev/error-overlay/websocket.js:45
[   15458ms] [ERROR] Failed to load resource: the server responded with a status of 404 (Not Found) @ http://localhost:3002/_next/static/webpack/2ed8c5d234341932.webpack.hot-update.json:0
[   15470ms] [LOG] %c[Vercel Web Analytics]%c Debug mode is enabled by default in development. No requests will be sent to the server. color: rgb(120, 120, 120) color: inherit @ https://va.vercel-scripts.com/v1/script.debug.js:0
[   15470ms] [LOG] %c[Vercel Web Analytics]%c [view] http://localhost:3002/landing-ko-vf color: rgb(120, 120, 120) color: inherit {o: http://localhost:3002/landing-ko-vf, sv: 0.1.3, sdkn: @vercel/analytics/react, sdkv: 1.6.1, ts: 1777530874063} /_vercel/insights/view @ https://va.vercel-scripts.com/v1/script.debug.js:0
[   15722ms] [INFO] %cDownload the React DevTools for a better development experience: https://reactjs.org/link/react-devtools font-weight:bold @ webpack-internal:///./node_modules/react-dom/cjs/react-dom.development.js:29889
[   15775ms] [LOG] [HMR] connected @ webpack-internal:///./node_modules/next/dist/client/dev/error-overlay/websocket.js:45
[   15903ms] [LOG] %c[Vercel Web Analytics]%c Debug mode is enabled by default in development. No requests will be sent to the server. color: rgb(120, 120, 120) color: inherit @ https://va.vercel-scripts.com/v1/script.debug.js:0
[   15903ms] [LOG] %c[Vercel Web Analytics]%c [view] http://localhost:3002/landing-ko-vf color: rgb(120, 120, 120) color: inherit {o: http://localhost:3002/landing-ko-vf, sv: 0.1.3, sdkn: @vercel/analytics/react, sdkv: 1.6.1, ts: 1777530874497} /_vercel/insights/view @ https://va.vercel-scripts.com/v1/script.debug.js:0
[   15903ms] [ERROR] Failed to load resource: the server responded with a status of 404 (Not Found) @ http://localhost:3002/_next/static/webpack/2ed8c5d234341932.webpack.hot-update.json:0
[   16147ms] [INFO] %cDownload the React DevTools for a better development experience: https://reactjs.org/link/react-devtools font-weight:bold @ webpack-internal:///./node_modules/react-dom/cjs/react-dom.development.js:29889
[   16194ms] [LOG] [HMR] connected @ webpack-internal:///./node_modules/next/dist/client/dev/error-overlay/websocket.js:45
[   16221ms] [ERROR] Failed to load resource: the server responded with a status of 404 (Not Found) @ http://localhost:3002/_next/static/webpack/2ed8c5d234341932.webpack.hot-update.json:0
[   16232ms] [LOG] %c[Vercel Web Analytics]%c Debug mode is enabled by default in development. No requests will be sent to the server. color: rgb(120, 120, 120) color: inherit @ https://va.vercel-scripts.com/v1/script.debug.js:0
[   16232ms] [LOG] %c[Vercel Web Analytics]%c [view] http://localhost:3002/landing-ko-vf color: rgb(120, 120, 120) color: inherit {o: http://localhost:3002/landing-ko-vf, sv: 0.1.3, sdkn: @vercel/analytics/react, sdkv: 1.6.1, ts: 1777530874825} /_vercel/insights/view @ https://va.vercel-scripts.com/v1/script.debug.js:0
[   16483ms] [INFO] %cDownload the React DevTools for a better development experience: https://reactjs.org/link/react-devtools font-weight:bold @ webpack-internal:///./node_modules/react-dom/cjs/react-dom.development.js:29889
[   16532ms] [LOG] [HMR] connected @ webpack-internal:///./node_modules/next/dist/client/dev/error-overlay/websocket.js:45
[   16573ms] [ERROR] Warning: Extra attributes from the server: %s%s style 
    at input
    at form
    at div
    at MotionComponent (webpack-internal:///./node_modules/framer-motion/dist/es/motion/index.mjs:54:65)
    at Reveal (webpack-internal:///./src/components/landing/Animation/Reveal.tsx:42:11)
    at section
    at main
    at div
    at LandingKoVfPage (webpack-internal:///./src/pages/landing-ko-vf.tsx:2036:86)
    at div
    at QueryClientProvider (webpack-internal:///./node_modules/@tanstack/react-query/build/modern/QueryClientProvider.js:28:3)
    at ReactQueryProvider (webpack-internal:///./src/components/Provider.tsx:15:11)
    at App (webpack-internal:///./src/pages/_app.tsx:71:11)
    at PathnameContextProviderAdapter (webpack-internal:///./node_modules/next/dist/shared/lib/router/adapters.js:79:11)
    at ErrorBoundary (webpack-internal:///./node_modules/next/dist/compiled/@next/react-dev-overlay/dist/client.js:2:5389)
    at ReactDevOverlay (webpack-internal:///./node_modules/next/dist/compiled/@next/react-dev-overlay/dist/client.js:2:7785)
    at Container (webpack-internal:///./node_modules/next/dist/client/index.js:78:1)
    at AppContainer (webpack-internal:///./node_modules/next/dist/client/index.js:182:11)
    at Root (webpack-internal:///./node_modules/next/dist/client/index.js:396:11) @ webpack-internal:///./node_modules/next/dist/compiled/@next/react-dev-overlay/dist/client.js:1
[   16588ms] [LOG] %c[Vercel Web Analytics]%c Debug mode is enabled by default in development. No requests will be sent to the server. color: rgb(120, 120, 120) color: inherit @ https://va.vercel-scripts.com/v1/script.debug.js:0
[   16588ms] [LOG] %c[Vercel Web Analytics]%c [view] http://localhost:3002/landing-ko-vf color: rgb(120, 120, 120) color: inherit {o: http://localhost:3002/landing-ko-vf, sv: 0.1.3, sdkn: @vercel/analytics/react, sdkv: 1.6.1, ts: 1777530875182} /_vercel/insights/view @ https://va.vercel-scripts.com/v1/script.debug.js:0
[   16608ms] [ERROR] Failed to load resource: the server responded with a status of 404 (Not Found) @ http://localhost:3002/_next/static/webpack/2ed8c5d234341932.webpack.hot-update.json:0
[   16817ms] [INFO] %cDownload the React DevTools for a better development experience: https://reactjs.org/link/react-devtools font-weight:bold @ webpack-internal:///./node_modules/react-dom/cjs/react-dom.development.js:29889
[   16869ms] [LOG] [HMR] connected @ webpack-internal:///./node_modules/next/dist/client/dev/error-overlay/websocket.js:45
[   16906ms] [LOG] %c[Vercel Web Analytics]%c Debug mode is enabled by default in development. No requests will be sent to the server. color: rgb(120, 120, 120) color: inherit @ https://va.vercel-scripts.com/v1/script.debug.js:0
[   16906ms] [LOG] %c[Vercel Web Analytics]%c [view] http://localhost:3002/landing-ko-vf color: rgb(120, 120, 120) color: inherit {o: http://localhost:3002/landing-ko-vf, sv: 0.1.3, sdkn: @vercel/analytics/react, sdkv: 1.6.1, ts: 1777530875500} /_vercel/insights/view @ https://va.vercel-scripts.com/v1/script.debug.js:0
[   16907ms] [ERROR] Failed to load resource: the server responded with a status of 404 (Not Found) @ http://localhost:3002/_next/static/webpack/2ed8c5d234341932.webpack.hot-update.json:0
[   17251ms] [INFO] %cDownload the React DevTools for a better development experience: https://reactjs.org/link/react-devtools font-weight:bold @ webpack-internal:///./node_modules/react-dom/cjs/react-dom.development.js:29889
[   17298ms] [LOG] [HMR] connected @ webpack-internal:///./node_modules/next/dist/client/dev/error-overlay/websocket.js:45
[   17325ms] [ERROR] Failed to load resource: the server responded with a status of 404 (Not Found) @ http://localhost:3002/_next/static/webpack/2ed8c5d234341932.webpack.hot-update.json:0
[   17336ms] [LOG] %c[Vercel Web Analytics]%c Debug mode is enabled by default in development. No requests will be sent to the server. color: rgb(120, 120, 120) color: inherit @ https://va.vercel-scripts.com/v1/script.debug.js:0
[   17336ms] [LOG] %c[Vercel Web Analytics]%c [view] http://localhost:3002/landing-ko-vf color: rgb(120, 120, 120) color: inherit {o: http://localhost:3002/landing-ko-vf, sv: 0.1.3, sdkn: @vercel/analytics/react, sdkv: 1.6.1, ts: 1777530875929} /_vercel/insights/view @ https://va.vercel-scripts.com/v1/script.debug.js:0
[   17505ms] [INFO] %cDownload the React DevTools for a better development experience: https://reactjs.org/link/react-devtools font-weight:bold @ webpack-internal:///./node_modules/react-dom/cjs/react-dom.development.js:29889
[   17569ms] [LOG] [HMR] connected @ webpack-internal:///./node_modules/next/dist/client/dev/error-overlay/websocket.js:45
[   17607ms] [ERROR] Failed to load resource: the server responded with a status of 404 (Not Found) @ http://localhost:3002/_next/static/webpack/2ed8c5d234341932.webpack.hot-update.json:0
[   17613ms] [LOG] %c[Vercel Web Analytics]%c Debug mode is enabled by default in development. No requests will be sent to the server. color: rgb(120, 120, 120) color: inherit @ https://va.vercel-scripts.com/v1/script.debug.js:0
[   17613ms] [LOG] %c[Vercel Web Analytics]%c [view] http://localhost:3002/landing-ko-vf color: rgb(120, 120, 120) color: inherit {o: http://localhost:3002/landing-ko-vf, sv: 0.1.3, sdkn: @vercel/analytics/react, sdkv: 1.6.1, ts: 1777530876207} /_vercel/insights/view @ https://va.vercel-scripts.com/v1/script.debug.js:0
[   17875ms] [INFO] %cDownload the React DevTools for a better development experience: https://reactjs.org/link/react-devtools font-weight:bold @ webpack-internal:///./node_modules/react-dom/cjs/react-dom.development.js:29889
[   17927ms] [LOG] [HMR] connected @ webpack-internal:///./node_modules/next/dist/client/dev/error-overlay/websocket.js:45
[   17958ms] [ERROR] Failed to load resource: the server responded with a status of 404 (Not Found) @ http://localhost:3002/_next/static/webpack/2ed8c5d234341932.webpack.hot-update.json:0
[   17969ms] [LOG] %c[Vercel Web Analytics]%c Debug mode is enabled by default in development. No requests will be sent to the server. color: rgb(120, 120, 120) color: inherit @ https://va.vercel-scripts.com/v1/script.debug.js:0
[   17969ms] [LOG] %c[Vercel Web Analytics]%c [view] http://localhost:3002/landing-ko-vf color: rgb(120, 120, 120) color: inherit {o: http://localhost:3002/landing-ko-vf, sv: 0.1.3, sdkn: @vercel/analytics/react, sdkv: 1.6.1, ts: 1777530876563} /_vercel/insights/view @ https://va.vercel-scripts.com/v1/script.debug.js:0
[   18142ms] [INFO] %cDownload the React DevTools for a better development experience: https://reactjs.org/link/react-devtools font-weight:bold @ webpack-internal:///./node_modules/react-dom/cjs/react-dom.development.js:29889
[   18192ms] [LOG] [HMR] connected @ webpack-internal:///./node_modules/next/dist/client/dev/error-overlay/websocket.js:45
[   18217ms] [ERROR] Failed to load resource: the server responded with a status of 404 (Not Found) @ http://localhost:3002/_next/static/webpack/2ed8c5d234341932.webpack.hot-update.json:0
[   18228ms] [LOG] %c[Vercel Web Analytics]%c Debug mode is enabled by default in development. No requests will be sent to the server. color: rgb(120, 120, 120) color: inherit @ https://va.vercel-scripts.com/v1/script.debug.js:0
[   18228ms] [LOG] %c[Vercel Web Analytics]%c [view] http://localhost:3002/landing-ko-vf color: rgb(120, 120, 120) color: inherit {o: http://localhost:3002/landing-ko-vf, sv: 0.1.3, sdkn: @vercel/analytics/react, sdkv: 1.6.1, ts: 1777530876822} /_vercel/insights/view @ https://va.vercel-scripts.com/v1/script.debug.js:0
[   18410ms] [INFO] %cDownload the React DevTools for a better development experience: https://reactjs.org/link/react-devtools font-weight:bold @ webpack-internal:///./node_modules/react-dom/cjs/react-dom.development.js:29889
[   18457ms] [LOG] [HMR] connected @ webpack-internal:///./node_modules/next/dist/client/dev/error-overlay/websocket.js:45
[   18483ms] [ERROR] Failed to load resource: the server responded with a status of 404 (Not Found) @ http://localhost:3002/_next/static/webpack/2ed8c5d234341932.webpack.hot-update.json:0
[   18494ms] [LOG] %c[Vercel Web Analytics]%c Debug mode is enabled by default in development. No requests will be sent to the server. color: rgb(120, 120, 120) color: inherit @ https://va.vercel-scripts.com/v1/script.debug.js:0
[   18494ms] [LOG] %c[Vercel Web Analytics]%c [view] http://localhost:3002/landing-ko-vf color: rgb(120, 120, 120) color: inherit {o: http://localhost:3002/landing-ko-vf, sv: 0.1.3, sdkn: @vercel/analytics/react, sdkv: 1.6.1, ts: 1777530877088} /_vercel/insights/view @ https://va.vercel-scripts.com/v1/script.debug.js:0
[   18673ms] [INFO] %cDownload the React DevTools for a better development experience: https://reactjs.org/link/react-devtools font-weight:bold @ webpack-internal:///./node_modules/react-dom/cjs/react-dom.development.js:29889
[   18771ms] [LOG] [HMR] connected @ webpack-internal:///./node_modules/next/dist/client/dev/error-overlay/websocket.js:45
[   18809ms] [ERROR] Failed to load resource: the server responded with a status of 404 (Not Found) @ http://localhost:3002/_next/static/webpack/2ed8c5d234341932.webpack.hot-update.json:0
[   18819ms] [LOG] %c[Vercel Web Analytics]%c Debug mode is enabled by default in development. No requests will be sent to the server. color: rgb(120, 120, 120) color: inherit @ https://va.vercel-scripts.com/v1/script.debug.js:0
[   18820ms] [LOG] %c[Vercel Web Analytics]%c [view] http://localhost:3002/landing-ko-vf color: rgb(120, 120, 120) color: inherit {o: http://localhost:3002/landing-ko-vf, sv: 0.1.3, sdkn: @vercel/analytics/react, sdkv: 1.6.1, ts: 1777530877413} /_vercel/insights/view @ https://va.vercel-scripts.com/v1/script.debug.js:0
[   18990ms] [INFO] %cDownload the React DevTools for a better development experience: https://reactjs.org/link/react-devtools font-weight:bold @ webpack-internal:///./node_modules/react-dom/cjs/react-dom.development.js:29889
[   19037ms] [LOG] [HMR] connected @ webpack-internal:///./node_modules/next/dist/client/dev/error-overlay/websocket.js:45
[   19058ms] [ERROR] Failed to load resource: the server responded with a status of 404 (Not Found) @ http://localhost:3002/_next/static/webpack/2ed8c5d234341932.webpack.hot-update.json:0
[   19069ms] [LOG] %c[Vercel Web Analytics]%c Debug mode is enabled by default in development. No requests will be sent to the server. color: rgb(120, 120, 120) color: inherit @ https://va.vercel-scripts.com/v1/script.debug.js:0
[   19069ms] [LOG] %c[Vercel Web Analytics]%c [view] http://localhost:3002/landing-ko-vf color: rgb(120, 120, 120) color: inherit {o: http://localhost:3002/landing-ko-vf, sv: 0.1.3, sdkn: @vercel/analytics/react, sdkv: 1.6.1, ts: 1777530877663} /_vercel/insights/view @ https://va.vercel-scripts.com/v1/script.debug.js:0
[   19243ms] [INFO] %cDownload the React DevTools for a better development experience: https://reactjs.org/link/react-devtools font-weight:bold @ webpack-internal:///./node_modules/react-dom/cjs/react-dom.development.js:29889
[   19297ms] [LOG] [HMR] connected @ webpack-internal:///./node_modules/next/dist/client/dev/error-overlay/websocket.js:45
[   19334ms] [ERROR] Failed to load resource: the server responded with a status of 404 (Not Found) @ http://localhost:3002/_next/static/webpack/2ed8c5d234341932.webpack.hot-update.json:0
[   19344ms] [LOG] %c[Vercel Web Analytics]%c Debug mode is enabled by default in development. No requests will be sent to the server. color: rgb(120, 120, 120) color: inherit @ https://va.vercel-scripts.com/v1/script.debug.js:0
[   19345ms] [LOG] %c[Vercel Web Analytics]%c [view] http://localhost:3002/landing-ko-vf color: rgb(120, 120, 120) color: inherit {o: http://localhost:3002/landing-ko-vf, sv: 0.1.3, sdkn: @vercel/analytics/react, sdkv: 1.6.1, ts: 1777530877938} /_vercel/insights/view @ https://va.vercel-scripts.com/v1/script.debug.js:0
[   19646ms] [INFO] %cDownload the React DevTools for a better development experience: https://reactjs.org/link/react-devtools font-weight:bold @ webpack-internal:///./node_modules/react-dom/cjs/react-dom.development.js:29889
[   19697ms] [LOG] [HMR] connected @ webpack-internal:///./node_modules/next/dist/client/dev/error-overlay/websocket.js:45
[   19726ms] [ERROR] Failed to load resource: the server responded with a status of 404 (Not Found) @ http://localhost:3002/_next/static/webpack/2ed8c5d234341932.webpack.hot-update.json:0
[   19737ms] [LOG] %c[Vercel Web Analytics]%c Debug mode is enabled by default in development. No requests will be sent to the server. color: rgb(120, 120, 120) color: inherit @ https://va.vercel-scripts.com/v1/script.debug.js:0
[   19737ms] [LOG] %c[Vercel Web Analytics]%c [view] http://localhost:3002/landing-ko-vf color: rgb(120, 120, 120) color: inherit {o: http://localhost:3002/landing-ko-vf, sv: 0.1.3, sdkn: @vercel/analytics/react, sdkv: 1.6.1, ts: 1777530878331} /_vercel/insights/view @ https://va.vercel-scripts.com/v1/script.debug.js:0
[   20044ms] [INFO] %cDownload the React DevTools for a better development experience: https://reactjs.org/link/react-devtools font-weight:bold @ webpack-internal:///./node_modules/react-dom/cjs/react-dom.development.js:29889
[   20105ms] [LOG] [HMR] connected @ webpack-internal:///./node_modules/next/dist/client/dev/error-overlay/websocket.js:45
[   20149ms] [ERROR] Failed to load resource: the server responded with a status of 404 (Not Found) @ http://localhost:3002/_next/static/webpack/2ed8c5d234341932.webpack.hot-update.json:0
[   20162ms] [LOG] %c[Vercel Web Analytics]%c Debug mode is enabled by default in development. No requests will be sent to the server. color: rgb(120, 120, 120) color: inherit @ https://va.vercel-scripts.com/v1/script.debug.js:0
[   20162ms] [LOG] %c[Vercel Web Analytics]%c [view] http://localhost:3002/landing-ko-vf color: rgb(120, 120, 120) color: inherit {o: http://localhost:3002/landing-ko-vf, sv: 0.1.3, sdkn: @vercel/analytics/react, sdkv: 1.6.1, ts: 1777530878756} /_vercel/insights/view @ https://va.vercel-scripts.com/v1/script.debug.js:0
[   20366ms] [INFO] %cDownload the React DevTools for a better development experience: https://reactjs.org/link/react-devtools font-weight:bold @ webpack-internal:///./node_modules/react-dom/cjs/react-dom.development.js:29889
[   20412ms] [LOG] [HMR] connected @ webpack-internal:///./node_modules/next/dist/client/dev/error-overlay/websocket.js:45
[   20441ms] [ERROR] Failed to load resource: the server responded with a status of 404 (Not Found) @ http://localhost:3002/_next/static/webpack/2ed8c5d234341932.webpack.hot-update.json:0
[   20451ms] [LOG] %c[Vercel Web Analytics]%c Debug mode is enabled by default in development. No requests will be sent to the server. color: rgb(120, 120, 120) color: inherit @ https://va.vercel-scripts.com/v1/script.debug.js:0
[   20452ms] [LOG] %c[Vercel Web Analytics]%c [view] http://localhost:3002/landing-ko-vf color: rgb(120, 120, 120) color: inherit {o: http://localhost:3002/landing-ko-vf, sv: 0.1.3, sdkn: @vercel/analytics/react, sdkv: 1.6.1, ts: 1777530879045} /_vercel/insights/view @ https://va.vercel-scripts.com/v1/script.debug.js:0
[   20661ms] [INFO] %cDownload the React DevTools for a better development experience: https://reactjs.org/link/react-devtools font-weight:bold @ webpack-internal:///./node_modules/react-dom/cjs/react-dom.development.js:29889
[   20719ms] [LOG] [HMR] connected @ webpack-internal:///./node_modules/next/dist/client/dev/error-overlay/websocket.js:45
[   20754ms] [LOG] %c[Vercel Web Analytics]%c Debug mode is enabled by default in development. No requests will be sent to the server. color: rgb(120, 120, 120) color: inherit @ https://va.vercel-scripts.com/v1/script.debug.js:0
[   20754ms] [LOG] %c[Vercel Web Analytics]%c [view] http://localhost:3002/landing-ko-vf color: rgb(120, 120, 120) color: inherit {o: http://localhost:3002/landing-ko-vf, sv: 0.1.3, sdkn: @vercel/analytics/react, sdkv: 1.6.1, ts: 1777530879347} /_vercel/insights/view @ https://va.vercel-scripts.com/v1/script.debug.js:0
[   20774ms] [ERROR] Failed to load resource: the server responded with a status of 404 (Not Found) @ http://localhost:3002/_next/static/webpack/2ed8c5d234341932.webpack.hot-update.json:0
[   20966ms] [INFO] %cDownload the React DevTools for a better development experience: https://reactjs.org/link/react-devtools font-weight:bold @ webpack-internal:///./node_modules/react-dom/cjs/react-dom.development.js:29889
[   21014ms] [LOG] [HMR] connected @ webpack-internal:///./node_modules/next/dist/client/dev/error-overlay/websocket.js:45
[   21044ms] [LOG] %c[Vercel Web Analytics]%c Debug mode is enabled by default in development. No requests will be sent to the server. color: rgb(120, 120, 120) color: inherit @ https://va.vercel-scripts.com/v1/script.debug.js:0
[   21044ms] [LOG] %c[Vercel Web Analytics]%c [view] http://localhost:3002/landing-ko-vf color: rgb(120, 120, 120) color: inherit {o: http://localhost:3002/landing-ko-vf, sv: 0.1.3, sdkn: @vercel/analytics/react, sdkv: 1.6.1, ts: 1777530879637} /_vercel/insights/view @ https://va.vercel-scripts.com/v1/script.debug.js:0
[   21044ms] [ERROR] Failed to load resource: the server responded with a status of 404 (Not Found) @ http://localhost:3002/_next/static/webpack/2ed8c5d234341932.webpack.hot-update.json:0
[   21283ms] [INFO] %cDownload the React DevTools for a better development experience: https://reactjs.org/link/react-devtools font-weight:bold @ webpack-internal:///./node_modules/react-dom/cjs/react-dom.development.js:29889
[   21358ms] [LOG] [HMR] connected @ webpack-internal:///./node_modules/next/dist/client/dev/error-overlay/websocket.js:45
[   21390ms] [ERROR] Failed to load resource: the server responded with a status of 404 (Not Found) @ http://localhost:3002/_next/static/webpack/2ed8c5d234341932.webpack.hot-update.json:0
[   21397ms] [LOG] %c[Vercel Web Analytics]%c Debug mode is enabled by default in development. No requests will be sent to the server. color: rgb(120, 120, 120) color: inherit @ https://va.vercel-scripts.com/v1/script.debug.js:0
[   21397ms] [LOG] %c[Vercel Web Analytics]%c [view] http://localhost:3002/landing-ko-vf color: rgb(120, 120, 120) color: inherit {o: http://localhost:3002/landing-ko-vf, sv: 0.1.3, sdkn: @vercel/analytics/react, sdkv: 1.6.1, ts: 1777530879990} /_vercel/insights/view @ https://va.vercel-scripts.com/v1/script.debug.js:0
[   21574ms] [INFO] %cDownload the React DevTools for a better development experience: https://reactjs.org/link/react-devtools font-weight:bold @ webpack-internal:///./node_modules/react-dom/cjs/react-dom.development.js:29889
[   21621ms] [LOG] [HMR] connected @ webpack-internal:///./node_modules/next/dist/client/dev/error-overlay/websocket.js:45
[   21650ms] [ERROR] Failed to load resource: the server responded with a status of 404 (Not Found) @ http://localhost:3002/_next/static/webpack/2ed8c5d234341932.webpack.hot-update.json:0
[   21661ms] [LOG] %c[Vercel Web Analytics]%c Debug mode is enabled by default in development. No requests will be sent to the server. color: rgb(120, 120, 120) color: inherit @ https://va.vercel-scripts.com/v1/script.debug.js:0
[   21661ms] [LOG] %c[Vercel Web Analytics]%c [view] http://localhost:3002/landing-ko-vf color: rgb(120, 120, 120) color: inherit {o: http://localhost:3002/landing-ko-vf, sv: 0.1.3, sdkn: @vercel/analytics/react, sdkv: 1.6.1, ts: 1777530880255} /_vercel/insights/view @ https://va.vercel-scripts.com/v1/script.debug.js:0
[   21890ms] [INFO] %cDownload the React DevTools for a better development experience: https://reactjs.org/link/react-devtools font-weight:bold @ webpack-internal:///./node_modules/react-dom/cjs/react-dom.development.js:29889
[   21938ms] [LOG] [HMR] connected @ webpack-internal:///./node_modules/next/dist/client/dev/error-overlay/websocket.js:45
[   21967ms] [ERROR] Failed to load resource: the server responded with a status of 404 (Not Found) @ http://localhost:3002/_next/static/webpack/2ed8c5d234341932.webpack.hot-update.json:0
[   21977ms] [LOG] %c[Vercel Web Analytics]%c Debug mode is enabled by default in development. No requests will be sent to the server. color: rgb(120, 120, 120) color: inherit @ https://va.vercel-scripts.com/v1/script.debug.js:0
[   21978ms] [LOG] %c[Vercel Web Analytics]%c [view] http://localhost:3002/landing-ko-vf color: rgb(120, 120, 120) color: inherit {o: http://localhost:3002/landing-ko-vf, sv: 0.1.3, sdkn: @vercel/analytics/react, sdkv: 1.6.1, ts: 1777530880571} /_vercel/insights/view @ https://va.vercel-scripts.com/v1/script.debug.js:0
[   22206ms] [INFO] %cDownload the React DevTools for a better development experience: https://reactjs.org/link/react-devtools font-weight:bold @ webpack-internal:///./node_modules/react-dom/cjs/react-dom.development.js:29889
[   22275ms] [LOG] [HMR] connected @ webpack-internal:///./node_modules/next/dist/client/dev/error-overlay/websocket.js:45
[   22322ms] [LOG] %c[Vercel Web Analytics]%c Debug mode is enabled by default in development. No requests will be sent to the server. color: rgb(120, 120, 120) color: inherit @ https://va.vercel-scripts.com/v1/script.debug.js:0
[   22322ms] [LOG] %c[Vercel Web Analytics]%c [view] http://localhost:3002/landing-ko-vf color: rgb(120, 120, 120) color: inherit {o: http://localhost:3002/landing-ko-vf, sv: 0.1.3, sdkn: @vercel/analytics/react, sdkv: 1.6.1, ts: 1777530880915} /_vercel/insights/view @ https://va.vercel-scripts.com/v1/script.debug.js:0
[   22347ms] [ERROR] Failed to load resource: the server responded with a status of 404 (Not Found) @ http://localhost:3002/_next/static/webpack/2ed8c5d234341932.webpack.hot-update.json:0
[   22591ms] [INFO] %cDownload the React DevTools for a better development experience: https://reactjs.org/link/react-devtools font-weight:bold @ webpack-internal:///./node_modules/react-dom/cjs/react-dom.development.js:29889
[   22638ms] [LOG] [HMR] connected @ webpack-internal:///./node_modules/next/dist/client/dev/error-overlay/websocket.js:45
[   22666ms] [ERROR] Failed to load resource: the server responded with a status of 404 (Not Found) @ http://localhost:3002/_next/static/webpack/2ed8c5d234341932.webpack.hot-update.json:0
[   22677ms] [LOG] %c[Vercel Web Analytics]%c Debug mode is enabled by default in development. No requests will be sent to the server. color: rgb(120, 120, 120) color: inherit @ https://va.vercel-scripts.com/v1/script.debug.js:0
[   22677ms] [LOG] %c[Vercel Web Analytics]%c [view] http://localhost:3002/landing-ko-vf color: rgb(120, 120, 120) color: inherit {o: http://localhost:3002/landing-ko-vf, sv: 0.1.3, sdkn: @vercel/analytics/react, sdkv: 1.6.1, ts: 1777530881271} /_vercel/insights/view @ https://va.vercel-scripts.com/v1/script.debug.js:0
[   22852ms] [INFO] %cDownload the React DevTools for a better development experience: https://reactjs.org/link/react-devtools font-weight:bold @ webpack-internal:///./node_modules/react-dom/cjs/react-dom.development.js:29889
[   22909ms] [LOG] [HMR] connected @ webpack-internal:///./node_modules/next/dist/client/dev/error-overlay/websocket.js:45
[   22943ms] [ERROR] Failed to load resource: the server responded with a status of 404 (Not Found) @ http://localhost:3002/_next/static/webpack/2ed8c5d234341932.webpack.hot-update.json:0
[   22951ms] [LOG] %c[Vercel Web Analytics]%c Debug mode is enabled by default in development. No requests will be sent to the server. color: rgb(120, 120, 120) color: inherit @ https://va.vercel-scripts.com/v1/script.debug.js:0
[   22951ms] [LOG] %c[Vercel Web Analytics]%c [view] http://localhost:3002/landing-ko-vf color: rgb(120, 120, 120) color: inherit {o: http://localhost:3002/landing-ko-vf, sv: 0.1.3, sdkn: @vercel/analytics/react, sdkv: 1.6.1, ts: 1777530881544} /_vercel/insights/view @ https://va.vercel-scripts.com/v1/script.debug.js:0
[   23148ms] [INFO] %cDownload the React DevTools for a better development experience: https://reactjs.org/link/react-devtools font-weight:bold @ webpack-internal:///./node_modules/react-dom/cjs/react-dom.development.js:29889
[   23195ms] [LOG] [HMR] connected @ webpack-internal:///./node_modules/next/dist/client/dev/error-overlay/websocket.js:45
[   23216ms] [ERROR] Failed to load resource: the server responded with a status of 404 (Not Found) @ http://localhost:3002/_next/static/webpack/2ed8c5d234341932.webpack.hot-update.json:0
[   23226ms] [LOG] %c[Vercel Web Analytics]%c Debug mode is enabled by default in development. No requests will be sent to the server. color: rgb(120, 120, 120) color: inherit @ https://va.vercel-scripts.com/v1/script.debug.js:0
[   23227ms] [LOG] %c[Vercel Web Analytics]%c [view] http://localhost:3002/landing-ko-vf color: rgb(120, 120, 120) color: inherit {o: http://localhost:3002/landing-ko-vf, sv: 0.1.3, sdkn: @vercel/analytics/react, sdkv: 1.6.1, ts: 1777530881820} /_vercel/insights/view @ https://va.vercel-scripts.com/v1/script.debug.js:0
[   23522ms] [INFO] %cDownload the React DevTools for a better development experience: https://reactjs.org/link/react-devtools font-weight:bold @ webpack-internal:///./node_modules/react-dom/cjs/react-dom.development.js:29889
[   23572ms] [LOG] [HMR] connected @ webpack-internal:///./node_modules/next/dist/client/dev/error-overlay/websocket.js:45
[   23601ms] [ERROR] Failed to load resource: the server responded with a status of 404 (Not Found) @ http://localhost:3002/_next/static/webpack/2ed8c5d234341932.webpack.hot-update.json:0
[   23612ms] [LOG] %c[Vercel Web Analytics]%c Debug mode is enabled by default in development. No requests will be sent to the server. color: rgb(120, 120, 120) color: inherit @ https://va.vercel-scripts.com/v1/script.debug.js:0
[   23612ms] [LOG] %c[Vercel Web Analytics]%c [view] http://localhost:3002/landing-ko-vf color: rgb(120, 120, 120) color: inherit {o: http://localhost:3002/landing-ko-vf, sv: 0.1.3, sdkn: @vercel/analytics/react, sdkv: 1.6.1, ts: 1777530882205} /_vercel/insights/view @ https://va.vercel-scripts.com/v1/script.debug.js:0
[   23795ms] [INFO] %cDownload the React DevTools for a better development experience: https://reactjs.org/link/react-devtools font-weight:bold @ webpack-internal:///./node_modules/react-dom/cjs/react-dom.development.js:29889
[   23852ms] [LOG] [HMR] connected @ webpack-internal:///./node_modules/next/dist/client/dev/error-overlay/websocket.js:45
[   23881ms] [ERROR] Failed to load resource: the server responded with a status of 404 (Not Found) @ http://localhost:3002/_next/static/webpack/2ed8c5d234341932.webpack.hot-update.json:0
[   23900ms] [LOG] %c[Vercel Web Analytics]%c Debug mode is enabled by default in development. No requests will be sent to the server. color: rgb(120, 120, 120) color: inherit @ https://va.vercel-scripts.com/v1/script.debug.js:0
[   23900ms] [LOG] %c[Vercel Web Analytics]%c [view] http://localhost:3002/landing-ko-vf color: rgb(120, 120, 120) color: inherit {o: http://localhost:3002/landing-ko-vf, sv: 0.1.3, sdkn: @vercel/analytics/react, sdkv: 1.6.1, ts: 1777530882493} /_vercel/insights/view @ https://va.vercel-scripts.com/v1/script.debug.js:0
[   24147ms] [INFO] %cDownload the React DevTools for a better development experience: https://reactjs.org/link/react-devtools font-weight:bold @ webpack-internal:///./node_modules/react-dom/cjs/react-dom.development.js:29889
[   24195ms] [LOG] [HMR] connected @ webpack-internal:///./node_modules/next/dist/client/dev/error-overlay/websocket.js:45
[   24220ms] [ERROR] Failed to load resource: the server responded with a status of 404 (Not Found) @ http://localhost:3002/_next/static/webpack/2ed8c5d234341932.webpack.hot-update.json:0
[   24227ms] [LOG] %c[Vercel Web Analytics]%c Debug mode is enabled by default in development. No requests will be sent to the server. color: rgb(120, 120, 120) color: inherit @ https://va.vercel-scripts.com/v1/script.debug.js:0
[   24227ms] [LOG] %c[Vercel Web Analytics]%c [view] http://localhost:3002/landing-ko-vf color: rgb(120, 120, 120) color: inherit {o: http://localhost:3002/landing-ko-vf, sv: 0.1.3, sdkn: @vercel/analytics/react, sdkv: 1.6.1, ts: 1777530882820} /_vercel/insights/view @ https://va.vercel-scripts.com/v1/script.debug.js:0
[   24443ms] [INFO] %cDownload the React DevTools for a better development experience: https://reactjs.org/link/react-devtools font-weight:bold @ webpack-internal:///./node_modules/react-dom/cjs/react-dom.development.js:29889
[   24492ms] [LOG] [HMR] connected @ webpack-internal:///./node_modules/next/dist/client/dev/error-overlay/websocket.js:45
[   24563ms] [LOG] %c[Vercel Web Analytics]%c Debug mode is enabled by default in development. No requests will be sent to the server. color: rgb(120, 120, 120) color: inherit @ https://va.vercel-scripts.com/v1/script.debug.js:0
[   24563ms] [LOG] %c[Vercel Web Analytics]%c [view] http://localhost:3002/landing-ko-vf color: rgb(120, 120, 120) color: inherit {o: http://localhost:3002/landing-ko-vf, sv: 0.1.3, sdkn: @vercel/analytics/react, sdkv: 1.6.1, ts: 1777530883156} /_vercel/insights/view @ https://va.vercel-scripts.com/v1/script.debug.js:0
[   24563ms] [ERROR] Failed to load resource: the server responded with a status of 404 (Not Found) @ http://localhost:3002/_next/static/webpack/2ed8c5d234341932.webpack.hot-update.json:0
[   24773ms] [INFO] %cDownload the React DevTools for a better development experience: https://reactjs.org/link/react-devtools font-weight:bold @ webpack-internal:///./node_modules/react-dom/cjs/react-dom.development.js:29889
[   24835ms] [LOG] [HMR] connected @ webpack-internal:///./node_modules/next/dist/client/dev/error-overlay/websocket.js:45
[   24889ms] [LOG] %c[Vercel Web Analytics]%c Debug mode is enabled by default in development. No requests will be sent to the server. color: rgb(120, 120, 120) color: inherit @ https://va.vercel-scripts.com/v1/script.debug.js:0
[   24889ms] [LOG] %c[Vercel Web Analytics]%c [view] http://localhost:3002/landing-ko-vf color: rgb(120, 120, 120) color: inherit {o: http://localhost:3002/landing-ko-vf, sv: 0.1.3, sdkn: @vercel/analytics/react, sdkv: 1.6.1, ts: 1777530883483} /_vercel/insights/view @ https://va.vercel-scripts.com/v1/script.debug.js:0
[   24911ms] [ERROR] Failed to load resource: the server responded with a status of 404 (Not Found) @ http://localhost:3002/_next/static/webpack/2ed8c5d234341932.webpack.hot-update.json:0
[   25183ms] [INFO] %cDownload the React DevTools for a better development experience: https://reactjs.org/link/react-devtools font-weight:bold @ webpack-internal:///./node_modules/react-dom/cjs/react-dom.development.js:29889
[   25231ms] [LOG] [HMR] connected @ webpack-internal:///./node_modules/next/dist/client/dev/error-overlay/websocket.js:45
[   25257ms] [ERROR] Failed to load resource: the server responded with a status of 404 (Not Found) @ http://localhost:3002/_next/static/webpack/2ed8c5d234341932.webpack.hot-update.json:0
[   25269ms] [LOG] %c[Vercel Web Analytics]%c Debug mode is enabled by default in development. No requests will be sent to the server. color: rgb(120, 120, 120) color: inherit @ https://va.vercel-scripts.com/v1/script.debug.js:0
[   25269ms] [LOG] %c[Vercel Web Analytics]%c [view] http://localhost:3002/landing-ko-vf color: rgb(120, 120, 120) color: inherit {o: http://localhost:3002/landing-ko-vf, sv: 0.1.3, sdkn: @vercel/analytics/react, sdkv: 1.6.1, ts: 1777530883863} /_vercel/insights/view @ https://va.vercel-scripts.com/v1/script.debug.js:0
[   25430ms] [INFO] %cDownload the React DevTools for a better development experience: https://reactjs.org/link/react-devtools font-weight:bold @ webpack-internal:///./node_modules/react-dom/cjs/react-dom.development.js:29889
[   25478ms] [LOG] [HMR] connected @ webpack-internal:///./node_modules/next/dist/client/dev/error-overlay/websocket.js:45
[   25500ms] [ERROR] Failed to load resource: the server responded with a status of 404 (Not Found) @ http://localhost:3002/_next/static/webpack/2ed8c5d234341932.webpack.hot-update.json:0
[   25511ms] [LOG] %c[Vercel Web Analytics]%c Debug mode is enabled by default in development. No requests will be sent to the server. color: rgb(120, 120, 120) color: inherit @ https://va.vercel-scripts.com/v1/script.debug.js:0
[   25511ms] [LOG] %c[Vercel Web Analytics]%c [view] http://localhost:3002/landing-ko-vf color: rgb(120, 120, 120) color: inherit {o: http://localhost:3002/landing-ko-vf, sv: 0.1.3, sdkn: @vercel/analytics/react, sdkv: 1.6.1, ts: 1777530884104} /_vercel/insights/view @ https://va.vercel-scripts.com/v1/script.debug.js:0
[   25689ms] [INFO] %cDownload the React DevTools for a better development experience: https://reactjs.org/link/react-devtools font-weight:bold @ webpack-internal:///./node_modules/react-dom/cjs/react-dom.development.js:29889
[   25742ms] [LOG] [HMR] connected @ webpack-internal:///./node_modules/next/dist/client/dev/error-overlay/websocket.js:45
[   25783ms] [ERROR] Failed to load resource: the server responded with a status of 404 (Not Found) @ http://localhost:3002/_next/static/webpack/2ed8c5d234341932.webpack.hot-update.json:0
[   25793ms] [LOG] %c[Vercel Web Analytics]%c Debug mode is enabled by default in development. No requests will be sent to the server. color: rgb(120, 120, 120) color: inherit @ https://va.vercel-scripts.com/v1/script.debug.js:0
[   25793ms] [LOG] %c[Vercel Web Analytics]%c [view] http://localhost:3002/landing-ko-vf color: rgb(120, 120, 120) color: inherit {o: http://localhost:3002/landing-ko-vf, sv: 0.1.3, sdkn: @vercel/analytics/react, sdkv: 1.6.1, ts: 1777530884387} /_vercel/insights/view @ https://va.vercel-scripts.com/v1/script.debug.js:0
[   26007ms] [INFO] %cDownload the React DevTools for a better development experience: https://reactjs.org/link/react-devtools font-weight:bold @ webpack-internal:///./node_modules/react-dom/cjs/react-dom.development.js:29889
[   26058ms] [LOG] [HMR] connected @ webpack-internal:///./node_modules/next/dist/client/dev/error-overlay/websocket.js:45
[   26084ms] [ERROR] Failed to load resource: the server responded with a status of 404 (Not Found) @ http://localhost:3002/_next/static/webpack/2ed8c5d234341932.webpack.hot-update.json:0
[   26095ms] [LOG] %c[Vercel Web Analytics]%c Debug mode is enabled by default in development. No requests will be sent to the server. color: rgb(120, 120, 120) color: inherit @ https://va.vercel-scripts.com/v1/script.debug.js:0
[   26095ms] [LOG] %c[Vercel Web Analytics]%c [view] http://localhost:3002/landing-ko-vf color: rgb(120, 120, 120) color: inherit {o: http://localhost:3002/landing-ko-vf, sv: 0.1.3, sdkn: @vercel/analytics/react, sdkv: 1.6.1, ts: 1777530884688} /_vercel/insights/view @ https://va.vercel-scripts.com/v1/script.debug.js:0
[   26246ms] [INFO] %cDownload the React DevTools for a better development experience: https://reactjs.org/link/react-devtools font-weight:bold @ webpack-internal:///./node_modules/react-dom/cjs/react-dom.development.js:29889
[   26294ms] [LOG] [HMR] connected @ webpack-internal:///./node_modules/next/dist/client/dev/error-overlay/websocket.js:45
[   26317ms] [ERROR] Failed to load resource: the server responded with a status of 404 (Not Found) @ http://localhost:3002/_next/static/webpack/2ed8c5d234341932.webpack.hot-update.json:0
[   26329ms] [LOG] %c[Vercel Web Analytics]%c Debug mode is enabled by default in development. No requests will be sent to the server. color: rgb(120, 120, 120) color: inherit @ https://va.vercel-scripts.com/v1/script.debug.js:0
[   26329ms] [LOG] %c[Vercel Web Analytics]%c [view] http://localhost:3002/landing-ko-vf color: rgb(120, 120, 120) color: inherit {o: http://localhost:3002/landing-ko-vf, sv: 0.1.3, sdkn: @vercel/analytics/react, sdkv: 1.6.1, ts: 1777530884922} /_vercel/insights/view @ https://va.vercel-scripts.com/v1/script.debug.js:0
[   26534ms] [INFO] %cDownload the React DevTools for a better development experience: https://reactjs.org/link/react-devtools font-weight:bold @ webpack-internal:///./node_modules/react-dom/cjs/react-dom.development.js:29889
[   26634ms] [LOG] [HMR] connected @ webpack-internal:///./node_modules/next/dist/client/dev/error-overlay/websocket.js:45
[   26685ms] [LOG] %c[Vercel Web Analytics]%c Debug mode is enabled by default in development. No requests will be sent to the server. color: rgb(120, 120, 120) color: inherit @ https://va.vercel-scripts.com/v1/script.debug.js:0
[   26685ms] [LOG] %c[Vercel Web Analytics]%c [view] http://localhost:3002/landing-ko-vf color: rgb(120, 120, 120) color: inherit {o: http://localhost:3002/landing-ko-vf, sv: 0.1.3, sdkn: @vercel/analytics/react, sdkv: 1.6.1, ts: 1777530885279} /_vercel/insights/view @ https://va.vercel-scripts.com/v1/script.debug.js:0
[   26698ms] [ERROR] Failed to load resource: the server responded with a status of 404 (Not Found) @ http://localhost:3002/_next/static/webpack/2ed8c5d234341932.webpack.hot-update.json:0
[   26914ms] [INFO] %cDownload the React DevTools for a better development experience: https://reactjs.org/link/react-devtools font-weight:bold @ webpack-internal:///./node_modules/react-dom/cjs/react-dom.development.js:29889
[   26961ms] [LOG] [HMR] connected @ webpack-internal:///./node_modules/next/dist/client/dev/error-overlay/websocket.js:45
[   27018ms] [LOG] %c[Vercel Web Analytics]%c Debug mode is enabled by default in development. No requests will be sent to the server. color: rgb(120, 120, 120) color: inherit @ https://va.vercel-scripts.com/v1/script.debug.js:0
[   27018ms] [LOG] %c[Vercel Web Analytics]%c [view] http://localhost:3002/landing-ko-vf color: rgb(120, 120, 120) color: inherit {o: http://localhost:3002/landing-ko-vf, sv: 0.1.3, sdkn: @vercel/analytics/react, sdkv: 1.6.1, ts: 1777530885612} /_vercel/insights/view @ https://va.vercel-scripts.com/v1/script.debug.js:0
[   27064ms] [ERROR] Failed to load resource: the server responded with a status of 404 (Not Found) @ http://localhost:3002/_next/static/webpack/2ed8c5d234341932.webpack.hot-update.json:0
[   27406ms] [INFO] %cDownload the React DevTools for a better development experience: https://reactjs.org/link/react-devtools font-weight:bold @ webpack-internal:///./node_modules/react-dom/cjs/react-dom.development.js:29889
[   27493ms] [LOG] [HMR] connected @ webpack-internal:///./node_modules/next/dist/client/dev/error-overlay/websocket.js:45
[   27544ms] [ERROR] Failed to load resource: the server responded with a status of 404 (Not Found) @ http://localhost:3002/_next/static/webpack/2ed8c5d234341932.webpack.hot-update.json:0
[   27548ms] [LOG] %c[Vercel Web Analytics]%c Debug mode is enabled by default in development. No requests will be sent to the server. color: rgb(120, 120, 120) color: inherit @ https://va.vercel-scripts.com/v1/script.debug.js:0
[   27548ms] [LOG] %c[Vercel Web Analytics]%c [view] http://localhost:3002/landing-ko-vf color: rgb(120, 120, 120) color: inherit {o: http://localhost:3002/landing-ko-vf, sv: 0.1.3, sdkn: @vercel/analytics/react, sdkv: 1.6.1, ts: 1777530886141} /_vercel/insights/view @ https://va.vercel-scripts.com/v1/script.debug.js:0
[   27776ms] [INFO] %cDownload the React DevTools for a better development experience: https://reactjs.org/link/react-devtools font-weight:bold @ webpack-internal:///./node_modules/react-dom/cjs/react-dom.development.js:29889
[   27854ms] [LOG] [HMR] connected @ webpack-internal:///./node_modules/next/dist/client/dev/error-overlay/websocket.js:45
[   27883ms] [ERROR] Failed to load resource: the server responded with a status of 404 (Not Found) @ http://localhost:3002/_next/static/webpack/2ed8c5d234341932.webpack.hot-update.json:0
[   27893ms] [LOG] %c[Vercel Web Analytics]%c Debug mode is enabled by default in development. No requests will be sent to the server. color: rgb(120, 120, 120) color: inherit @ https://va.vercel-scripts.com/v1/script.debug.js:0
[   27893ms] [LOG] %c[Vercel Web Analytics]%c [view] http://localhost:3002/landing-ko-vf color: rgb(120, 120, 120) color: inherit {o: http://localhost:3002/landing-ko-vf, sv: 0.1.3, sdkn: @vercel/analytics/react, sdkv: 1.6.1, ts: 1777530886487} /_vercel/insights/view @ https://va.vercel-scripts.com/v1/script.debug.js:0
[   28131ms] [INFO] %cDownload the React DevTools for a better development experience: https://reactjs.org/link/react-devtools font-weight:bold @ webpack-internal:///./node_modules/react-dom/cjs/react-dom.development.js:29889
[   28178ms] [LOG] [HMR] connected @ webpack-internal:///./node_modules/next/dist/client/dev/error-overlay/websocket.js:45
[   28204ms] [ERROR] Failed to load resource: the server responded with a status of 404 (Not Found) @ http://localhost:3002/_next/static/webpack/2ed8c5d234341932.webpack.hot-update.json:0
[   28211ms] [LOG] %c[Vercel Web Analytics]%c Debug mode is enabled by default in development. No requests will be sent to the server. color: rgb(120, 120, 120) color: inherit @ https://va.vercel-scripts.com/v1/script.debug.js:0
[   28211ms] [LOG] %c[Vercel Web Analytics]%c [view] http://localhost:3002/landing-ko-vf color: rgb(120, 120, 120) color: inherit {o: http://localhost:3002/landing-ko-vf, sv: 0.1.3, sdkn: @vercel/analytics/react, sdkv: 1.6.1, ts: 1777530886805} /_vercel/insights/view @ https://va.vercel-scripts.com/v1/script.debug.js:0
[   28468ms] [INFO] %cDownload the React DevTools for a better development experience: https://reactjs.org/link/react-devtools font-weight:bold @ webpack-internal:///./node_modules/react-dom/cjs/react-dom.development.js:29889
[   28516ms] [LOG] [HMR] connected @ webpack-internal:///./node_modules/next/dist/client/dev/error-overlay/websocket.js:45
[   28546ms] [ERROR] Failed to load resource: the server responded with a status of 404 (Not Found) @ http://localhost:3002/_next/static/webpack/2ed8c5d234341932.webpack.hot-update.json:0
[   28552ms] [LOG] %c[Vercel Web Analytics]%c Debug mode is enabled by default in development. No requests will be sent to the server. color: rgb(120, 120, 120) color: inherit @ https://va.vercel-scripts.com/v1/script.debug.js:0
[   28552ms] [LOG] %c[Vercel Web Analytics]%c [view] http://localhost:3002/landing-ko-vf color: rgb(120, 120, 120) color: inherit {o: http://localhost:3002/landing-ko-vf, sv: 0.1.3, sdkn: @vercel/analytics/react, sdkv: 1.6.1, ts: 1777530887145} /_vercel/insights/view @ https://va.vercel-scripts.com/v1/script.debug.js:0
[   28838ms] [INFO] %cDownload the React DevTools for a better development experience: https://reactjs.org/link/react-devtools font-weight:bold @ webpack-internal:///./node_modules/react-dom/cjs/react-dom.development.js:29889
[   28886ms] [LOG] [HMR] connected @ webpack-internal:///./node_modules/next/dist/client/dev/error-overlay/websocket.js:45
[   28913ms] [ERROR] Failed to load resource: the server responded with a status of 404 (Not Found) @ http://localhost:3002/_next/static/webpack/2ed8c5d234341932.webpack.hot-update.json:0
[   28920ms] [LOG] %c[Vercel Web Analytics]%c Debug mode is enabled by default in development. No requests will be sent to the server. color: rgb(120, 120, 120) color: inherit @ https://va.vercel-scripts.com/v1/script.debug.js:0
[   28920ms] [LOG] %c[Vercel Web Analytics]%c [view] http://localhost:3002/landing-ko-vf color: rgb(120, 120, 120) color: inherit {o: http://localhost:3002/landing-ko-vf, sv: 0.1.3, sdkn: @vercel/analytics/react, sdkv: 1.6.1, ts: 1777530887513} /_vercel/insights/view @ https://va.vercel-scripts.com/v1/script.debug.js:0
[   29107ms] [INFO] %cDownload the React DevTools for a better development experience: https://reactjs.org/link/react-devtools font-weight:bold @ webpack-internal:///./node_modules/react-dom/cjs/react-dom.development.js:29889
[   29154ms] [LOG] [HMR] connected @ webpack-internal:///./node_modules/next/dist/client/dev/error-overlay/websocket.js:45
[   29184ms] [ERROR] Failed to load resource: the server responded with a status of 404 (Not Found) @ http://localhost:3002/_next/static/webpack/2ed8c5d234341932.webpack.hot-update.json:0
[   29195ms] [LOG] %c[Vercel Web Analytics]%c Debug mode is enabled by default in development. No requests will be sent to the server. color: rgb(120, 120, 120) color: inherit @ https://va.vercel-scripts.com/v1/script.debug.js:0
[   29195ms] [LOG] %c[Vercel Web Analytics]%c [view] http://localhost:3002/landing-ko-vf color: rgb(120, 120, 120) color: inherit {o: http://localhost:3002/landing-ko-vf, sv: 0.1.3, sdkn: @vercel/analytics/react, sdkv: 1.6.1, ts: 1777530887789} /_vercel/insights/view @ https://va.vercel-scripts.com/v1/script.debug.js:0
[   29482ms] [INFO] %cDownload the React DevTools for a better development experience: https://reactjs.org/link/react-devtools font-weight:bold @ webpack-internal:///./node_modules/react-dom/cjs/react-dom.development.js:29889
[   29545ms] [LOG] [HMR] connected @ webpack-internal:///./node_modules/next/dist/client/dev/error-overlay/websocket.js:45
[   29666ms] [LOG] %c[Vercel Web Analytics]%c Debug mode is enabled by default in development. No requests will be sent to the server. color: rgb(120, 120, 120) color: inherit @ https://va.vercel-scripts.com/v1/script.debug.js:0
[   29666ms] [LOG] %c[Vercel Web Analytics]%c [view] http://localhost:3002/landing-ko-vf color: rgb(120, 120, 120) color: inherit {o: http://localhost:3002/landing-ko-vf, sv: 0.1.3, sdkn: @vercel/analytics/react, sdkv: 1.6.1, ts: 1777530888260} /_vercel/insights/view @ https://va.vercel-scripts.com/v1/script.debug.js:0
[   29702ms] [ERROR] Failed to load resource: the server responded with a status of 404 (Not Found) @ http://localhost:3002/_next/static/webpack/2ed8c5d234341932.webpack.hot-update.json:0
[   29922ms] [INFO] %cDownload the React DevTools for a better development experience: https://reactjs.org/link/react-devtools font-weight:bold @ webpack-internal:///./node_modules/react-dom/cjs/react-dom.development.js:29889
[   29974ms] [LOG] [HMR] connected @ webpack-internal:///./node_modules/next/dist/client/dev/error-overlay/websocket.js:45
[   30071ms] [ERROR] Failed to load resource: the server responded with a status of 404 (Not Found) @ http://localhost:3002/_next/static/webpack/2ed8c5d234341932.webpack.hot-update.json:0
[   30077ms] [LOG] %c[Vercel Web Analytics]%c Debug mode is enabled by default in development. No requests will be sent to the server. color: rgb(120, 120, 120) color: inherit @ https://va.vercel-scripts.com/v1/script.debug.js:0
[   30077ms] [LOG] %c[Vercel Web Analytics]%c [view] http://localhost:3002/landing-ko-vf color: rgb(120, 120, 120) color: inherit {o: http://localhost:3002/landing-ko-vf, sv: 0.1.3, sdkn: @vercel/analytics/react, sdkv: 1.6.1, ts: 1777530888671} /_vercel/insights/view @ https://va.vercel-scripts.com/v1/script.debug.js:0
[   30350ms] [INFO] %cDownload the React DevTools for a better development experience: https://reactjs.org/link/react-devtools font-weight:bold @ webpack-internal:///./node_modules/react-dom/cjs/react-dom.development.js:29889
[   30400ms] [LOG] [HMR] connected @ webpack-internal:///./node_modules/next/dist/client/dev/error-overlay/websocket.js:45
[   30435ms] [LOG] %c[Vercel Web Analytics]%c Debug mode is enabled by default in development. No requests will be sent to the server. color: rgb(120, 120, 120) color: inherit @ https://va.vercel-scripts.com/v1/script.debug.js:0
[   30435ms] [LOG] %c[Vercel Web Analytics]%c [view] http://localhost:3002/landing-ko-vf color: rgb(120, 120, 120) color: inherit {o: http://localhost:3002/landing-ko-vf, sv: 0.1.3, sdkn: @vercel/analytics/react, sdkv: 1.6.1, ts: 1777530889029} /_vercel/insights/view @ https://va.vercel-scripts.com/v1/script.debug.js:0
[   30435ms] [ERROR] Failed to load resource: the server responded with a status of 404 (Not Found) @ http://localhost:3002/_next/static/webpack/2ed8c5d234341932.webpack.hot-update.json:0
[   30630ms] [INFO] %cDownload the React DevTools for a better development experience: https://reactjs.org/link/react-devtools font-weight:bold @ webpack-internal:///./node_modules/react-dom/cjs/react-dom.development.js:29889
[   30693ms] [LOG] [HMR] connected @ webpack-internal:///./node_modules/next/dist/client/dev/error-overlay/websocket.js:45
[   30744ms] [LOG] %c[Vercel Web Analytics]%c Debug mode is enabled by default in development. No requests will be sent to the server. color: rgb(120, 120, 120) color: inherit @ https://va.vercel-scripts.com/v1/script.debug.js:0
[   30744ms] [LOG] %c[Vercel Web Analytics]%c [view] http://localhost:3002/landing-ko-vf color: rgb(120, 120, 120) color: inherit {o: http://localhost:3002/landing-ko-vf, sv: 0.1.3, sdkn: @vercel/analytics/react, sdkv: 1.6.1, ts: 1777530889338} /_vercel/insights/view @ https://va.vercel-scripts.com/v1/script.debug.js:0
[   30763ms] [ERROR] Failed to load resource: the server responded with a status of 404 (Not Found) @ http://localhost:3002/_next/static/webpack/2ed8c5d234341932.webpack.hot-update.json:0
[   31123ms] [INFO] %cDownload the React DevTools for a better development experience: https://reactjs.org/link/react-devtools font-weight:bold @ webpack-internal:///./node_modules/react-dom/cjs/react-dom.development.js:29889
[   31172ms] [LOG] [HMR] connected @ webpack-internal:///./node_modules/next/dist/client/dev/error-overlay/websocket.js:45
[   31200ms] [ERROR] Failed to load resource: the server responded with a status of 404 (Not Found) @ http://localhost:3002/_next/static/webpack/2ed8c5d234341932.webpack.hot-update.json:0
[   31211ms] [LOG] %c[Vercel Web Analytics]%c Debug mode is enabled by default in development. No requests will be sent to the server. color: rgb(120, 120, 120) color: inherit @ https://va.vercel-scripts.com/v1/script.debug.js:0
[   31211ms] [LOG] %c[Vercel Web Analytics]%c [view] http://localhost:3002/landing-ko-vf color: rgb(120, 120, 120) color: inherit {o: http://localhost:3002/landing-ko-vf, sv: 0.1.3, sdkn: @vercel/analytics/react, sdkv: 1.6.1, ts: 1777530889805} /_vercel/insights/view @ https://va.vercel-scripts.com/v1/script.debug.js:0
[   31456ms] [INFO] %cDownload the React DevTools for a better development experience: https://reactjs.org/link/react-devtools font-weight:bold @ webpack-internal:///./node_modules/react-dom/cjs/react-dom.development.js:29889
[   31505ms] [LOG] [HMR] connected @ webpack-internal:///./node_modules/next/dist/client/dev/error-overlay/websocket.js:45
[   31534ms] [ERROR] Failed to load resource: the server responded with a status of 404 (Not Found) @ http://localhost:3002/_next/static/webpack/2ed8c5d234341932.webpack.hot-update.json:0
[   31545ms] [LOG] %c[Vercel Web Analytics]%c Debug mode is enabled by default in development. No requests will be sent to the server. color: rgb(120, 120, 120) color: inherit @ https://va.vercel-scripts.com/v1/script.debug.js:0
[   31545ms] [LOG] %c[Vercel Web Analytics]%c [view] http://localhost:3002/landing-ko-vf color: rgb(120, 120, 120) color: inherit {o: http://localhost:3002/landing-ko-vf, sv: 0.1.3, sdkn: @vercel/analytics/react, sdkv: 1.6.1, ts: 1777530890139} /_vercel/insights/view @ https://va.vercel-scripts.com/v1/script.debug.js:0
[   31760ms] [INFO] %cDownload the React DevTools for a better development experience: https://reactjs.org/link/react-devtools font-weight:bold @ webpack-internal:///./node_modules/react-dom/cjs/react-dom.development.js:29889
[   31842ms] [LOG] [HMR] connected @ webpack-internal:///./node_modules/next/dist/client/dev/error-overlay/websocket.js:45
[   31884ms] [LOG] %c[Vercel Web Analytics]%c Debug mode is enabled by default in development. No requests will be sent to the server. color: rgb(120, 120, 120) color: inherit @ https://va.vercel-scripts.com/v1/script.debug.js:0
[   31884ms] [LOG] %c[Vercel Web Analytics]%c [view] http://localhost:3002/landing-ko-vf color: rgb(120, 120, 120) color: inherit {o: http://localhost:3002/landing-ko-vf, sv: 0.1.3, sdkn: @vercel/analytics/react, sdkv: 1.6.1, ts: 1777530890477} /_vercel/insights/view @ https://va.vercel-scripts.com/v1/script.debug.js:0
[   31884ms] [ERROR] Failed to load resource: the server responded with a status of 404 (Not Found) @ http://localhost:3002/_next/static/webpack/2ed8c5d234341932.webpack.hot-update.json:0
[   32135ms] [INFO] %cDownload the React DevTools for a better development experience: https://reactjs.org/link/react-devtools font-weight:bold @ webpack-internal:///./node_modules/react-dom/cjs/react-dom.development.js:29889
[   32180ms] [LOG] [HMR] connected @ webpack-internal:///./node_modules/next/dist/client/dev/error-overlay/websocket.js:45
[   32209ms] [ERROR] Failed to load resource: the server responded with a status of 404 (Not Found) @ http://localhost:3002/_next/static/webpack/2ed8c5d234341932.webpack.hot-update.json:0
[   32219ms] [LOG] %c[Vercel Web Analytics]%c Debug mode is enabled by default in development. No requests will be sent to the server. color: rgb(120, 120, 120) color: inherit @ https://va.vercel-scripts.com/v1/script.debug.js:0
[   32219ms] [LOG] %c[Vercel Web Analytics]%c [view] http://localhost:3002/landing-ko-vf color: rgb(120, 120, 120) color: inherit {o: http://localhost:3002/landing-ko-vf, sv: 0.1.3, sdkn: @vercel/analytics/react, sdkv: 1.6.1, ts: 1777530890813} /_vercel/insights/view @ https://va.vercel-scripts.com/v1/script.debug.js:0
[   32451ms] [INFO] %cDownload the React DevTools for a better development experience: https://reactjs.org/link/react-devtools font-weight:bold @ webpack-internal:///./node_modules/react-dom/cjs/react-dom.development.js:29889
[   32500ms] [LOG] [HMR] connected @ webpack-internal:///./node_modules/next/dist/client/dev/error-overlay/websocket.js:45
[   32526ms] [ERROR] Failed to load resource: the server responded with a status of 404 (Not Found) @ http://localhost:3002/_next/static/webpack/2ed8c5d234341932.webpack.hot-update.json:0
[   32540ms] [LOG] %c[Vercel Web Analytics]%c Debug mode is enabled by default in development. No requests will be sent to the server. color: rgb(120, 120, 120) color: inherit @ https://va.vercel-scripts.com/v1/script.debug.js:0
[   32540ms] [LOG] %c[Vercel Web Analytics]%c [view] http://localhost:3002/landing-ko-vf color: rgb(120, 120, 120) color: inherit {o: http://localhost:3002/landing-ko-vf, sv: 0.1.3, sdkn: @vercel/analytics/react, sdkv: 1.6.1, ts: 1777530891133} /_vercel/insights/view @ https://va.vercel-scripts.com/v1/script.debug.js:0
[   32803ms] [INFO] %cDownload the React DevTools for a better development experience: https://reactjs.org/link/react-devtools font-weight:bold @ webpack-internal:///./node_modules/react-dom/cjs/react-dom.development.js:29889
[   32855ms] [LOG] [HMR] connected @ webpack-internal:///./node_modules/next/dist/client/dev/error-overlay/websocket.js:45
[   32892ms] [ERROR] Failed to load resource: the server responded with a status of 404 (Not Found) @ http://localhost:3002/_next/static/webpack/2ed8c5d234341932.webpack.hot-update.json:0
[   32903ms] [LOG] %c[Vercel Web Analytics]%c Debug mode is enabled by default in development. No requests will be sent to the server. color: rgb(120, 120, 120) color: inherit @ https://va.vercel-scripts.com/v1/script.debug.js:0
[   32904ms] [LOG] %c[Vercel Web Analytics]%c [view] http://localhost:3002/landing-ko-vf color: rgb(120, 120, 120) color: inherit {o: http://localhost:3002/landing-ko-vf, sv: 0.1.3, sdkn: @vercel/analytics/react, sdkv: 1.6.1, ts: 1777530891497} /_vercel/insights/view @ https://va.vercel-scripts.com/v1/script.debug.js:0
[   33207ms] [INFO] %cDownload the React DevTools for a better development experience: https://reactjs.org/link/react-devtools font-weight:bold @ webpack-internal:///./node_modules/react-dom/cjs/react-dom.development.js:29889
[   33254ms] [LOG] [HMR] connected @ webpack-internal:///./node_modules/next/dist/client/dev/error-overlay/websocket.js:45
[   33282ms] [ERROR] Failed to load resource: the server responded with a status of 404 (Not Found) @ http://localhost:3002/_next/static/webpack/2ed8c5d234341932.webpack.hot-update.json:0
[   33295ms] [LOG] %c[Vercel Web Analytics]%c Debug mode is enabled by default in development. No requests will be sent to the server. color: rgb(120, 120, 120) color: inherit @ https://va.vercel-scripts.com/v1/script.debug.js:0
[   33295ms] [LOG] %c[Vercel Web Analytics]%c [view] http://localhost:3002/landing-ko-vf color: rgb(120, 120, 120) color: inherit {o: http://localhost:3002/landing-ko-vf, sv: 0.1.3, sdkn: @vercel/analytics/react, sdkv: 1.6.1, ts: 1777530891888} /_vercel/insights/view @ https://va.vercel-scripts.com/v1/script.debug.js:0
[   33471ms] [INFO] %cDownload the React DevTools for a better development experience: https://reactjs.org/link/react-devtools font-weight:bold @ webpack-internal:///./node_modules/react-dom/cjs/react-dom.development.js:29889
[   33517ms] [LOG] [HMR] connected @ webpack-internal:///./node_modules/next/dist/client/dev/error-overlay/websocket.js:45
[   33547ms] [ERROR] Failed to load resource: the server responded with a status of 404 (Not Found) @ http://localhost:3002/_next/static/webpack/2ed8c5d234341932.webpack.hot-update.json:0
[   33562ms] [LOG] %c[Vercel Web Analytics]%c Debug mode is enabled by default in development. No requests will be sent to the server. color: rgb(120, 120, 120) color: inherit @ https://va.vercel-scripts.com/v1/script.debug.js:0
[   33562ms] [LOG] %c[Vercel Web Analytics]%c [view] http://localhost:3002/landing-ko-vf color: rgb(120, 120, 120) color: inherit {o: http://localhost:3002/landing-ko-vf, sv: 0.1.3, sdkn: @vercel/analytics/react, sdkv: 1.6.1, ts: 1777530892155} /_vercel/insights/view @ https://va.vercel-scripts.com/v1/script.debug.js:0
[   33826ms] [INFO] %cDownload the React DevTools for a better development experience: https://reactjs.org/link/react-devtools font-weight:bold @ webpack-internal:///./node_modules/react-dom/cjs/react-dom.development.js:29889
[   33880ms] [LOG] [HMR] connected @ webpack-internal:///./node_modules/next/dist/client/dev/error-overlay/websocket.js:45
[   33922ms] [LOG] %c[Vercel Web Analytics]%c Debug mode is enabled by default in development. No requests will be sent to the server. color: rgb(120, 120, 120) color: inherit @ https://va.vercel-scripts.com/v1/script.debug.js:0
[   33922ms] [LOG] %c[Vercel Web Analytics]%c [view] http://localhost:3002/landing-ko-vf color: rgb(120, 120, 120) color: inherit {o: http://localhost:3002/landing-ko-vf, sv: 0.1.3, sdkn: @vercel/analytics/react, sdkv: 1.6.1, ts: 1777530892515} /_vercel/insights/view @ https://va.vercel-scripts.com/v1/script.debug.js:0
[   33922ms] [ERROR] Failed to load resource: the server responded with a status of 404 (Not Found) @ http://localhost:3002/_next/static/webpack/2ed8c5d234341932.webpack.hot-update.json:0
[   34166ms] [INFO] %cDownload the React DevTools for a better development experience: https://reactjs.org/link/react-devtools font-weight:bold @ webpack-internal:///./node_modules/react-dom/cjs/react-dom.development.js:29889
[   34216ms] [LOG] [HMR] connected @ webpack-internal:///./node_modules/next/dist/client/dev/error-overlay/websocket.js:45
[   34431ms] [LOG] %c[Vercel Web Analytics]%c Debug mode is enabled by default in development. No requests will be sent to the server. color: rgb(120, 120, 120) color: inherit @ https://va.vercel-scripts.com/v1/script.debug.js:0
[   34431ms] [LOG] %c[Vercel Web Analytics]%c [view] http://localhost:3002/landing-ko-vf color: rgb(120, 120, 120) color: inherit {o: http://localhost:3002/landing-ko-vf, sv: 0.1.3, sdkn: @vercel/analytics/react, sdkv: 1.6.1, ts: 1777530893024} /_vercel/insights/view @ https://va.vercel-scripts.com/v1/script.debug.js:0
[   34521ms] [ERROR] Failed to load resource: the server responded with a status of 404 (Not Found) @ http://localhost:3002/_next/static/webpack/2ed8c5d234341932.webpack.hot-update.json:0
[   34806ms] [INFO] %cDownload the React DevTools for a better development experience: https://reactjs.org/link/react-devtools font-weight:bold @ webpack-internal:///./node_modules/react-dom/cjs/react-dom.development.js:29889
[   34860ms] [LOG] [HMR] connected @ webpack-internal:///./node_modules/next/dist/client/dev/error-overlay/websocket.js:45
[   34892ms] [ERROR] Failed to load resource: the server responded with a status of 404 (Not Found) @ http://localhost:3002/_next/static/webpack/2ed8c5d234341932.webpack.hot-update.json:0
[   34905ms] [LOG] %c[Vercel Web Analytics]%c Debug mode is enabled by default in development. No requests will be sent to the server. color: rgb(120, 120, 120) color: inherit @ https://va.vercel-scripts.com/v1/script.debug.js:0
[   34905ms] [LOG] %c[Vercel Web Analytics]%c [view] http://localhost:3002/landing-ko-vf color: rgb(120, 120, 120) color: inherit {o: http://localhost:3002/landing-ko-vf, sv: 0.1.3, sdkn: @vercel/analytics/react, sdkv: 1.6.1, ts: 1777530893499} /_vercel/insights/view @ https://va.vercel-scripts.com/v1/script.debug.js:0
[   35073ms] [INFO] %cDownload the React DevTools for a better development experience: https://reactjs.org/link/react-devtools font-weight:bold @ webpack-internal:///./node_modules/react-dom/cjs/react-dom.development.js:29889
[   35130ms] [LOG] [HMR] connected @ webpack-internal:///./node_modules/next/dist/client/dev/error-overlay/websocket.js:45
[   35161ms] [ERROR] Failed to load resource: the server responded with a status of 404 (Not Found) @ http://localhost:3002/_next/static/webpack/2ed8c5d234341932.webpack.hot-update.json:0
[   35172ms] [LOG] %c[Vercel Web Analytics]%c Debug mode is enabled by default in development. No requests will be sent to the server. color: rgb(120, 120, 120) color: inherit @ https://va.vercel-scripts.com/v1/script.debug.js:0
[   35172ms] [LOG] %c[Vercel Web Analytics]%c [view] http://localhost:3002/landing-ko-vf color: rgb(120, 120, 120) color: inherit {o: http://localhost:3002/landing-ko-vf, sv: 0.1.3, sdkn: @vercel/analytics/react, sdkv: 1.6.1, ts: 1777530893765} /_vercel/insights/view @ https://va.vercel-scripts.com/v1/script.debug.js:0
[   35330ms] [INFO] %cDownload the React DevTools for a better development experience: https://reactjs.org/link/react-devtools font-weight:bold @ webpack-internal:///./node_modules/react-dom/cjs/react-dom.development.js:29889
[   35379ms] [LOG] [HMR] connected @ webpack-internal:///./node_modules/next/dist/client/dev/error-overlay/websocket.js:45
[   35409ms] [ERROR] Failed to load resource: the server responded with a status of 404 (Not Found) @ http://localhost:3002/_next/static/webpack/2ed8c5d234341932.webpack.hot-update.json:0
[   35420ms] [LOG] %c[Vercel Web Analytics]%c Debug mode is enabled by default in development. No requests will be sent to the server. color: rgb(120, 120, 120) color: inherit @ https://va.vercel-scripts.com/v1/script.debug.js:0
[   35420ms] [LOG] %c[Vercel Web Analytics]%c [view] http://localhost:3002/landing-ko-vf color: rgb(120, 120, 120) color: inherit {o: http://localhost:3002/landing-ko-vf, sv: 0.1.3, sdkn: @vercel/analytics/react, sdkv: 1.6.1, ts: 1777530894013} /_vercel/insights/view @ https://va.vercel-scripts.com/v1/script.debug.js:0
[   35668ms] [INFO] %cDownload the React DevTools for a better development experience: https://reactjs.org/link/react-devtools font-weight:bold @ webpack-internal:///./node_modules/react-dom/cjs/react-dom.development.js:29889
[   35721ms] [LOG] [HMR] connected @ webpack-internal:///./node_modules/next/dist/client/dev/error-overlay/websocket.js:45
[   35750ms] [ERROR] Failed to load resource: the server responded with a status of 404 (Not Found) @ http://localhost:3002/_next/static/webpack/2ed8c5d234341932.webpack.hot-update.json:0
[   35762ms] [LOG] %c[Vercel Web Analytics]%c Debug mode is enabled by default in development. No requests will be sent to the server. color: rgb(120, 120, 120) color: inherit @ https://va.vercel-scripts.com/v1/script.debug.js:0
[   35762ms] [LOG] %c[Vercel Web Analytics]%c [view] http://localhost:3002/landing-ko-vf color: rgb(120, 120, 120) color: inherit {o: http://localhost:3002/landing-ko-vf, sv: 0.1.3, sdkn: @vercel/analytics/react, sdkv: 1.6.1, ts: 1777530894355} /_vercel/insights/view @ https://va.vercel-scripts.com/v1/script.debug.js:0
[   35953ms] [INFO] %cDownload the React DevTools for a better development experience: https://reactjs.org/link/react-devtools font-weight:bold @ webpack-internal:///./node_modules/react-dom/cjs/react-dom.development.js:29889
[   36006ms] [LOG] [HMR] connected @ webpack-internal:///./node_modules/next/dist/client/dev/error-overlay/websocket.js:45
[   36034ms] [ERROR] Failed to load resource: the server responded with a status of 404 (Not Found) @ http://localhost:3002/_next/static/webpack/2ed8c5d234341932.webpack.hot-update.json:0
[   36046ms] [LOG] %c[Vercel Web Analytics]%c Debug mode is enabled by default in development. No requests will be sent to the server. color: rgb(120, 120, 120) color: inherit @ https://va.vercel-scripts.com/v1/script.debug.js:0
[   36046ms] [LOG] %c[Vercel Web Analytics]%c [view] http://localhost:3002/landing-ko-vf color: rgb(120, 120, 120) color: inherit {o: http://localhost:3002/landing-ko-vf, sv: 0.1.3, sdkn: @vercel/analytics/react, sdkv: 1.6.1, ts: 1777530894640} /_vercel/insights/view @ https://va.vercel-scripts.com/v1/script.debug.js:0
[   36224ms] [INFO] %cDownload the React DevTools for a better development experience: https://reactjs.org/link/react-devtools font-weight:bold @ webpack-internal:///./node_modules/react-dom/cjs/react-dom.development.js:29889
[   36272ms] [LOG] [HMR] connected @ webpack-internal:///./node_modules/next/dist/client/dev/error-overlay/websocket.js:45
[   36328ms] [LOG] %c[Vercel Web Analytics]%c Debug mode is enabled by default in development. No requests will be sent to the server. color: rgb(120, 120, 120) color: inherit @ https://va.vercel-scripts.com/v1/script.debug.js:0
[   36328ms] [LOG] %c[Vercel Web Analytics]%c [view] http://localhost:3002/landing-ko-vf color: rgb(120, 120, 120) color: inherit {o: http://localhost:3002/landing-ko-vf, sv: 0.1.3, sdkn: @vercel/analytics/react, sdkv: 1.6.1, ts: 1777530894922} /_vercel/insights/view @ https://va.vercel-scripts.com/v1/script.debug.js:0
[   36341ms] [ERROR] Failed to load resource: the server responded with a status of 404 (Not Found) @ http://localhost:3002/_next/static/webpack/2ed8c5d234341932.webpack.hot-update.json:0
[   36994ms] [INFO] %cDownload the React DevTools for a better development experience: https://reactjs.org/link/react-devtools font-weight:bold @ webpack-internal:///./node_modules/react-dom/cjs/react-dom.development.js:29889
[   37050ms] [LOG] [HMR] connected @ webpack-internal:///./node_modules/next/dist/client/dev/error-overlay/websocket.js:45
[   37095ms] [LOG] %c[Vercel Web Analytics]%c Debug mode is enabled by default in development. No requests will be sent to the server. color: rgb(120, 120, 120) color: inherit @ https://va.vercel-scripts.com/v1/script.debug.js:0
[   37095ms] [LOG] %c[Vercel Web Analytics]%c [view] http://localhost:3002/landing-ko-vf color: rgb(120, 120, 120) color: inherit {o: http://localhost:3002/landing-ko-vf, sv: 0.1.3, sdkn: @vercel/analytics/react, sdkv: 1.6.1, ts: 1777530895689} /_vercel/insights/view @ https://va.vercel-scripts.com/v1/script.debug.js:0
[   37203ms] [ERROR] Failed to load resource: the server responded with a status of 404 (Not Found) @ http://localhost:3002/_next/static/webpack/2ed8c5d234341932.webpack.hot-update.json:0
[   37431ms] [INFO] %cDownload the React DevTools for a better development experience: https://reactjs.org/link/react-devtools font-weight:bold @ webpack-internal:///./node_modules/react-dom/cjs/react-dom.development.js:29889
[   37551ms] [LOG] [HMR] connected @ webpack-internal:///./node_modules/next/dist/client/dev/error-overlay/websocket.js:45
[   37627ms] [LOG] %c[Vercel Web Analytics]%c Debug mode is enabled by default in development. No requests will be sent to the server. color: rgb(120, 120, 120) color: inherit @ https://va.vercel-scripts.com/v1/script.debug.js:0
[   37627ms] [LOG] %c[Vercel Web Analytics]%c [view] http://localhost:3002/landing-ko-vf color: rgb(120, 120, 120) color: inherit {o: http://localhost:3002/landing-ko-vf, sv: 0.1.3, sdkn: @vercel/analytics/react, sdkv: 1.6.1, ts: 1777530896220} /_vercel/insights/view @ https://va.vercel-scripts.com/v1/script.debug.js:0
[   37651ms] [ERROR] Failed to load resource: the server responded with a status of 404 (Not Found) @ http://localhost:3002/_next/static/webpack/2ed8c5d234341932.webpack.hot-update.json:0
[   37893ms] [INFO] %cDownload the React DevTools for a better development experience: https://reactjs.org/link/react-devtools font-weight:bold @ webpack-internal:///./node_modules/react-dom/cjs/react-dom.development.js:29889
[   37945ms] [LOG] [HMR] connected @ webpack-internal:///./node_modules/next/dist/client/dev/error-overlay/websocket.js:45
[   37976ms] [ERROR] Failed to load resource: the server responded with a status of 404 (Not Found) @ http://localhost:3002/_next/static/webpack/2ed8c5d234341932.webpack.hot-update.json:0
[   37988ms] [LOG] %c[Vercel Web Analytics]%c Debug mode is enabled by default in development. No requests will be sent to the server. color: rgb(120, 120, 120) color: inherit @ https://va.vercel-scripts.com/v1/script.debug.js:0
[   37988ms] [LOG] %c[Vercel Web Analytics]%c [view] http://localhost:3002/landing-ko-vf color: rgb(120, 120, 120) color: inherit {o: http://localhost:3002/landing-ko-vf, sv: 0.1.3, sdkn: @vercel/analytics/react, sdkv: 1.6.1, ts: 1777530896582} /_vercel/insights/view @ https://va.vercel-scripts.com/v1/script.debug.js:0
[   38237ms] [INFO] %cDownload the React DevTools for a better development experience: https://reactjs.org/link/react-devtools font-weight:bold @ webpack-internal:///./node_modules/react-dom/cjs/react-dom.development.js:29889
[   38293ms] [LOG] [HMR] connected @ webpack-internal:///./node_modules/next/dist/client/dev/error-overlay/websocket.js:45
[   38342ms] [LOG] %c[Vercel Web Analytics]%c Debug mode is enabled by default in development. No requests will be sent to the server. color: rgb(120, 120, 120) color: inherit @ https://va.vercel-scripts.com/v1/script.debug.js:0
[   38342ms] [LOG] %c[Vercel Web Analytics]%c [view] http://localhost:3002/landing-ko-vf color: rgb(120, 120, 120) color: inherit {o: http://localhost:3002/landing-ko-vf, sv: 0.1.3, sdkn: @vercel/analytics/react, sdkv: 1.6.1, ts: 1777530896935} /_vercel/insights/view @ https://va.vercel-scripts.com/v1/script.debug.js:0
[   38411ms] [ERROR] Failed to load resource: the server responded with a status of 404 (Not Found) @ http://localhost:3002/_next/static/webpack/2ed8c5d234341932.webpack.hot-update.json:0
[   38712ms] [INFO] %cDownload the React DevTools for a better development experience: https://reactjs.org/link/react-devtools font-weight:bold @ webpack-internal:///./node_modules/react-dom/cjs/react-dom.development.js:29889
[   38781ms] [LOG] [HMR] connected @ webpack-internal:///./node_modules/next/dist/client/dev/error-overlay/websocket.js:45
[   38808ms] [ERROR] Failed to load resource: the server responded with a status of 404 (Not Found) @ http://localhost:3002/_next/static/webpack/2ed8c5d234341932.webpack.hot-update.json:0
[   38820ms] [LOG] %c[Vercel Web Analytics]%c Debug mode is enabled by default in development. No requests will be sent to the server. color: rgb(120, 120, 120) color: inherit @ https://va.vercel-scripts.com/v1/script.debug.js:0
[   38820ms] [LOG] %c[Vercel Web Analytics]%c [view] http://localhost:3002/landing-ko-vf color: rgb(120, 120, 120) color: inherit {o: http://localhost:3002/landing-ko-vf, sv: 0.1.3, sdkn: @vercel/analytics/react, sdkv: 1.6.1, ts: 1777530897414} /_vercel/insights/view @ https://va.vercel-scripts.com/v1/script.debug.js:0
[   39237ms] [INFO] %cDownload the React DevTools for a better development experience: https://reactjs.org/link/react-devtools font-weight:bold @ webpack-internal:///./node_modules/react-dom/cjs/react-dom.development.js:29889
[   39295ms] [LOG] [HMR] connected @ webpack-internal:///./node_modules/next/dist/client/dev/error-overlay/websocket.js:45
[   39343ms] [LOG] %c[Vercel Web Analytics]%c Debug mode is enabled by default in development. No requests will be sent to the server. color: rgb(120, 120, 120) color: inherit @ https://va.vercel-scripts.com/v1/script.debug.js:0
[   39343ms] [LOG] %c[Vercel Web Analytics]%c [view] http://localhost:3002/landing-ko-vf color: rgb(120, 120, 120) color: inherit {o: http://localhost:3002/landing-ko-vf, sv: 0.1.3, sdkn: @vercel/analytics/react, sdkv: 1.6.1, ts: 1777530897937} /_vercel/insights/view @ https://va.vercel-scripts.com/v1/script.debug.js:0
[   39349ms] [ERROR] Failed to load resource: the server responded with a status of 404 (Not Found) @ http://localhost:3002/_next/static/webpack/2ed8c5d234341932.webpack.hot-update.json:0
[   39582ms] [INFO] %cDownload the React DevTools for a better development experience: https://reactjs.org/link/react-devtools font-weight:bold @ webpack-internal:///./node_modules/react-dom/cjs/react-dom.development.js:29889
[   39636ms] [LOG] [HMR] connected @ webpack-internal:///./node_modules/next/dist/client/dev/error-overlay/websocket.js:45
[   39670ms] [LOG] %c[Vercel Web Analytics]%c Debug mode is enabled by default in development. No requests will be sent to the server. color: rgb(120, 120, 120) color: inherit @ https://va.vercel-scripts.com/v1/script.debug.js:0
[   39670ms] [LOG] %c[Vercel Web Analytics]%c [view] http://localhost:3002/landing-ko-vf color: rgb(120, 120, 120) color: inherit {o: http://localhost:3002/landing-ko-vf, sv: 0.1.3, sdkn: @vercel/analytics/react, sdkv: 1.6.1, ts: 1777530898264} /_vercel/insights/view @ https://va.vercel-scripts.com/v1/script.debug.js:0
[   39670ms] [ERROR] Failed to load resource: the server responded with a status of 404 (Not Found) @ http://localhost:3002/_next/static/webpack/2ed8c5d234341932.webpack.hot-update.json:0
[   39925ms] [INFO] %cDownload the React DevTools for a better development experience: https://reactjs.org/link/react-devtools font-weight:bold @ webpack-internal:///./node_modules/react-dom/cjs/react-dom.development.js:29889
[   39995ms] [LOG] [HMR] connected @ webpack-internal:///./node_modules/next/dist/client/dev/error-overlay/websocket.js:45
[   40023ms] [ERROR] Failed to load resource: the server responded with a status of 404 (Not Found) @ http://localhost:3002/_next/static/webpack/2ed8c5d234341932.webpack.hot-update.json:0
[   40036ms] [LOG] %c[Vercel Web Analytics]%c Debug mode is enabled by default in development. No requests will be sent to the server. color: rgb(120, 120, 120) color: inherit @ https://va.vercel-scripts.com/v1/script.debug.js:0
[   40037ms] [LOG] %c[Vercel Web Analytics]%c [view] http://localhost:3002/landing-ko-vf color: rgb(120, 120, 120) color: inherit {o: http://localhost:3002/landing-ko-vf, sv: 0.1.3, sdkn: @vercel/analytics/react, sdkv: 1.6.1, ts: 1777530898630} /_vercel/insights/view @ https://va.vercel-scripts.com/v1/script.debug.js:0
[   40237ms] [INFO] %cDownload the React DevTools for a better development experience: https://reactjs.org/link/react-devtools font-weight:bold @ webpack-internal:///./node_modules/react-dom/cjs/react-dom.development.js:29889
[   40285ms] [LOG] [HMR] connected @ webpack-internal:///./node_modules/next/dist/client/dev/error-overlay/websocket.js:45
[   40308ms] [ERROR] Failed to load resource: the server responded with a status of 404 (Not Found) @ http://localhost:3002/_next/static/webpack/2ed8c5d234341932.webpack.hot-update.json:0
[   40320ms] [LOG] %c[Vercel Web Analytics]%c Debug mode is enabled by default in development. No requests will be sent to the server. color: rgb(120, 120, 120) color: inherit @ https://va.vercel-scripts.com/v1/script.debug.js:0
[   40320ms] [LOG] %c[Vercel Web Analytics]%c [view] http://localhost:3002/landing-ko-vf color: rgb(120, 120, 120) color: inherit {o: http://localhost:3002/landing-ko-vf, sv: 0.1.3, sdkn: @vercel/analytics/react, sdkv: 1.6.1, ts: 1777530898913} /_vercel/insights/view @ https://va.vercel-scripts.com/v1/script.debug.js:0
[   40608ms] [INFO] %cDownload the React DevTools for a better development experience: https://reactjs.org/link/react-devtools font-weight:bold @ webpack-internal:///./node_modules/react-dom/cjs/react-dom.development.js:29889
[   40658ms] [LOG] [HMR] connected @ webpack-internal:///./node_modules/next/dist/client/dev/error-overlay/websocket.js:45
[   40707ms] [LOG] %c[Vercel Web Analytics]%c Debug mode is enabled by default in development. No requests will be sent to the server. color: rgb(120, 120, 120) color: inherit @ https://va.vercel-scripts.com/v1/script.debug.js:0
[   40707ms] [LOG] %c[Vercel Web Analytics]%c [view] http://localhost:3002/landing-ko-vf color: rgb(120, 120, 120) color: inherit {o: http://localhost:3002/landing-ko-vf, sv: 0.1.3, sdkn: @vercel/analytics/react, sdkv: 1.6.1, ts: 1777530899300} /_vercel/insights/view @ https://va.vercel-scripts.com/v1/script.debug.js:0
[   40736ms] [ERROR] Failed to load resource: the server responded with a status of 404 (Not Found) @ http://localhost:3002/_next/static/webpack/2ed8c5d234341932.webpack.hot-update.json:0
[   40960ms] [INFO] %cDownload the React DevTools for a better development experience: https://reactjs.org/link/react-devtools font-weight:bold @ webpack-internal:///./node_modules/react-dom/cjs/react-dom.development.js:29889
[   41121ms] [LOG] [HMR] connected @ webpack-internal:///./node_modules/next/dist/client/dev/error-overlay/websocket.js:45
[   41171ms] [LOG] %c[Vercel Web Analytics]%c Debug mode is enabled by default in development. No requests will be sent to the server. color: rgb(120, 120, 120) color: inherit @ https://va.vercel-scripts.com/v1/script.debug.js:0
[   41171ms] [LOG] %c[Vercel Web Analytics]%c [view] http://localhost:3002/landing-ko-vf color: rgb(120, 120, 120) color: inherit {o: http://localhost:3002/landing-ko-vf, sv: 0.1.3, sdkn: @vercel/analytics/react, sdkv: 1.6.1, ts: 1777530899765} /_vercel/insights/view @ https://va.vercel-scripts.com/v1/script.debug.js:0
[   41210ms] [ERROR] Failed to load resource: the server responded with a status of 404 (Not Found) @ http://localhost:3002/_next/static/webpack/2ed8c5d234341932.webpack.hot-update.json:0
[   41403ms] [INFO] %cDownload the React DevTools for a better development experience: https://reactjs.org/link/react-devtools font-weight:bold @ webpack-internal:///./node_modules/react-dom/cjs/react-dom.development.js:29889
[   41453ms] [LOG] [HMR] connected @ webpack-internal:///./node_modules/next/dist/client/dev/error-overlay/websocket.js:45
[   41486ms] [LOG] %c[Vercel Web Analytics]%c Debug mode is enabled by default in development. No requests will be sent to the server. color: rgb(120, 120, 120) color: inherit @ https://va.vercel-scripts.com/v1/script.debug.js:0
[   41486ms] [LOG] %c[Vercel Web Analytics]%c [view] http://localhost:3002/landing-ko-vf color: rgb(120, 120, 120) color: inherit {o: http://localhost:3002/landing-ko-vf, sv: 0.1.3, sdkn: @vercel/analytics/react, sdkv: 1.6.1, ts: 1777530900079} /_vercel/insights/view @ https://va.vercel-scripts.com/v1/script.debug.js:0
[   41486ms] [ERROR] Failed to load resource: the server responded with a status of 404 (Not Found) @ http://localhost:3002/_next/static/webpack/2ed8c5d234341932.webpack.hot-update.json:0
[   41759ms] [INFO] %cDownload the React DevTools for a better development experience: https://reactjs.org/link/react-devtools font-weight:bold @ webpack-internal:///./node_modules/react-dom/cjs/react-dom.development.js:29889
[   41809ms] [LOG] [HMR] connected @ webpack-internal:///./node_modules/next/dist/client/dev/error-overlay/websocket.js:45
[   41845ms] [ERROR] Failed to load resource: the server responded with a status of 404 (Not Found) @ http://localhost:3002/_next/static/webpack/2ed8c5d234341932.webpack.hot-update.json:0
[   41856ms] [LOG] %c[Vercel Web Analytics]%c Debug mode is enabled by default in development. No requests will be sent to the server. color: rgb(120, 120, 120) color: inherit @ https://va.vercel-scripts.com/v1/script.debug.js:0
[   41856ms] [LOG] %c[Vercel Web Analytics]%c [view] http://localhost:3002/landing-ko-vf color: rgb(120, 120, 120) color: inherit {o: http://localhost:3002/landing-ko-vf, sv: 0.1.3, sdkn: @vercel/analytics/react, sdkv: 1.6.1, ts: 1777530900450} /_vercel/insights/view @ https://va.vercel-scripts.com/v1/script.debug.js:0
[   42119ms] [INFO] %cDownload the React DevTools for a better development experience: https://reactjs.org/link/react-devtools font-weight:bold @ webpack-internal:///./node_modules/react-dom/cjs/react-dom.development.js:29889
[   42168ms] [LOG] [HMR] connected @ webpack-internal:///./node_modules/next/dist/client/dev/error-overlay/websocket.js:45
[   42203ms] [ERROR] Failed to load resource: the server responded with a status of 404 (Not Found) @ http://localhost:3002/_next/static/webpack/2ed8c5d234341932.webpack.hot-update.json:0
[   42217ms] [LOG] %c[Vercel Web Analytics]%c Debug mode is enabled by default in development. No requests will be sent to the server. color: rgb(120, 120, 120) color: inherit @ https://va.vercel-scripts.com/v1/script.debug.js:0
[   42217ms] [LOG] %c[Vercel Web Analytics]%c [view] http://localhost:3002/landing-ko-vf color: rgb(120, 120, 120) color: inherit {o: http://localhost:3002/landing-ko-vf, sv: 0.1.3, sdkn: @vercel/analytics/react, sdkv: 1.6.1, ts: 1777530900810} /_vercel/insights/view @ https://va.vercel-scripts.com/v1/script.debug.js:0
[   42707ms] [INFO] %cDownload the React DevTools for a better development experience: https://reactjs.org/link/react-devtools font-weight:bold @ webpack-internal:///./node_modules/react-dom/cjs/react-dom.development.js:29889
[   42763ms] [LOG] [HMR] connected @ webpack-internal:///./node_modules/next/dist/client/dev/error-overlay/websocket.js:45
[   42793ms] [ERROR] Failed to load resource: the server responded with a status of 404 (Not Found) @ http://localhost:3002/_next/static/webpack/2ed8c5d234341932.webpack.hot-update.json:0
[   42806ms] [LOG] %c[Vercel Web Analytics]%c Debug mode is enabled by default in development. No requests will be sent to the server. color: rgb(120, 120, 120) color: inherit @ https://va.vercel-scripts.com/v1/script.debug.js:0
[   42807ms] [LOG] %c[Vercel Web Analytics]%c [view] http://localhost:3002/landing-ko-vf color: rgb(120, 120, 120) color: inherit {o: http://localhost:3002/landing-ko-vf, sv: 0.1.3, sdkn: @vercel/analytics/react, sdkv: 1.6.1, ts: 1777530901400} /_vercel/insights/view @ https://va.vercel-scripts.com/v1/script.debug.js:0
[   43037ms] [INFO] %cDownload the React DevTools for a better development experience: https://reactjs.org/link/react-devtools font-weight:bold @ webpack-internal:///./node_modules/react-dom/cjs/react-dom.development.js:29889
[   43184ms] [LOG] [HMR] connected @ webpack-internal:///./node_modules/next/dist/client/dev/error-overlay/websocket.js:45
[   43239ms] [ERROR] Failed to load resource: the server responded with a status of 404 (Not Found) @ http://localhost:3002/_next/static/webpack/2ed8c5d234341932.webpack.hot-update.json:0
[   43244ms] [LOG] %c[Vercel Web Analytics]%c Debug mode is enabled by default in development. No requests will be sent to the server. color: rgb(120, 120, 120) color: inherit @ https://va.vercel-scripts.com/v1/script.debug.js:0
[   43244ms] [LOG] %c[Vercel Web Analytics]%c [view] http://localhost:3002/landing-ko-vf color: rgb(120, 120, 120) color: inherit {o: http://localhost:3002/landing-ko-vf, sv: 0.1.3, sdkn: @vercel/analytics/react, sdkv: 1.6.1, ts: 1777530901837} /_vercel/insights/view @ https://va.vercel-scripts.com/v1/script.debug.js:0
[   43551ms] [INFO] %cDownload the React DevTools for a better development experience: https://reactjs.org/link/react-devtools font-weight:bold @ webpack-internal:///./node_modules/react-dom/cjs/react-dom.development.js:29889
[   43613ms] [LOG] [HMR] connected @ webpack-internal:///./node_modules/next/dist/client/dev/error-overlay/websocket.js:45
[   43644ms] [ERROR] Failed to load resource: the server responded with a status of 404 (Not Found) @ http://localhost:3002/_next/static/webpack/2ed8c5d234341932.webpack.hot-update.json:0
[   43655ms] [LOG] %c[Vercel Web Analytics]%c Debug mode is enabled by default in development. No requests will be sent to the server. color: rgb(120, 120, 120) color: inherit @ https://va.vercel-scripts.com/v1/script.debug.js:0
[   43655ms] [LOG] %c[Vercel Web Analytics]%c [view] http://localhost:3002/landing-ko-vf color: rgb(120, 120, 120) color: inherit {o: http://localhost:3002/landing-ko-vf, sv: 0.1.3, sdkn: @vercel/analytics/react, sdkv: 1.6.1, ts: 1777530902249} /_vercel/insights/view @ https://va.vercel-scripts.com/v1/script.debug.js:0
[   43847ms] [INFO] %cDownload the React DevTools for a better development experience: https://reactjs.org/link/react-devtools font-weight:bold @ webpack-internal:///./node_modules/react-dom/cjs/react-dom.development.js:29889
[   43999ms] [LOG] [HMR] connected @ webpack-internal:///./node_modules/next/dist/client/dev/error-overlay/websocket.js:45
[   44130ms] [LOG] %c[Vercel Web Analytics]%c Debug mode is enabled by default in development. No requests will be sent to the server. color: rgb(120, 120, 120) color: inherit @ https://va.vercel-scripts.com/v1/script.debug.js:0
[   44130ms] [LOG] %c[Vercel Web Analytics]%c [view] http://localhost:3002/landing-ko-vf color: rgb(120, 120, 120) color: inherit {o: http://localhost:3002/landing-ko-vf, sv: 0.1.3, sdkn: @vercel/analytics/react, sdkv: 1.6.1, ts: 1777530902724} /_vercel/insights/view @ https://va.vercel-scripts.com/v1/script.debug.js:0
[   44160ms] [ERROR] Failed to load resource: the server responded with a status of 404 (Not Found) @ http://localhost:3002/_next/static/webpack/2ed8c5d234341932.webpack.hot-update.json:0
[   44555ms] [INFO] %cDownload the React DevTools for a better development experience: https://reactjs.org/link/react-devtools font-weight:bold @ webpack-internal:///./node_modules/react-dom/cjs/react-dom.development.js:29889
[   44656ms] [LOG] [HMR] connected @ webpack-internal:///./node_modules/next/dist/client/dev/error-overlay/websocket.js:45
[   44696ms] [ERROR] Failed to load resource: the server responded with a status of 404 (Not Found) @ http://localhost:3002/_next/static/webpack/2ed8c5d234341932.webpack.hot-update.json:0
[   44697ms] [LOG] %c[Vercel Web Analytics]%c Debug mode is enabled by default in development. No requests will be sent to the server. color: rgb(120, 120, 120) color: inherit @ https://va.vercel-scripts.com/v1/script.debug.js:0
[   44697ms] [LOG] %c[Vercel Web Analytics]%c [view] http://localhost:3002/landing-ko-vf color: rgb(120, 120, 120) color: inherit {o: http://localhost:3002/landing-ko-vf, sv: 0.1.3, sdkn: @vercel/analytics/react, sdkv: 1.6.1, ts: 1777530903290} /_vercel/insights/view @ https://va.vercel-scripts.com/v1/script.debug.js:0
[   45094ms] [INFO] %cDownload the React DevTools for a better development experience: https://reactjs.org/link/react-devtools font-weight:bold @ webpack-internal:///./node_modules/react-dom/cjs/react-dom.development.js:29889
[   45155ms] [LOG] [HMR] connected @ webpack-internal:///./node_modules/next/dist/client/dev/error-overlay/websocket.js:45
[   45197ms] [LOG] %c[Vercel Web Analytics]%c Debug mode is enabled by default in development. No requests will be sent to the server. color: rgb(120, 120, 120) color: inherit @ https://va.vercel-scripts.com/v1/script.debug.js:0
[   45198ms] [LOG] %c[Vercel Web Analytics]%c [view] http://localhost:3002/landing-ko-vf color: rgb(120, 120, 120) color: inherit {o: http://localhost:3002/landing-ko-vf, sv: 0.1.3, sdkn: @vercel/analytics/react, sdkv: 1.6.1, ts: 1777530903791} /_vercel/insights/view @ https://va.vercel-scripts.com/v1/script.debug.js:0
[   45198ms] [ERROR] Failed to load resource: the server responded with a status of 404 (Not Found) @ http://localhost:3002/_next/static/webpack/2ed8c5d234341932.webpack.hot-update.json:0
[   45430ms] [INFO] %cDownload the React DevTools for a better development experience: https://reactjs.org/link/react-devtools font-weight:bold @ webpack-internal:///./node_modules/react-dom/cjs/react-dom.development.js:29889
[   45481ms] [LOG] [HMR] connected @ webpack-internal:///./node_modules/next/dist/client/dev/error-overlay/websocket.js:45
[   45511ms] [ERROR] Failed to load resource: the server responded with a status of 404 (Not Found) @ http://localhost:3002/_next/static/webpack/2ed8c5d234341932.webpack.hot-update.json:0
[   45525ms] [LOG] %c[Vercel Web Analytics]%c Debug mode is enabled by default in development. No requests will be sent to the server. color: rgb(120, 120, 120) color: inherit @ https://va.vercel-scripts.com/v1/script.debug.js:0
[   45525ms] [LOG] %c[Vercel Web Analytics]%c [view] http://localhost:3002/landing-ko-vf color: rgb(120, 120, 120) color: inherit {o: http://localhost:3002/landing-ko-vf, sv: 0.1.3, sdkn: @vercel/analytics/react, sdkv: 1.6.1, ts: 1777530904119} /_vercel/insights/view @ https://va.vercel-scripts.com/v1/script.debug.js:0
[   45989ms] [INFO] %cDownload the React DevTools for a better development experience: https://reactjs.org/link/react-devtools font-weight:bold @ webpack-internal:///./node_modules/react-dom/cjs/react-dom.development.js:29889
[   46058ms] [LOG] [HMR] connected @ webpack-internal:///./node_modules/next/dist/client/dev/error-overlay/websocket.js:45
[   46083ms] [ERROR] Failed to load resource: the server responded with a status of 404 (Not Found) @ http://localhost:3002/_next/static/webpack/2ed8c5d234341932.webpack.hot-update.json:0
[   46094ms] [LOG] %c[Vercel Web Analytics]%c Debug mode is enabled by default in development. No requests will be sent to the server. color: rgb(120, 120, 120) color: inherit @ https://va.vercel-scripts.com/v1/script.debug.js:0
[   46094ms] [LOG] %c[Vercel Web Analytics]%c [view] http://localhost:3002/landing-ko-vf color: rgb(120, 120, 120) color: inherit {o: http://localhost:3002/landing-ko-vf, sv: 0.1.3, sdkn: @vercel/analytics/react, sdkv: 1.6.1, ts: 1777530904688} /_vercel/insights/view @ https://va.vercel-scripts.com/v1/script.debug.js:0
[   46338ms] [INFO] %cDownload the React DevTools for a better development experience: https://reactjs.org/link/react-devtools font-weight:bold @ webpack-internal:///./node_modules/react-dom/cjs/react-dom.development.js:29889
[   46395ms] [LOG] [HMR] connected @ webpack-internal:///./node_modules/next/dist/client/dev/error-overlay/websocket.js:45
[   46430ms] [LOG] %c[Vercel Web Analytics]%c Debug mode is enabled by default in development. No requests will be sent to the server. color: rgb(120, 120, 120) color: inherit @ https://va.vercel-scripts.com/v1/script.debug.js:0
[   46430ms] [LOG] %c[Vercel Web Analytics]%c [view] http://localhost:3002/landing-ko-vf color: rgb(120, 120, 120) color: inherit {o: http://localhost:3002/landing-ko-vf, sv: 0.1.3, sdkn: @vercel/analytics/react, sdkv: 1.6.1, ts: 1777530905023} /_vercel/insights/view @ https://va.vercel-scripts.com/v1/script.debug.js:0
[   46430ms] [ERROR] Failed to load resource: the server responded with a status of 404 (Not Found) @ http://localhost:3002/_next/static/webpack/2ed8c5d234341932.webpack.hot-update.json:0
[   46673ms] [INFO] %cDownload the React DevTools for a better development experience: https://reactjs.org/link/react-devtools font-weight:bold @ webpack-internal:///./node_modules/react-dom/cjs/react-dom.development.js:29889
[   46725ms] [LOG] [HMR] connected @ webpack-internal:///./node_modules/next/dist/client/dev/error-overlay/websocket.js:45
[   46759ms] [ERROR] Failed to load resource: the server responded with a status of 404 (Not Found) @ http://localhost:3002/_next/static/webpack/2ed8c5d234341932.webpack.hot-update.json:0
[   46772ms] [LOG] %c[Vercel Web Analytics]%c Debug mode is enabled by default in development. No requests will be sent to the server. color: rgb(120, 120, 120) color: inherit @ https://va.vercel-scripts.com/v1/script.debug.js:0
[   46772ms] [LOG] %c[Vercel Web Analytics]%c [view] http://localhost:3002/landing-ko-vf color: rgb(120, 120, 120) color: inherit {o: http://localhost:3002/landing-ko-vf, sv: 0.1.3, sdkn: @vercel/analytics/react, sdkv: 1.6.1, ts: 1777530905365} /_vercel/insights/view @ https://va.vercel-scripts.com/v1/script.debug.js:0
[   47010ms] [INFO] %cDownload the React DevTools for a better development experience: https://reactjs.org/link/react-devtools font-weight:bold @ webpack-internal:///./node_modules/react-dom/cjs/react-dom.development.js:29889
[   47181ms] [LOG] [HMR] connected @ webpack-internal:///./node_modules/next/dist/client/dev/error-overlay/websocket.js:45
[   47298ms] [LOG] %c[Vercel Web Analytics]%c Debug mode is enabled by default in development. No requests will be sent to the server. color: rgb(120, 120, 120) color: inherit @ https://va.vercel-scripts.com/v1/script.debug.js:0
[   47298ms] [LOG] %c[Vercel Web Analytics]%c [view] http://localhost:3002/landing-ko-vf color: rgb(120, 120, 120) color: inherit {o: http://localhost:3002/landing-ko-vf, sv: 0.1.3, sdkn: @vercel/analytics/react, sdkv: 1.6.1, ts: 1777530905892} /_vercel/insights/view @ https://va.vercel-scripts.com/v1/script.debug.js:0
[   47333ms] [ERROR] Failed to load resource: the server responded with a status of 404 (Not Found) @ http://localhost:3002/_next/static/webpack/2ed8c5d234341932.webpack.hot-update.json:0
[   47599ms] [INFO] %cDownload the React DevTools for a better development experience: https://reactjs.org/link/react-devtools font-weight:bold @ webpack-internal:///./node_modules/react-dom/cjs/react-dom.development.js:29889
[   47655ms] [LOG] [HMR] connected @ webpack-internal:///./node_modules/next/dist/client/dev/error-overlay/websocket.js:45
[   47685ms] [ERROR] Failed to load resource: the server responded with a status of 404 (Not Found) @ http://localhost:3002/_next/static/webpack/2ed8c5d234341932.webpack.hot-update.json:0
[   47698ms] [LOG] %c[Vercel Web Analytics]%c Debug mode is enabled by default in development. No requests will be sent to the server. color: rgb(120, 120, 120) color: inherit @ https://va.vercel-scripts.com/v1/script.debug.js:0
[   47698ms] [LOG] %c[Vercel Web Analytics]%c [view] http://localhost:3002/landing-ko-vf color: rgb(120, 120, 120) color: inherit {o: http://localhost:3002/landing-ko-vf, sv: 0.1.3, sdkn: @vercel/analytics/react, sdkv: 1.6.1, ts: 1777530906291} /_vercel/insights/view @ https://va.vercel-scripts.com/v1/script.debug.js:0
[   47911ms] [INFO] %cDownload the React DevTools for a better development experience: https://reactjs.org/link/react-devtools font-weight:bold @ webpack-internal:///./node_modules/react-dom/cjs/react-dom.development.js:29889
[   47961ms] [LOG] [HMR] connected @ webpack-internal:///./node_modules/next/dist/client/dev/error-overlay/websocket.js:45
[   48003ms] [ERROR] Failed to load resource: the server responded with a status of 404 (Not Found) @ http://localhost:3002/_next/static/webpack/2ed8c5d234341932.webpack.hot-update.json:0
[   48017ms] [LOG] %c[Vercel Web Analytics]%c Debug mode is enabled by default in development. No requests will be sent to the server. color: rgb(120, 120, 120) color: inherit @ https://va.vercel-scripts.com/v1/script.debug.js:0
[   48017ms] [LOG] %c[Vercel Web Analytics]%c [view] http://localhost:3002/landing-ko-vf color: rgb(120, 120, 120) color: inherit {o: http://localhost:3002/landing-ko-vf, sv: 0.1.3, sdkn: @vercel/analytics/react, sdkv: 1.6.1, ts: 1777530906610} /_vercel/insights/view @ https://va.vercel-scripts.com/v1/script.debug.js:0
[   48476ms] [INFO] %cDownload the React DevTools for a better development experience: https://reactjs.org/link/react-devtools font-weight:bold @ webpack-internal:///./node_modules/react-dom/cjs/react-dom.development.js:29889
[   48561ms] [LOG] [HMR] connected @ webpack-internal:///./node_modules/next/dist/client/dev/error-overlay/websocket.js:45
[   48616ms] [LOG] %c[Vercel Web Analytics]%c Debug mode is enabled by default in development. No requests will be sent to the server. color: rgb(120, 120, 120) color: inherit @ https://va.vercel-scripts.com/v1/script.debug.js:0
[   48616ms] [LOG] %c[Vercel Web Analytics]%c [view] http://localhost:3002/landing-ko-vf color: rgb(120, 120, 120) color: inherit {o: http://localhost:3002/landing-ko-vf, sv: 0.1.3, sdkn: @vercel/analytics/react, sdkv: 1.6.1, ts: 1777530907210} /_vercel/insights/view @ https://va.vercel-scripts.com/v1/script.debug.js:0
[   48650ms] [ERROR] Failed to load resource: the server responded with a status of 404 (Not Found) @ http://localhost:3002/_next/static/webpack/2ed8c5d234341932.webpack.hot-update.json:0
[   48902ms] [INFO] %cDownload the React DevTools for a better development experience: https://reactjs.org/link/react-devtools font-weight:bold @ webpack-internal:///./node_modules/react-dom/cjs/react-dom.development.js:29889
[   48953ms] [LOG] [HMR] connected @ webpack-internal:///./node_modules/next/dist/client/dev/error-overlay/websocket.js:45
[   48978ms] [ERROR] Failed to load resource: the server responded with a status of 404 (Not Found) @ http://localhost:3002/_next/static/webpack/2ed8c5d234341932.webpack.hot-update.json:0
[   48990ms] [LOG] %c[Vercel Web Analytics]%c Debug mode is enabled by default in development. No requests will be sent to the server. color: rgb(120, 120, 120) color: inherit @ https://va.vercel-scripts.com/v1/script.debug.js:0
[   48990ms] [LOG] %c[Vercel Web Analytics]%c [view] http://localhost:3002/landing-ko-vf color: rgb(120, 120, 120) color: inherit {o: http://localhost:3002/landing-ko-vf, sv: 0.1.3, sdkn: @vercel/analytics/react, sdkv: 1.6.1, ts: 1777530907584} /_vercel/insights/view @ https://va.vercel-scripts.com/v1/script.debug.js:0
[   49176ms] [INFO] %cDownload the React DevTools for a better development experience: https://reactjs.org/link/react-devtools font-weight:bold @ webpack-internal:///./node_modules/react-dom/cjs/react-dom.development.js:29889
[   49225ms] [LOG] [HMR] connected @ webpack-internal:///./node_modules/next/dist/client/dev/error-overlay/websocket.js:45
[   49266ms] [LOG] %c[Vercel Web Analytics]%c Debug mode is enabled by default in development. No requests will be sent to the server. color: rgb(120, 120, 120) color: inherit @ https://va.vercel-scripts.com/v1/script.debug.js:0
[   49266ms] [LOG] %c[Vercel Web Analytics]%c [view] http://localhost:3002/landing-ko-vf color: rgb(120, 120, 120) color: inherit {o: http://localhost:3002/landing-ko-vf, sv: 0.1.3, sdkn: @vercel/analytics/react, sdkv: 1.6.1, ts: 1777530907859} /_vercel/insights/view @ https://va.vercel-scripts.com/v1/script.debug.js:0
[   49266ms] [ERROR] Failed to load resource: the server responded with a status of 404 (Not Found) @ http://localhost:3002/_next/static/webpack/2ed8c5d234341932.webpack.hot-update.json:0
[   49958ms] [INFO] %cDownload the React DevTools for a better development experience: https://reactjs.org/link/react-devtools font-weight:bold @ webpack-internal:///./node_modules/react-dom/cjs/react-dom.development.js:29889
[   50019ms] [LOG] [HMR] connected @ webpack-internal:///./node_modules/next/dist/client/dev/error-overlay/websocket.js:45
[   50053ms] [ERROR] Failed to load resource: the server responded with a status of 404 (Not Found) @ http://localhost:3002/_next/static/webpack/2ed8c5d234341932.webpack.hot-update.json:0
[   50066ms] [LOG] %c[Vercel Web Analytics]%c Debug mode is enabled by default in development. No requests will be sent to the server. color: rgb(120, 120, 120) color: inherit @ https://va.vercel-scripts.com/v1/script.debug.js:0
[   50066ms] [LOG] %c[Vercel Web Analytics]%c [view] http://localhost:3002/landing-ko-vf color: rgb(120, 120, 120) color: inherit {o: http://localhost:3002/landing-ko-vf, sv: 0.1.3, sdkn: @vercel/analytics/react, sdkv: 1.6.1, ts: 1777530908660} /_vercel/insights/view @ https://va.vercel-scripts.com/v1/script.debug.js:0
[   50305ms] [INFO] %cDownload the React DevTools for a better development experience: https://reactjs.org/link/react-devtools font-weight:bold @ webpack-internal:///./node_modules/react-dom/cjs/react-dom.development.js:29889
[   50366ms] [LOG] [HMR] connected @ webpack-internal:///./node_modules/next/dist/client/dev/error-overlay/websocket.js:45
[   50397ms] [ERROR] Failed to load resource: the server responded with a status of 404 (Not Found) @ http://localhost:3002/_next/static/webpack/2ed8c5d234341932.webpack.hot-update.json:0
[   50410ms] [LOG] %c[Vercel Web Analytics]%c Debug mode is enabled by default in development. No requests will be sent to the server. color: rgb(120, 120, 120) color: inherit @ https://va.vercel-scripts.com/v1/script.debug.js:0
[   50410ms] [LOG] %c[Vercel Web Analytics]%c [view] http://localhost:3002/landing-ko-vf color: rgb(120, 120, 120) color: inherit {o: http://localhost:3002/landing-ko-vf, sv: 0.1.3, sdkn: @vercel/analytics/react, sdkv: 1.6.1, ts: 1777530909004} /_vercel/insights/view @ https://va.vercel-scripts.com/v1/script.debug.js:0
[   50637ms] [INFO] %cDownload the React DevTools for a better development experience: https://reactjs.org/link/react-devtools font-weight:bold @ webpack-internal:///./node_modules/react-dom/cjs/react-dom.development.js:29889
[   50699ms] [LOG] [HMR] connected @ webpack-internal:///./node_modules/next/dist/client/dev/error-overlay/websocket.js:45
[   50739ms] [ERROR] Failed to load resource: the server responded with a status of 404 (Not Found) @ http://localhost:3002/_next/static/webpack/2ed8c5d234341932.webpack.hot-update.json:0
[   50750ms] [LOG] %c[Vercel Web Analytics]%c Debug mode is enabled by default in development. No requests will be sent to the server. color: rgb(120, 120, 120) color: inherit @ https://va.vercel-scripts.com/v1/script.debug.js:0
[   50750ms] [LOG] %c[Vercel Web Analytics]%c [view] http://localhost:3002/landing-ko-vf color: rgb(120, 120, 120) color: inherit {o: http://localhost:3002/landing-ko-vf, sv: 0.1.3, sdkn: @vercel/analytics/react, sdkv: 1.6.1, ts: 1777530909344} /_vercel/insights/view @ https://va.vercel-scripts.com/v1/script.debug.js:0
[   50911ms] [INFO] %cDownload the React DevTools for a better development experience: https://reactjs.org/link/react-devtools font-weight:bold @ webpack-internal:///./node_modules/react-dom/cjs/react-dom.development.js:29889
[   50959ms] [LOG] [HMR] connected @ webpack-internal:///./node_modules/next/dist/client/dev/error-overlay/websocket.js:45
[   50988ms] [ERROR] Failed to load resource: the server responded with a status of 404 (Not Found) @ http://localhost:3002/_next/static/webpack/2ed8c5d234341932.webpack.hot-update.json:0
[   50995ms] [LOG] %c[Vercel Web Analytics]%c Debug mode is enabled by default in development. No requests will be sent to the server. color: rgb(120, 120, 120) color: inherit @ https://va.vercel-scripts.com/v1/script.debug.js:0
[   50995ms] [LOG] %c[Vercel Web Analytics]%c [view] http://localhost:3002/landing-ko-vf color: rgb(120, 120, 120) color: inherit {o: http://localhost:3002/landing-ko-vf, sv: 0.1.3, sdkn: @vercel/analytics/react, sdkv: 1.6.1, ts: 1777530909588} /_vercel/insights/view @ https://va.vercel-scripts.com/v1/script.debug.js:0
[   51171ms] [INFO] %cDownload the React DevTools for a better development experience: https://reactjs.org/link/react-devtools font-weight:bold @ webpack-internal:///./node_modules/react-dom/cjs/react-dom.development.js:29889
[   51231ms] [LOG] [HMR] connected @ webpack-internal:///./node_modules/next/dist/client/dev/error-overlay/websocket.js:45
[   51286ms] [LOG] %c[Vercel Web Analytics]%c Debug mode is enabled by default in development. No requests will be sent to the server. color: rgb(120, 120, 120) color: inherit @ https://va.vercel-scripts.com/v1/script.debug.js:0
[   51286ms] [LOG] %c[Vercel Web Analytics]%c [view] http://localhost:3002/landing-ko-vf color: rgb(120, 120, 120) color: inherit {o: http://localhost:3002/landing-ko-vf, sv: 0.1.3, sdkn: @vercel/analytics/react, sdkv: 1.6.1, ts: 1777530909879} /_vercel/insights/view @ https://va.vercel-scripts.com/v1/script.debug.js:0
[   51417ms] [ERROR] Failed to load resource: the server responded with a status of 404 (Not Found) @ http://localhost:3002/_next/static/webpack/2ed8c5d234341932.webpack.hot-update.json:0
[   51838ms] [INFO] %cDownload the React DevTools for a better development experience: https://reactjs.org/link/react-devtools font-weight:bold @ webpack-internal:///./node_modules/react-dom/cjs/react-dom.development.js:29889
[   51905ms] [LOG] [HMR] connected @ webpack-internal:///./node_modules/next/dist/client/dev/error-overlay/websocket.js:45
[   51944ms] [ERROR] Failed to load resource: the server responded with a status of 404 (Not Found) @ http://localhost:3002/_next/static/webpack/2ed8c5d234341932.webpack.hot-update.json:0
[   51956ms] [LOG] %c[Vercel Web Analytics]%c Debug mode is enabled by default in development. No requests will be sent to the server. color: rgb(120, 120, 120) color: inherit @ https://va.vercel-scripts.com/v1/script.debug.js:0
[   51956ms] [LOG] %c[Vercel Web Analytics]%c [view] http://localhost:3002/landing-ko-vf color: rgb(120, 120, 120) color: inherit {o: http://localhost:3002/landing-ko-vf, sv: 0.1.3, sdkn: @vercel/analytics/react, sdkv: 1.6.1, ts: 1777530910549} /_vercel/insights/view @ https://va.vercel-scripts.com/v1/script.debug.js:0
[   52210ms] [INFO] %cDownload the React DevTools for a better development experience: https://reactjs.org/link/react-devtools font-weight:bold @ webpack-internal:///./node_modules/react-dom/cjs/react-dom.development.js:29889
[   52276ms] [LOG] [HMR] connected @ webpack-internal:///./node_modules/next/dist/client/dev/error-overlay/websocket.js:45
[   52318ms] [ERROR] Failed to load resource: the server responded with a status of 404 (Not Found) @ http://localhost:3002/_next/static/webpack/2ed8c5d234341932.webpack.hot-update.json:0
[   52331ms] [LOG] %c[Vercel Web Analytics]%c Debug mode is enabled by default in development. No requests will be sent to the server. color: rgb(120, 120, 120) color: inherit @ https://va.vercel-scripts.com/v1/script.debug.js:0
[   52331ms] [LOG] %c[Vercel Web Analytics]%c [view] http://localhost:3002/landing-ko-vf color: rgb(120, 120, 120) color: inherit {o: http://localhost:3002/landing-ko-vf, sv: 0.1.3, sdkn: @vercel/analytics/react, sdkv: 1.6.1, ts: 1777530910924} /_vercel/insights/view @ https://va.vercel-scripts.com/v1/script.debug.js:0
[   52553ms] [INFO] %cDownload the React DevTools for a better development experience: https://reactjs.org/link/react-devtools font-weight:bold @ webpack-internal:///./node_modules/react-dom/cjs/react-dom.development.js:29889
[   52603ms] [LOG] [HMR] connected @ webpack-internal:///./node_modules/next/dist/client/dev/error-overlay/websocket.js:45
[   52635ms] [ERROR] Failed to load resource: the server responded with a status of 404 (Not Found) @ http://localhost:3002/_next/static/webpack/2ed8c5d234341932.webpack.hot-update.json:0
[   52647ms] [LOG] %c[Vercel Web Analytics]%c Debug mode is enabled by default in development. No requests will be sent to the server. color: rgb(120, 120, 120) color: inherit @ https://va.vercel-scripts.com/v1/script.debug.js:0
[   52647ms] [LOG] %c[Vercel Web Analytics]%c [view] http://localhost:3002/landing-ko-vf color: rgb(120, 120, 120) color: inherit {o: http://localhost:3002/landing-ko-vf, sv: 0.1.3, sdkn: @vercel/analytics/react, sdkv: 1.6.1, ts: 1777530911241} /_vercel/insights/view @ https://va.vercel-scripts.com/v1/script.debug.js:0
[   53032ms] [INFO] %cDownload the React DevTools for a better development experience: https://reactjs.org/link/react-devtools font-weight:bold @ webpack-internal:///./node_modules/react-dom/cjs/react-dom.development.js:29889
[   53146ms] [LOG] [HMR] connected @ webpack-internal:///./node_modules/next/dist/client/dev/error-overlay/websocket.js:45
[   53200ms] [ERROR] Failed to load resource: the server responded with a status of 404 (Not Found) @ http://localhost:3002/_next/static/webpack/2ed8c5d234341932.webpack.hot-update.json:0
[   53212ms] [LOG] %c[Vercel Web Analytics]%c Debug mode is enabled by default in development. No requests will be sent to the server. color: rgb(120, 120, 120) color: inherit @ https://va.vercel-scripts.com/v1/script.debug.js:0
[   53212ms] [LOG] %c[Vercel Web Analytics]%c [view] http://localhost:3002/landing-ko-vf color: rgb(120, 120, 120) color: inherit {o: http://localhost:3002/landing-ko-vf, sv: 0.1.3, sdkn: @vercel/analytics/react, sdkv: 1.6.1, ts: 1777530911805} /_vercel/insights/view @ https://va.vercel-scripts.com/v1/script.debug.js:0
[   53425ms] [INFO] %cDownload the React DevTools for a better development experience: https://reactjs.org/link/react-devtools font-weight:bold @ webpack-internal:///./node_modules/react-dom/cjs/react-dom.development.js:29889
[   53485ms] [LOG] [HMR] connected @ webpack-internal:///./node_modules/next/dist/client/dev/error-overlay/websocket.js:45
[   53526ms] [LOG] %c[Vercel Web Analytics]%c Debug mode is enabled by default in development. No requests will be sent to the server. color: rgb(120, 120, 120) color: inherit @ https://va.vercel-scripts.com/v1/script.debug.js:0
[   53526ms] [LOG] %c[Vercel Web Analytics]%c [view] http://localhost:3002/landing-ko-vf color: rgb(120, 120, 120) color: inherit {o: http://localhost:3002/landing-ko-vf, sv: 0.1.3, sdkn: @vercel/analytics/react, sdkv: 1.6.1, ts: 1777530912119} /_vercel/insights/view @ https://va.vercel-scripts.com/v1/script.debug.js:0
[   53540ms] [ERROR] Failed to load resource: the server responded with a status of 404 (Not Found) @ http://localhost:3002/_next/static/webpack/2ed8c5d234341932.webpack.hot-update.json:0
[   54056ms] [INFO] %cDownload the React DevTools for a better development experience: https://reactjs.org/link/react-devtools font-weight:bold @ webpack-internal:///./node_modules/react-dom/cjs/react-dom.development.js:29889
[   54109ms] [LOG] [HMR] connected @ webpack-internal:///./node_modules/next/dist/client/dev/error-overlay/websocket.js:45
[   54163ms] [LOG] %c[Vercel Web Analytics]%c Debug mode is enabled by default in development. No requests will be sent to the server. color: rgb(120, 120, 120) color: inherit @ https://va.vercel-scripts.com/v1/script.debug.js:0
[   54163ms] [LOG] %c[Vercel Web Analytics]%c [view] http://localhost:3002/landing-ko-vf color: rgb(120, 120, 120) color: inherit {o: http://localhost:3002/landing-ko-vf, sv: 0.1.3, sdkn: @vercel/analytics/react, sdkv: 1.6.1, ts: 1777530912757} /_vercel/insights/view @ https://va.vercel-scripts.com/v1/script.debug.js:0
[   54211ms] [ERROR] Failed to load resource: the server responded with a status of 404 (Not Found) @ http://localhost:3002/_next/static/webpack/2ed8c5d234341932.webpack.hot-update.json:0
[   54453ms] [INFO] %cDownload the React DevTools for a better development experience: https://reactjs.org/link/react-devtools font-weight:bold @ webpack-internal:///./node_modules/react-dom/cjs/react-dom.development.js:29889
[   54587ms] [LOG] [HMR] connected @ webpack-internal:///./node_modules/next/dist/client/dev/error-overlay/websocket.js:45
[   54647ms] [LOG] %c[Vercel Web Analytics]%c Debug mode is enabled by default in development. No requests will be sent to the server. color: rgb(120, 120, 120) color: inherit @ https://va.vercel-scripts.com/v1/script.debug.js:0
[   54647ms] [LOG] %c[Vercel Web Analytics]%c [view] http://localhost:3002/landing-ko-vf color: rgb(120, 120, 120) color: inherit {o: http://localhost:3002/landing-ko-vf, sv: 0.1.3, sdkn: @vercel/analytics/react, sdkv: 1.6.1, ts: 1777530913241} /_vercel/insights/view @ https://va.vercel-scripts.com/v1/script.debug.js:0
[   54668ms] [ERROR] Failed to load resource: the server responded with a status of 404 (Not Found) @ http://localhost:3002/_next/static/webpack/2ed8c5d234341932.webpack.hot-update.json:0
[   55021ms] [INFO] %cDownload the React DevTools for a better development experience: https://reactjs.org/link/react-devtools font-weight:bold @ webpack-internal:///./node_modules/react-dom/cjs/react-dom.development.js:29889
[   55073ms] [LOG] [HMR] connected @ webpack-internal:///./node_modules/next/dist/client/dev/error-overlay/websocket.js:45
[   55106ms] [ERROR] Failed to load resource: the server responded with a status of 404 (Not Found) @ http://localhost:3002/_next/static/webpack/2ed8c5d234341932.webpack.hot-update.json:0
[   55118ms] [LOG] %c[Vercel Web Analytics]%c Debug mode is enabled by default in development. No requests will be sent to the server. color: rgb(120, 120, 120) color: inherit @ https://va.vercel-scripts.com/v1/script.debug.js:0
[   55118ms] [LOG] %c[Vercel Web Analytics]%c [view] http://localhost:3002/landing-ko-vf color: rgb(120, 120, 120) color: inherit {o: http://localhost:3002/landing-ko-vf, sv: 0.1.3, sdkn: @vercel/analytics/react, sdkv: 1.6.1, ts: 1777530913712} /_vercel/insights/view @ https://va.vercel-scripts.com/v1/script.debug.js:0
[   55328ms] [INFO] %cDownload the React DevTools for a better development experience: https://reactjs.org/link/react-devtools font-weight:bold @ webpack-internal:///./node_modules/react-dom/cjs/react-dom.development.js:29889
[   55384ms] [LOG] [HMR] connected @ webpack-internal:///./node_modules/next/dist/client/dev/error-overlay/websocket.js:45
[   55473ms] [LOG] %c[Vercel Web Analytics]%c Debug mode is enabled by default in development. No requests will be sent to the server. color: rgb(120, 120, 120) color: inherit @ https://va.vercel-scripts.com/v1/script.debug.js:0
[   55474ms] [LOG] %c[Vercel Web Analytics]%c [view] http://localhost:3002/landing-ko-vf color: rgb(120, 120, 120) color: inherit {o: http://localhost:3002/landing-ko-vf, sv: 0.1.3, sdkn: @vercel/analytics/react, sdkv: 1.6.1, ts: 1777530914067} /_vercel/insights/view @ https://va.vercel-scripts.com/v1/script.debug.js:0
[   55474ms] [ERROR] Failed to load resource: the server responded with a status of 404 (Not Found) @ http://localhost:3002/_next/static/webpack/2ed8c5d234341932.webpack.hot-update.json:0
[   55747ms] [INFO] %cDownload the React DevTools for a better development experience: https://reactjs.org/link/react-devtools font-weight:bold @ webpack-internal:///./node_modules/react-dom/cjs/react-dom.development.js:29889
[   55822ms] [LOG] [HMR] connected @ webpack-internal:///./node_modules/next/dist/client/dev/error-overlay/websocket.js:45
[   55979ms] [LOG] %c[Vercel Web Analytics]%c Debug mode is enabled by default in development. No requests will be sent to the server. color: rgb(120, 120, 120) color: inherit @ https://va.vercel-scripts.com/v1/script.debug.js:0
[   55979ms] [LOG] %c[Vercel Web Analytics]%c [view] http://localhost:3002/landing-ko-vf color: rgb(120, 120, 120) color: inherit {o: http://localhost:3002/landing-ko-vf, sv: 0.1.3, sdkn: @vercel/analytics/react, sdkv: 1.6.1, ts: 1777530914572} /_vercel/insights/view @ https://va.vercel-scripts.com/v1/script.debug.js:0
[   56020ms] [ERROR] Failed to load resource: the server responded with a status of 404 (Not Found) @ http://localhost:3002/_next/static/webpack/2ed8c5d234341932.webpack.hot-update.json:0
[   56450ms] [INFO] %cDownload the React DevTools for a better development experience: https://reactjs.org/link/react-devtools font-weight:bold @ webpack-internal:///./node_modules/react-dom/cjs/react-dom.development.js:29889
[   56508ms] [LOG] [HMR] connected @ webpack-internal:///./node_modules/next/dist/client/dev/error-overlay/websocket.js:45
[   56541ms] [ERROR] Failed to load resource: the server responded with a status of 404 (Not Found) @ http://localhost:3002/_next/static/webpack/2ed8c5d234341932.webpack.hot-update.json:0
[   56553ms] [LOG] %c[Vercel Web Analytics]%c Debug mode is enabled by default in development. No requests will be sent to the server. color: rgb(120, 120, 120) color: inherit @ https://va.vercel-scripts.com/v1/script.debug.js:0
[   56553ms] [LOG] %c[Vercel Web Analytics]%c [view] http://localhost:3002/landing-ko-vf color: rgb(120, 120, 120) color: inherit {o: http://localhost:3002/landing-ko-vf, sv: 0.1.3, sdkn: @vercel/analytics/react, sdkv: 1.6.1, ts: 1777530915147} /_vercel/insights/view @ https://va.vercel-scripts.com/v1/script.debug.js:0
[   56760ms] [INFO] %cDownload the React DevTools for a better development experience: https://reactjs.org/link/react-devtools font-weight:bold @ webpack-internal:///./node_modules/react-dom/cjs/react-dom.development.js:29889
[   56815ms] [LOG] [HMR] connected @ webpack-internal:///./node_modules/next/dist/client/dev/error-overlay/websocket.js:45
[   56856ms] [ERROR] Failed to load resource: the server responded with a status of 404 (Not Found) @ http://localhost:3002/_next/static/webpack/2ed8c5d234341932.webpack.hot-update.json:0
[   56859ms] [LOG] %c[Vercel Web Analytics]%c Debug mode is enabled by default in development. No requests will be sent to the server. color: rgb(120, 120, 120) color: inherit @ https://va.vercel-scripts.com/v1/script.debug.js:0
[   56859ms] [LOG] %c[Vercel Web Analytics]%c [view] http://localhost:3002/landing-ko-vf color: rgb(120, 120, 120) color: inherit {o: http://localhost:3002/landing-ko-vf, sv: 0.1.3, sdkn: @vercel/analytics/react, sdkv: 1.6.1, ts: 1777530915452} /_vercel/insights/view @ https://va.vercel-scripts.com/v1/script.debug.js:0
[   57145ms] [INFO] %cDownload the React DevTools for a better development experience: https://reactjs.org/link/react-devtools font-weight:bold @ webpack-internal:///./node_modules/react-dom/cjs/react-dom.development.js:29889
[   57199ms] [LOG] [HMR] connected @ webpack-internal:///./node_modules/next/dist/client/dev/error-overlay/websocket.js:45
[   57264ms] [LOG] %c[Vercel Web Analytics]%c Debug mode is enabled by default in development. No requests will be sent to the server. color: rgb(120, 120, 120) color: inherit @ https://va.vercel-scripts.com/v1/script.debug.js:0
[   57264ms] [LOG] %c[Vercel Web Analytics]%c [view] http://localhost:3002/landing-ko-vf color: rgb(120, 120, 120) color: inherit {o: http://localhost:3002/landing-ko-vf, sv: 0.1.3, sdkn: @vercel/analytics/react, sdkv: 1.6.1, ts: 1777530915858} /_vercel/insights/view @ https://va.vercel-scripts.com/v1/script.debug.js:0
[   57288ms] [ERROR] Failed to load resource: the server responded with a status of 404 (Not Found) @ http://localhost:3002/_next/static/webpack/2ed8c5d234341932.webpack.hot-update.json:0
[   57520ms] [INFO] %cDownload the React DevTools for a better development experience: https://reactjs.org/link/react-devtools font-weight:bold @ webpack-internal:///./node_modules/react-dom/cjs/react-dom.development.js:29889
[   57572ms] [LOG] [HMR] connected @ webpack-internal:///./node_modules/next/dist/client/dev/error-overlay/websocket.js:45
[   57722ms] [LOG] %c[Vercel Web Analytics]%c Debug mode is enabled by default in development. No requests will be sent to the server. color: rgb(120, 120, 120) color: inherit @ https://va.vercel-scripts.com/v1/script.debug.js:0
[   57722ms] [LOG] %c[Vercel Web Analytics]%c [view] http://localhost:3002/landing-ko-vf color: rgb(120, 120, 120) color: inherit {o: http://localhost:3002/landing-ko-vf, sv: 0.1.3, sdkn: @vercel/analytics/react, sdkv: 1.6.1, ts: 1777530916316} /_vercel/insights/view @ https://va.vercel-scripts.com/v1/script.debug.js:0
[   57732ms] [ERROR] Failed to load resource: the server responded with a status of 404 (Not Found) @ http://localhost:3002/_next/static/webpack/2ed8c5d234341932.webpack.hot-update.json:0
[   57955ms] [INFO] %cDownload the React DevTools for a better development experience: https://reactjs.org/link/react-devtools font-weight:bold @ webpack-internal:///./node_modules/react-dom/cjs/react-dom.development.js:29889
[   58014ms] [LOG] [HMR] connected @ webpack-internal:///./node_modules/next/dist/client/dev/error-overlay/websocket.js:45
[   58046ms] [ERROR] Failed to load resource: the server responded with a status of 404 (Not Found) @ http://localhost:3002/_next/static/webpack/2ed8c5d234341932.webpack.hot-update.json:0
[   58057ms] [LOG] %c[Vercel Web Analytics]%c Debug mode is enabled by default in development. No requests will be sent to the server. color: rgb(120, 120, 120) color: inherit @ https://va.vercel-scripts.com/v1/script.debug.js:0
[   58057ms] [LOG] %c[Vercel Web Analytics]%c [view] http://localhost:3002/landing-ko-vf color: rgb(120, 120, 120) color: inherit {o: http://localhost:3002/landing-ko-vf, sv: 0.1.3, sdkn: @vercel/analytics/react, sdkv: 1.6.1, ts: 1777530916651} /_vercel/insights/view @ https://va.vercel-scripts.com/v1/script.debug.js:0
[   58249ms] [INFO] %cDownload the React DevTools for a better development experience: https://reactjs.org/link/react-devtools font-weight:bold @ webpack-internal:///./node_modules/react-dom/cjs/react-dom.development.js:29889
[   58303ms] [LOG] [HMR] connected @ webpack-internal:///./node_modules/next/dist/client/dev/error-overlay/websocket.js:45
[   58352ms] [LOG] %c[Vercel Web Analytics]%c Debug mode is enabled by default in development. No requests will be sent to the server. color: rgb(120, 120, 120) color: inherit @ https://va.vercel-scripts.com/v1/script.debug.js:0
[   58352ms] [LOG] %c[Vercel Web Analytics]%c [view] http://localhost:3002/landing-ko-vf color: rgb(120, 120, 120) color: inherit {o: http://localhost:3002/landing-ko-vf, sv: 0.1.3, sdkn: @vercel/analytics/react, sdkv: 1.6.1, ts: 1777530916945} /_vercel/insights/view @ https://va.vercel-scripts.com/v1/script.debug.js:0
[   58352ms] [ERROR] Failed to load resource: the server responded with a status of 404 (Not Found) @ http://localhost:3002/_next/static/webpack/2ed8c5d234341932.webpack.hot-update.json:0
[   58654ms] [INFO] %cDownload the React DevTools for a better development experience: https://reactjs.org/link/react-devtools font-weight:bold @ webpack-internal:///./node_modules/react-dom/cjs/react-dom.development.js:29889
[   58703ms] [LOG] [HMR] connected @ webpack-internal:///./node_modules/next/dist/client/dev/error-overlay/websocket.js:45
[   58733ms] [ERROR] Failed to load resource: the server responded with a status of 404 (Not Found) @ http://localhost:3002/_next/static/webpack/2ed8c5d234341932.webpack.hot-update.json:0
[   58739ms] [LOG] %c[Vercel Web Analytics]%c Debug mode is enabled by default in development. No requests will be sent to the server. color: rgb(120, 120, 120) color: inherit @ https://va.vercel-scripts.com/v1/script.debug.js:0
[   58739ms] [LOG] %c[Vercel Web Analytics]%c [view] http://localhost:3002/landing-ko-vf color: rgb(120, 120, 120) color: inherit {o: http://localhost:3002/landing-ko-vf, sv: 0.1.3, sdkn: @vercel/analytics/react, sdkv: 1.6.1, ts: 1777530917333} /_vercel/insights/view @ https://va.vercel-scripts.com/v1/script.debug.js:0
[   58920ms] [INFO] %cDownload the React DevTools for a better development experience: https://reactjs.org/link/react-devtools font-weight:bold @ webpack-internal:///./node_modules/react-dom/cjs/react-dom.development.js:29889
[   58989ms] [LOG] [HMR] connected @ webpack-internal:///./node_modules/next/dist/client/dev/error-overlay/websocket.js:45
[   59018ms] [ERROR] Failed to load resource: the server responded with a status of 404 (Not Found) @ http://localhost:3002/_next/static/webpack/2ed8c5d234341932.webpack.hot-update.json:0
[   59024ms] [LOG] %c[Vercel Web Analytics]%c Debug mode is enabled by default in development. No requests will be sent to the server. color: rgb(120, 120, 120) color: inherit @ https://va.vercel-scripts.com/v1/script.debug.js:0
[   59024ms] [LOG] %c[Vercel Web Analytics]%c [view] http://localhost:3002/landing-ko-vf color: rgb(120, 120, 120) color: inherit {o: http://localhost:3002/landing-ko-vf, sv: 0.1.3, sdkn: @vercel/analytics/react, sdkv: 1.6.1, ts: 1777530917618} /_vercel/insights/view @ https://va.vercel-scripts.com/v1/script.debug.js:0
[   59207ms] [INFO] %cDownload the React DevTools for a better development experience: https://reactjs.org/link/react-devtools font-weight:bold @ webpack-internal:///./node_modules/react-dom/cjs/react-dom.development.js:29889
[   59253ms] [LOG] [HMR] connected @ webpack-internal:///./node_modules/next/dist/client/dev/error-overlay/websocket.js:45
[   59279ms] [ERROR] Failed to load resource: the server responded with a status of 404 (Not Found) @ http://localhost:3002/_next/static/webpack/2ed8c5d234341932.webpack.hot-update.json:0
[   59290ms] [LOG] %c[Vercel Web Analytics]%c Debug mode is enabled by default in development. No requests will be sent to the server. color: rgb(120, 120, 120) color: inherit @ https://va.vercel-scripts.com/v1/script.debug.js:0
[   59290ms] [LOG] %c[Vercel Web Analytics]%c [view] http://localhost:3002/landing-ko-vf color: rgb(120, 120, 120) color: inherit {o: http://localhost:3002/landing-ko-vf, sv: 0.1.3, sdkn: @vercel/analytics/react, sdkv: 1.6.1, ts: 1777530917883} /_vercel/insights/view @ https://va.vercel-scripts.com/v1/script.debug.js:0
[   59612ms] [INFO] %cDownload the React DevTools for a better development experience: https://reactjs.org/link/react-devtools font-weight:bold @ webpack-internal:///./node_modules/react-dom/cjs/react-dom.development.js:29889
[   59668ms] [LOG] [HMR] connected @ webpack-internal:///./node_modules/next/dist/client/dev/error-overlay/websocket.js:45
[   59741ms] [LOG] %c[Vercel Web Analytics]%c Debug mode is enabled by default in development. No requests will be sent to the server. color: rgb(120, 120, 120) color: inherit @ https://va.vercel-scripts.com/v1/script.debug.js:0
[   59741ms] [LOG] %c[Vercel Web Analytics]%c [view] http://localhost:3002/landing-ko-vf color: rgb(120, 120, 120) color: inherit {o: http://localhost:3002/landing-ko-vf, sv: 0.1.3, sdkn: @vercel/analytics/react, sdkv: 1.6.1, ts: 1777530918334} /_vercel/insights/view @ https://va.vercel-scripts.com/v1/script.debug.js:0
[   59764ms] [ERROR] Failed to load resource: the server responded with a status of 404 (Not Found) @ http://localhost:3002/_next/static/webpack/2ed8c5d234341932.webpack.hot-update.json:0
[   60075ms] [INFO] %cDownload the React DevTools for a better development experience: https://reactjs.org/link/react-devtools font-weight:bold @ webpack-internal:///./node_modules/react-dom/cjs/react-dom.development.js:29889
[   60125ms] [LOG] [HMR] connected @ webpack-internal:///./node_modules/next/dist/client/dev/error-overlay/websocket.js:45
[   60188ms] [ERROR] Failed to load resource: the server responded with a status of 404 (Not Found) @ http://localhost:3002/_next/static/webpack/2ed8c5d234341932.webpack.hot-update.json:0
[   60200ms] [LOG] %c[Vercel Web Analytics]%c Debug mode is enabled by default in development. No requests will be sent to the server. color: rgb(120, 120, 120) color: inherit @ https://va.vercel-scripts.com/v1/script.debug.js:0
[   60200ms] [LOG] %c[Vercel Web Analytics]%c [view] http://localhost:3002/landing-ko-vf color: rgb(120, 120, 120) color: inherit {o: http://localhost:3002/landing-ko-vf, sv: 0.1.3, sdkn: @vercel/analytics/react, sdkv: 1.6.1, ts: 1777530918794} /_vercel/insights/view @ https://va.vercel-scripts.com/v1/script.debug.js:0
[   60382ms] [INFO] %cDownload the React DevTools for a better development experience: https://reactjs.org/link/react-devtools font-weight:bold @ webpack-internal:///./node_modules/react-dom/cjs/react-dom.development.js:29889
[   60433ms] [LOG] [HMR] connected @ webpack-internal:///./node_modules/next/dist/client/dev/error-overlay/websocket.js:45
[   60463ms] [ERROR] Failed to load resource: the server responded with a status of 404 (Not Found) @ http://localhost:3002/_next/static/webpack/2ed8c5d234341932.webpack.hot-update.json:0
[   60475ms] [LOG] %c[Vercel Web Analytics]%c Debug mode is enabled by default in development. No requests will be sent to the server. color: rgb(120, 120, 120) color: inherit @ https://va.vercel-scripts.com/v1/script.debug.js:0
[   60475ms] [LOG] %c[Vercel Web Analytics]%c [view] http://localhost:3002/landing-ko-vf color: rgb(120, 120, 120) color: inherit {o: http://localhost:3002/landing-ko-vf, sv: 0.1.3, sdkn: @vercel/analytics/react, sdkv: 1.6.1, ts: 1777530919068} /_vercel/insights/view @ https://va.vercel-scripts.com/v1/script.debug.js:0
[   60659ms] [INFO] %cDownload the React DevTools for a better development experience: https://reactjs.org/link/react-devtools font-weight:bold @ webpack-internal:///./node_modules/react-dom/cjs/react-dom.development.js:29889
[   60787ms] [LOG] [HMR] connected @ webpack-internal:///./node_modules/next/dist/client/dev/error-overlay/websocket.js:45
[   60893ms] [ERROR] Failed to load resource: the server responded with a status of 404 (Not Found) @ http://localhost:3002/_next/static/webpack/2ed8c5d234341932.webpack.hot-update.json:0
[   60908ms] [LOG] %c[Vercel Web Analytics]%c Debug mode is enabled by default in development. No requests will be sent to the server. color: rgb(120, 120, 120) color: inherit @ https://va.vercel-scripts.com/v1/script.debug.js:0
[   60908ms] [LOG] %c[Vercel Web Analytics]%c [view] http://localhost:3002/landing-ko-vf color: rgb(120, 120, 120) color: inherit {o: http://localhost:3002/landing-ko-vf, sv: 0.1.3, sdkn: @vercel/analytics/react, sdkv: 1.6.1, ts: 1777530919501} /_vercel/insights/view @ https://va.vercel-scripts.com/v1/script.debug.js:0
[   61308ms] [INFO] %cDownload the React DevTools for a better development experience: https://reactjs.org/link/react-devtools font-weight:bold @ webpack-internal:///./node_modules/react-dom/cjs/react-dom.development.js:29889
[   61381ms] [LOG] [HMR] connected @ webpack-internal:///./node_modules/next/dist/client/dev/error-overlay/websocket.js:45
[   61417ms] [ERROR] Failed to load resource: the server responded with a status of 404 (Not Found) @ http://localhost:3002/_next/static/webpack/2ed8c5d234341932.webpack.hot-update.json:0
[   61434ms] [LOG] %c[Vercel Web Analytics]%c Debug mode is enabled by default in development. No requests will be sent to the server. color: rgb(120, 120, 120) color: inherit @ https://va.vercel-scripts.com/v1/script.debug.js:0
[   61435ms] [LOG] %c[Vercel Web Analytics]%c [view] http://localhost:3002/landing-ko-vf color: rgb(120, 120, 120) color: inherit {o: http://localhost:3002/landing-ko-vf, sv: 0.1.3, sdkn: @vercel/analytics/react, sdkv: 1.6.1, ts: 1777530920028} /_vercel/insights/view @ https://va.vercel-scripts.com/v1/script.debug.js:0
[   61927ms] [INFO] %cDownload the React DevTools for a better development experience: https://reactjs.org/link/react-devtools font-weight:bold @ webpack-internal:///./node_modules/react-dom/cjs/react-dom.development.js:29889
[   61987ms] [LOG] [HMR] connected @ webpack-internal:///./node_modules/next/dist/client/dev/error-overlay/websocket.js:45
[   62042ms] [LOG] %c[Vercel Web Analytics]%c Debug mode is enabled by default in development. No requests will be sent to the server. color: rgb(120, 120, 120) color: inherit @ https://va.vercel-scripts.com/v1/script.debug.js:0
[   62042ms] [LOG] %c[Vercel Web Analytics]%c [view] http://localhost:3002/landing-ko-vf color: rgb(120, 120, 120) color: inherit {o: http://localhost:3002/landing-ko-vf, sv: 0.1.3, sdkn: @vercel/analytics/react, sdkv: 1.6.1, ts: 1777530920635} /_vercel/insights/view @ https://va.vercel-scripts.com/v1/script.debug.js:0
[   62073ms] [ERROR] Failed to load resource: the server responded with a status of 404 (Not Found) @ http://localhost:3002/_next/static/webpack/2ed8c5d234341932.webpack.hot-update.json:0
[   62333ms] [INFO] %cDownload the React DevTools for a better development experience: https://reactjs.org/link/react-devtools font-weight:bold @ webpack-internal:///./node_modules/react-dom/cjs/react-dom.development.js:29889
[   62411ms] [LOG] [HMR] connected @ webpack-internal:///./node_modules/next/dist/client/dev/error-overlay/websocket.js:45
[   62475ms] [LOG] %c[Vercel Web Analytics]%c Debug mode is enabled by default in development. No requests will be sent to the server. color: rgb(120, 120, 120) color: inherit @ https://va.vercel-scripts.com/v1/script.debug.js:0
[   62475ms] [LOG] %c[Vercel Web Analytics]%c [view] http://localhost:3002/landing-ko-vf color: rgb(120, 120, 120) color: inherit {o: http://localhost:3002/landing-ko-vf, sv: 0.1.3, sdkn: @vercel/analytics/react, sdkv: 1.6.1, ts: 1777530921068} /_vercel/insights/view @ https://va.vercel-scripts.com/v1/script.debug.js:0
[   62515ms] [ERROR] Failed to load resource: the server responded with a status of 404 (Not Found) @ http://localhost:3002/_next/static/webpack/2ed8c5d234341932.webpack.hot-update.json:0
[   62889ms] [INFO] %cDownload the React DevTools for a better development experience: https://reactjs.org/link/react-devtools font-weight:bold @ webpack-internal:///./node_modules/react-dom/cjs/react-dom.development.js:29889
[   62942ms] [LOG] [HMR] connected @ webpack-internal:///./node_modules/next/dist/client/dev/error-overlay/websocket.js:45
[   62973ms] [ERROR] Failed to load resource: the server responded with a status of 404 (Not Found) @ http://localhost:3002/_next/static/webpack/2ed8c5d234341932.webpack.hot-update.json:0
[   62986ms] [LOG] %c[Vercel Web Analytics]%c Debug mode is enabled by default in development. No requests will be sent to the server. color: rgb(120, 120, 120) color: inherit @ https://va.vercel-scripts.com/v1/script.debug.js:0
[   62986ms] [LOG] %c[Vercel Web Analytics]%c [view] http://localhost:3002/landing-ko-vf color: rgb(120, 120, 120) color: inherit {o: http://localhost:3002/landing-ko-vf, sv: 0.1.3, sdkn: @vercel/analytics/react, sdkv: 1.6.1, ts: 1777530921579} /_vercel/insights/view @ https://va.vercel-scripts.com/v1/script.debug.js:0
[   63174ms] [INFO] %cDownload the React DevTools for a better development experience: https://reactjs.org/link/react-devtools font-weight:bold @ webpack-internal:///./node_modules/react-dom/cjs/react-dom.development.js:29889
[   63321ms] [LOG] [HMR] connected @ webpack-internal:///./node_modules/next/dist/client/dev/error-overlay/websocket.js:45
[   63422ms] [LOG] %c[Vercel Web Analytics]%c Debug mode is enabled by default in development. No requests will be sent to the server. color: rgb(120, 120, 120) color: inherit @ https://va.vercel-scripts.com/v1/script.debug.js:0
[   63422ms] [LOG] %c[Vercel Web Analytics]%c [view] http://localhost:3002/landing-ko-vf color: rgb(120, 120, 120) color: inherit {o: http://localhost:3002/landing-ko-vf, sv: 0.1.3, sdkn: @vercel/analytics/react, sdkv: 1.6.1, ts: 1777530922016} /_vercel/insights/view @ https://va.vercel-scripts.com/v1/script.debug.js:0
[   63424ms] [ERROR] Failed to load resource: the server responded with a status of 404 (Not Found) @ http://localhost:3002/_next/static/webpack/2ed8c5d234341932.webpack.hot-update.json:0
[   63648ms] [INFO] %cDownload the React DevTools for a better development experience: https://reactjs.org/link/react-devtools font-weight:bold @ webpack-internal:///./node_modules/react-dom/cjs/react-dom.development.js:29889
[   63711ms] [LOG] [HMR] connected @ webpack-internal:///./node_modules/next/dist/client/dev/error-overlay/websocket.js:45
[   63750ms] [LOG] %c[Vercel Web Analytics]%c Debug mode is enabled by default in development. No requests will be sent to the server. color: rgb(120, 120, 120) color: inherit @ https://va.vercel-scripts.com/v1/script.debug.js:0
[   63750ms] [LOG] %c[Vercel Web Analytics]%c [view] http://localhost:3002/landing-ko-vf color: rgb(120, 120, 120) color: inherit {o: http://localhost:3002/landing-ko-vf, sv: 0.1.3, sdkn: @vercel/analytics/react, sdkv: 1.6.1, ts: 1777530922343} /_vercel/insights/view @ https://va.vercel-scripts.com/v1/script.debug.js:0
[   63789ms] [ERROR] Failed to load resource: the server responded with a status of 404 (Not Found) @ http://localhost:3002/_next/static/webpack/2ed8c5d234341932.webpack.hot-update.json:0
[   64129ms] [INFO] %cDownload the React DevTools for a better development experience: https://reactjs.org/link/react-devtools font-weight:bold @ webpack-internal:///./node_modules/react-dom/cjs/react-dom.development.js:29889
[   64191ms] [LOG] [HMR] connected @ webpack-internal:///./node_modules/next/dist/client/dev/error-overlay/websocket.js:45
[   64438ms] [LOG] %c[Vercel Web Analytics]%c Debug mode is enabled by default in development. No requests will be sent to the server. color: rgb(120, 120, 120) color: inherit @ https://va.vercel-scripts.com/v1/script.debug.js:0
[   64438ms] [LOG] %c[Vercel Web Analytics]%c [view] http://localhost:3002/landing-ko-vf color: rgb(120, 120, 120) color: inherit {o: http://localhost:3002/landing-ko-vf, sv: 0.1.3, sdkn: @vercel/analytics/react, sdkv: 1.6.1, ts: 1777530923032} /_vercel/insights/view @ https://va.vercel-scripts.com/v1/script.debug.js:0
[   64478ms] [ERROR] Failed to load resource: the server responded with a status of 404 (Not Found) @ http://localhost:3002/_next/static/webpack/2ed8c5d234341932.webpack.hot-update.json:0
[   64714ms] [INFO] %cDownload the React DevTools for a better development experience: https://reactjs.org/link/react-devtools font-weight:bold @ webpack-internal:///./node_modules/react-dom/cjs/react-dom.development.js:29889
[   64772ms] [LOG] [HMR] connected @ webpack-internal:///./node_modules/next/dist/client/dev/error-overlay/websocket.js:45
[   64820ms] [ERROR] Failed to load resource: the server responded with a status of 404 (Not Found) @ http://localhost:3002/_next/static/webpack/2ed8c5d234341932.webpack.hot-update.json:0
[   64823ms] [LOG] %c[Vercel Web Analytics]%c Debug mode is enabled by default in development. No requests will be sent to the server. color: rgb(120, 120, 120) color: inherit @ https://va.vercel-scripts.com/v1/script.debug.js:0
[   64823ms] [LOG] %c[Vercel Web Analytics]%c [view] http://localhost:3002/landing-ko-vf color: rgb(120, 120, 120) color: inherit {o: http://localhost:3002/landing-ko-vf, sv: 0.1.3, sdkn: @vercel/analytics/react, sdkv: 1.6.1, ts: 1777530923417} /_vercel/insights/view @ https://va.vercel-scripts.com/v1/script.debug.js:0
[   65038ms] [INFO] %cDownload the React DevTools for a better development experience: https://reactjs.org/link/react-devtools font-weight:bold @ webpack-internal:///./node_modules/react-dom/cjs/react-dom.development.js:29889
[   65120ms] [LOG] [HMR] connected @ webpack-internal:///./node_modules/next/dist/client/dev/error-overlay/websocket.js:45
[   65151ms] [ERROR] Failed to load resource: the server responded with a status of 404 (Not Found) @ http://localhost:3002/_next/static/webpack/2ed8c5d234341932.webpack.hot-update.json:0
[   65161ms] [LOG] %c[Vercel Web Analytics]%c Debug mode is enabled by default in development. No requests will be sent to the server. color: rgb(120, 120, 120) color: inherit @ https://va.vercel-scripts.com/v1/script.debug.js:0
[   65161ms] [LOG] %c[Vercel Web Analytics]%c [view] http://localhost:3002/landing-ko-vf color: rgb(120, 120, 120) color: inherit {o: http://localhost:3002/landing-ko-vf, sv: 0.1.3, sdkn: @vercel/analytics/react, sdkv: 1.6.1, ts: 1777530923755} /_vercel/insights/view @ https://va.vercel-scripts.com/v1/script.debug.js:0
[   65489ms] [INFO] %cDownload the React DevTools for a better development experience: https://reactjs.org/link/react-devtools font-weight:bold @ webpack-internal:///./node_modules/react-dom/cjs/react-dom.development.js:29889
[   65537ms] [LOG] [HMR] connected @ webpack-internal:///./node_modules/next/dist/client/dev/error-overlay/websocket.js:45
[   65568ms] [ERROR] Failed to load resource: the server responded with a status of 404 (Not Found) @ http://localhost:3002/_next/static/webpack/2ed8c5d234341932.webpack.hot-update.json:0
[   65579ms] [LOG] %c[Vercel Web Analytics]%c Debug mode is enabled by default in development. No requests will be sent to the server. color: rgb(120, 120, 120) color: inherit @ https://va.vercel-scripts.com/v1/script.debug.js:0
[   65579ms] [LOG] %c[Vercel Web Analytics]%c [view] http://localhost:3002/landing-ko-vf color: rgb(120, 120, 120) color: inherit {o: http://localhost:3002/landing-ko-vf, sv: 0.1.3, sdkn: @vercel/analytics/react, sdkv: 1.6.1, ts: 1777530924172} /_vercel/insights/view @ https://va.vercel-scripts.com/v1/script.debug.js:0
[   65772ms] [INFO] %cDownload the React DevTools for a better development experience: https://reactjs.org/link/react-devtools font-weight:bold @ webpack-internal:///./node_modules/react-dom/cjs/react-dom.development.js:29889
[   65890ms] [LOG] [HMR] connected @ webpack-internal:///./node_modules/next/dist/client/dev/error-overlay/websocket.js:45
[   65954ms] [LOG] %c[Vercel Web Analytics]%c Debug mode is enabled by default in development. No requests will be sent to the server. color: rgb(120, 120, 120) color: inherit @ https://va.vercel-scripts.com/v1/script.debug.js:0
[   65954ms] [LOG] %c[Vercel Web Analytics]%c [view] http://localhost:3002/landing-ko-vf color: rgb(120, 120, 120) color: inherit {o: http://localhost:3002/landing-ko-vf, sv: 0.1.3, sdkn: @vercel/analytics/react, sdkv: 1.6.1, ts: 1777530924547} /_vercel/insights/view @ https://va.vercel-scripts.com/v1/script.debug.js:0
[   65966ms] [ERROR] Failed to load resource: the server responded with a status of 404 (Not Found) @ http://localhost:3002/_next/static/webpack/2ed8c5d234341932.webpack.hot-update.json:0
[   66223ms] [INFO] %cDownload the React DevTools for a better development experience: https://reactjs.org/link/react-devtools font-weight:bold @ webpack-internal:///./node_modules/react-dom/cjs/react-dom.development.js:29889
[   66273ms] [LOG] [HMR] connected @ webpack-internal:///./node_modules/next/dist/client/dev/error-overlay/websocket.js:45
[   66300ms] [ERROR] Failed to load resource: the server responded with a status of 404 (Not Found) @ http://localhost:3002/_next/static/webpack/2ed8c5d234341932.webpack.hot-update.json:0
[   66312ms] [LOG] %c[Vercel Web Analytics]%c Debug mode is enabled by default in development. No requests will be sent to the server. color: rgb(120, 120, 120) color: inherit @ https://va.vercel-scripts.com/v1/script.debug.js:0
[   66312ms] [LOG] %c[Vercel Web Analytics]%c [view] http://localhost:3002/landing-ko-vf color: rgb(120, 120, 120) color: inherit {o: http://localhost:3002/landing-ko-vf, sv: 0.1.3, sdkn: @vercel/analytics/react, sdkv: 1.6.1, ts: 1777530924905} /_vercel/insights/view @ https://va.vercel-scripts.com/v1/script.debug.js:0
[   66612ms] [INFO] %cDownload the React DevTools for a better development experience: https://reactjs.org/link/react-devtools font-weight:bold @ webpack-internal:///./node_modules/react-dom/cjs/react-dom.development.js:29889
[   66680ms] [LOG] [HMR] connected @ webpack-internal:///./node_modules/next/dist/client/dev/error-overlay/websocket.js:45
[   66733ms] [LOG] %c[Vercel Web Analytics]%c Debug mode is enabled by default in development. No requests will be sent to the server. color: rgb(120, 120, 120) color: inherit @ https://va.vercel-scripts.com/v1/script.debug.js:0
[   66733ms] [LOG] %c[Vercel Web Analytics]%c [view] http://localhost:3002/landing-ko-vf color: rgb(120, 120, 120) color: inherit {o: http://localhost:3002/landing-ko-vf, sv: 0.1.3, sdkn: @vercel/analytics/react, sdkv: 1.6.1, ts: 1777530925326} /_vercel/insights/view @ https://va.vercel-scripts.com/v1/script.debug.js:0
[   66754ms] [ERROR] Failed to load resource: the server responded with a status of 404 (Not Found) @ http://localhost:3002/_next/static/webpack/2ed8c5d234341932.webpack.hot-update.json:0
[   66946ms] [INFO] %cDownload the React DevTools for a better development experience: https://reactjs.org/link/react-devtools font-weight:bold @ webpack-internal:///./node_modules/react-dom/cjs/react-dom.development.js:29889
[   67003ms] [LOG] [HMR] connected @ webpack-internal:///./node_modules/next/dist/client/dev/error-overlay/websocket.js:45
[   67039ms] [ERROR] Failed to load resource: the server responded with a status of 404 (Not Found) @ http://localhost:3002/_next/static/webpack/2ed8c5d234341932.webpack.hot-update.json:0
[   67050ms] [LOG] %c[Vercel Web Analytics]%c Debug mode is enabled by default in development. No requests will be sent to the server. color: rgb(120, 120, 120) color: inherit @ https://va.vercel-scripts.com/v1/script.debug.js:0
[   67050ms] [LOG] %c[Vercel Web Analytics]%c [view] http://localhost:3002/landing-ko-vf color: rgb(120, 120, 120) color: inherit {o: http://localhost:3002/landing-ko-vf, sv: 0.1.3, sdkn: @vercel/analytics/react, sdkv: 1.6.1, ts: 1777530925644} /_vercel/insights/view @ https://va.vercel-scripts.com/v1/script.debug.js:0
[   67359ms] [INFO] %cDownload the React DevTools for a better development experience: https://reactjs.org/link/react-devtools font-weight:bold @ webpack-internal:///./node_modules/react-dom/cjs/react-dom.development.js:29889
[   67411ms] [LOG] [HMR] connected @ webpack-internal:///./node_modules/next/dist/client/dev/error-overlay/websocket.js:45
[   67445ms] [ERROR] Failed to load resource: the server responded with a status of 404 (Not Found) @ http://localhost:3002/_next/static/webpack/2ed8c5d234341932.webpack.hot-update.json:0
[   67458ms] [LOG] %c[Vercel Web Analytics]%c Debug mode is enabled by default in development. No requests will be sent to the server. color: rgb(120, 120, 120) color: inherit @ https://va.vercel-scripts.com/v1/script.debug.js:0
[   67458ms] [LOG] %c[Vercel Web Analytics]%c [view] http://localhost:3002/landing-ko-vf color: rgb(120, 120, 120) color: inherit {o: http://localhost:3002/landing-ko-vf, sv: 0.1.3, sdkn: @vercel/analytics/react, sdkv: 1.6.1, ts: 1777530926051} /_vercel/insights/view @ https://va.vercel-scripts.com/v1/script.debug.js:0
[   67646ms] [INFO] %cDownload the React DevTools for a better development experience: https://reactjs.org/link/react-devtools font-weight:bold @ webpack-internal:///./node_modules/react-dom/cjs/react-dom.development.js:29889
[   67695ms] [LOG] [HMR] connected @ webpack-internal:///./node_modules/next/dist/client/dev/error-overlay/websocket.js:45
[   67724ms] [ERROR] Failed to load resource: the server responded with a status of 404 (Not Found) @ http://localhost:3002/_next/static/webpack/2ed8c5d234341932.webpack.hot-update.json:0
[   67738ms] [LOG] %c[Vercel Web Analytics]%c Debug mode is enabled by default in development. No requests will be sent to the server. color: rgb(120, 120, 120) color: inherit @ https://va.vercel-scripts.com/v1/script.debug.js:0
[   67738ms] [LOG] %c[Vercel Web Analytics]%c [view] http://localhost:3002/landing-ko-vf color: rgb(120, 120, 120) color: inherit {o: http://localhost:3002/landing-ko-vf, sv: 0.1.3, sdkn: @vercel/analytics/react, sdkv: 1.6.1, ts: 1777530926332} /_vercel/insights/view @ https://va.vercel-scripts.com/v1/script.debug.js:0
[   68040ms] [INFO] %cDownload the React DevTools for a better development experience: https://reactjs.org/link/react-devtools font-weight:bold @ webpack-internal:///./node_modules/react-dom/cjs/react-dom.development.js:29889
[   68098ms] [LOG] [HMR] connected @ webpack-internal:///./node_modules/next/dist/client/dev/error-overlay/websocket.js:45
[   68136ms] [ERROR] Failed to load resource: the server responded with a status of 404 (Not Found) @ http://localhost:3002/_next/static/webpack/2ed8c5d234341932.webpack.hot-update.json:0
[   68147ms] [LOG] %c[Vercel Web Analytics]%c Debug mode is enabled by default in development. No requests will be sent to the server. color: rgb(120, 120, 120) color: inherit @ https://va.vercel-scripts.com/v1/script.debug.js:0
[   68148ms] [LOG] %c[Vercel Web Analytics]%c [view] http://localhost:3002/landing-ko-vf color: rgb(120, 120, 120) color: inherit {o: http://localhost:3002/landing-ko-vf, sv: 0.1.3, sdkn: @vercel/analytics/react, sdkv: 1.6.1, ts: 1777530926741} /_vercel/insights/view @ https://va.vercel-scripts.com/v1/script.debug.js:0
[   68332ms] [INFO] %cDownload the React DevTools for a better development experience: https://reactjs.org/link/react-devtools font-weight:bold @ webpack-internal:///./node_modules/react-dom/cjs/react-dom.development.js:29889
[   68391ms] [LOG] [HMR] connected @ webpack-internal:///./node_modules/next/dist/client/dev/error-overlay/websocket.js:45
[   68463ms] [LOG] %c[Vercel Web Analytics]%c Debug mode is enabled by default in development. No requests will be sent to the server. color: rgb(120, 120, 120) color: inherit @ https://va.vercel-scripts.com/v1/script.debug.js:0
[   68463ms] [LOG] %c[Vercel Web Analytics]%c [view] http://localhost:3002/landing-ko-vf color: rgb(120, 120, 120) color: inherit {o: http://localhost:3002/landing-ko-vf, sv: 0.1.3, sdkn: @vercel/analytics/react, sdkv: 1.6.1, ts: 1777530927057} /_vercel/insights/view @ https://va.vercel-scripts.com/v1/script.debug.js:0
[   68463ms] [ERROR] Failed to load resource: the server responded with a status of 404 (Not Found) @ http://localhost:3002/_next/static/webpack/2ed8c5d234341932.webpack.hot-update.json:0
[   68667ms] [INFO] %cDownload the React DevTools for a better development experience: https://reactjs.org/link/react-devtools font-weight:bold @ webpack-internal:///./node_modules/react-dom/cjs/react-dom.development.js:29889
[   68715ms] [LOG] [HMR] connected @ webpack-internal:///./node_modules/next/dist/client/dev/error-overlay/websocket.js:45
[   68741ms] [ERROR] Failed to load resource: the server responded with a status of 404 (Not Found) @ http://localhost:3002/_next/static/webpack/2ed8c5d234341932.webpack.hot-update.json:0
[   68753ms] [LOG] %c[Vercel Web Analytics]%c Debug mode is enabled by default in development. No requests will be sent to the server. color: rgb(120, 120, 120) color: inherit @ https://va.vercel-scripts.com/v1/script.debug.js:0
[   68753ms] [LOG] %c[Vercel Web Analytics]%c [view] http://localhost:3002/landing-ko-vf color: rgb(120, 120, 120) color: inherit {o: http://localhost:3002/landing-ko-vf, sv: 0.1.3, sdkn: @vercel/analytics/react, sdkv: 1.6.1, ts: 1777530927346} /_vercel/insights/view @ https://va.vercel-scripts.com/v1/script.debug.js:0
[   69039ms] [INFO] %cDownload the React DevTools for a better development experience: https://reactjs.org/link/react-devtools font-weight:bold @ webpack-internal:///./node_modules/react-dom/cjs/react-dom.development.js:29889
[   69123ms] [LOG] [HMR] connected @ webpack-internal:///./node_modules/next/dist/client/dev/error-overlay/websocket.js:45
[   69254ms] [LOG] %c[Vercel Web Analytics]%c Debug mode is enabled by default in development. No requests will be sent to the server. color: rgb(120, 120, 120) color: inherit @ https://va.vercel-scripts.com/v1/script.debug.js:0
[   69254ms] [LOG] %c[Vercel Web Analytics]%c [view] http://localhost:3002/landing-ko-vf color: rgb(120, 120, 120) color: inherit {o: http://localhost:3002/landing-ko-vf, sv: 0.1.3, sdkn: @vercel/analytics/react, sdkv: 1.6.1, ts: 1777530927848} /_vercel/insights/view @ https://va.vercel-scripts.com/v1/script.debug.js:0
[   69353ms] [ERROR] Failed to load resource: the server responded with a status of 404 (Not Found) @ http://localhost:3002/_next/static/webpack/2ed8c5d234341932.webpack.hot-update.json:0
[   69574ms] [INFO] %cDownload the React DevTools for a better development experience: https://reactjs.org/link/react-devtools font-weight:bold @ webpack-internal:///./node_modules/react-dom/cjs/react-dom.development.js:29889
[   69632ms] [LOG] [HMR] connected @ webpack-internal:///./node_modules/next/dist/client/dev/error-overlay/websocket.js:45
[   69658ms] [ERROR] Failed to load resource: the server responded with a status of 404 (Not Found) @ http://localhost:3002/_next/static/webpack/2ed8c5d234341932.webpack.hot-update.json:0
[   69670ms] [LOG] %c[Vercel Web Analytics]%c Debug mode is enabled by default in development. No requests will be sent to the server. color: rgb(120, 120, 120) color: inherit @ https://va.vercel-scripts.com/v1/script.debug.js:0
[   69671ms] [LOG] %c[Vercel Web Analytics]%c [view] http://localhost:3002/landing-ko-vf color: rgb(120, 120, 120) color: inherit {o: http://localhost:3002/landing-ko-vf, sv: 0.1.3, sdkn: @vercel/analytics/react, sdkv: 1.6.1, ts: 1777530928264} /_vercel/insights/view @ https://va.vercel-scripts.com/v1/script.debug.js:0
[   69867ms] [INFO] %cDownload the React DevTools for a better development experience: https://reactjs.org/link/react-devtools font-weight:bold @ webpack-internal:///./node_modules/react-dom/cjs/react-dom.development.js:29889
[   69947ms] [LOG] [HMR] connected @ webpack-internal:///./node_modules/next/dist/client/dev/error-overlay/websocket.js:45
[   69976ms] [ERROR] Failed to load resource: the server responded with a status of 404 (Not Found) @ http://localhost:3002/_next/static/webpack/2ed8c5d234341932.webpack.hot-update.json:0
[   69989ms] [LOG] %c[Vercel Web Analytics]%c Debug mode is enabled by default in development. No requests will be sent to the server. color: rgb(120, 120, 120) color: inherit @ https://va.vercel-scripts.com/v1/script.debug.js:0
[   69989ms] [LOG] %c[Vercel Web Analytics]%c [view] http://localhost:3002/landing-ko-vf color: rgb(120, 120, 120) color: inherit {o: http://localhost:3002/landing-ko-vf, sv: 0.1.3, sdkn: @vercel/analytics/react, sdkv: 1.6.1, ts: 1777530928582} /_vercel/insights/view @ https://va.vercel-scripts.com/v1/script.debug.js:0
[   70195ms] [INFO] %cDownload the React DevTools for a better development experience: https://reactjs.org/link/react-devtools font-weight:bold @ webpack-internal:///./node_modules/react-dom/cjs/react-dom.development.js:29889
[   70264ms] [LOG] [HMR] connected @ webpack-internal:///./node_modules/next/dist/client/dev/error-overlay/websocket.js:45
[   70314ms] [LOG] %c[Vercel Web Analytics]%c Debug mode is enabled by default in development. No requests will be sent to the server. color: rgb(120, 120, 120) color: inherit @ https://va.vercel-scripts.com/v1/script.debug.js:0
[   70314ms] [LOG] %c[Vercel Web Analytics]%c [view] http://localhost:3002/landing-ko-vf color: rgb(120, 120, 120) color: inherit {o: http://localhost:3002/landing-ko-vf, sv: 0.1.3, sdkn: @vercel/analytics/react, sdkv: 1.6.1, ts: 1777530928907} /_vercel/insights/view @ https://va.vercel-scripts.com/v1/script.debug.js:0
[   70317ms] [ERROR] Failed to load resource: the server responded with a status of 404 (Not Found) @ http://localhost:3002/_next/static/webpack/2ed8c5d234341932.webpack.hot-update.json:0
[   70576ms] [INFO] %cDownload the React DevTools for a better development experience: https://reactjs.org/link/react-devtools font-weight:bold @ webpack-internal:///./node_modules/react-dom/cjs/react-dom.development.js:29889
[   70635ms] [LOG] [HMR] connected @ webpack-internal:///./node_modules/next/dist/client/dev/error-overlay/websocket.js:45
[   70672ms] [LOG] %c[Vercel Web Analytics]%c Debug mode is enabled by default in development. No requests will be sent to the server. color: rgb(120, 120, 120) color: inherit @ https://va.vercel-scripts.com/v1/script.debug.js:0
[   70673ms] [LOG] %c[Vercel Web Analytics]%c [view] http://localhost:3002/landing-ko-vf color: rgb(120, 120, 120) color: inherit {o: http://localhost:3002/landing-ko-vf, sv: 0.1.3, sdkn: @vercel/analytics/react, sdkv: 1.6.1, ts: 1777530929266} /_vercel/insights/view @ https://va.vercel-scripts.com/v1/script.debug.js:0
[   70682ms] [ERROR] Failed to load resource: the server responded with a status of 404 (Not Found) @ http://localhost:3002/_next/static/webpack/2ed8c5d234341932.webpack.hot-update.json:0
[   70921ms] [INFO] %cDownload the React DevTools for a better development experience: https://reactjs.org/link/react-devtools font-weight:bold @ webpack-internal:///./node_modules/react-dom/cjs/react-dom.development.js:29889
[   70970ms] [LOG] [HMR] connected @ webpack-internal:///./node_modules/next/dist/client/dev/error-overlay/websocket.js:45
[   70999ms] [ERROR] Failed to load resource: the server responded with a status of 404 (Not Found) @ http://localhost:3002/_next/static/webpack/2ed8c5d234341932.webpack.hot-update.json:0
[   71013ms] [LOG] %c[Vercel Web Analytics]%c Debug mode is enabled by default in development. No requests will be sent to the server. color: rgb(120, 120, 120) color: inherit @ https://va.vercel-scripts.com/v1/script.debug.js:0
[   71013ms] [LOG] %c[Vercel Web Analytics]%c [view] http://localhost:3002/landing-ko-vf color: rgb(120, 120, 120) color: inherit {o: http://localhost:3002/landing-ko-vf, sv: 0.1.3, sdkn: @vercel/analytics/react, sdkv: 1.6.1, ts: 1777530929607} /_vercel/insights/view @ https://va.vercel-scripts.com/v1/script.debug.js:0
[   71333ms] [INFO] %cDownload the React DevTools for a better development experience: https://reactjs.org/link/react-devtools font-weight:bold @ webpack-internal:///./node_modules/react-dom/cjs/react-dom.development.js:29889
[   71408ms] [LOG] [HMR] connected @ webpack-internal:///./node_modules/next/dist/client/dev/error-overlay/websocket.js:45
[   71491ms] [LOG] %c[Vercel Web Analytics]%c Debug mode is enabled by default in development. No requests will be sent to the server. color: rgb(120, 120, 120) color: inherit @ https://va.vercel-scripts.com/v1/script.debug.js:0
[   71491ms] [LOG] %c[Vercel Web Analytics]%c [view] http://localhost:3002/landing-ko-vf color: rgb(120, 120, 120) color: inherit {o: http://localhost:3002/landing-ko-vf, sv: 0.1.3, sdkn: @vercel/analytics/react, sdkv: 1.6.1, ts: 1777530930085} /_vercel/insights/view @ https://va.vercel-scripts.com/v1/script.debug.js:0
[   71510ms] [ERROR] Failed to load resource: the server responded with a status of 404 (Not Found) @ http://localhost:3002/_next/static/webpack/2ed8c5d234341932.webpack.hot-update.json:0
[   71726ms] [INFO] %cDownload the React DevTools for a better development experience: https://reactjs.org/link/react-devtools font-weight:bold @ webpack-internal:///./node_modules/react-dom/cjs/react-dom.development.js:29889
[   71779ms] [LOG] [HMR] connected @ webpack-internal:///./node_modules/next/dist/client/dev/error-overlay/websocket.js:45
[   71811ms] [ERROR] Failed to load resource: the server responded with a status of 404 (Not Found) @ http://localhost:3002/_next/static/webpack/2ed8c5d234341932.webpack.hot-update.json:0
[   71823ms] [LOG] %c[Vercel Web Analytics]%c Debug mode is enabled by default in development. No requests will be sent to the server. color: rgb(120, 120, 120) color: inherit @ https://va.vercel-scripts.com/v1/script.debug.js:0
[   71823ms] [LOG] %c[Vercel Web Analytics]%c [view] http://localhost:3002/landing-ko-vf color: rgb(120, 120, 120) color: inherit {o: http://localhost:3002/landing-ko-vf, sv: 0.1.3, sdkn: @vercel/analytics/react, sdkv: 1.6.1, ts: 1777530930417} /_vercel/insights/view @ https://va.vercel-scripts.com/v1/script.debug.js:0
[   72136ms] [INFO] %cDownload the React DevTools for a better development experience: https://reactjs.org/link/react-devtools font-weight:bold @ webpack-internal:///./node_modules/react-dom/cjs/react-dom.development.js:29889
[   72185ms] [LOG] [HMR] connected @ webpack-internal:///./node_modules/next/dist/client/dev/error-overlay/websocket.js:45
[   72209ms] [ERROR] Failed to load resource: the server responded with a status of 404 (Not Found) @ http://localhost:3002/_next/static/webpack/2ed8c5d234341932.webpack.hot-update.json:0
[   72222ms] [LOG] %c[Vercel Web Analytics]%c Debug mode is enabled by default in development. No requests will be sent to the server. color: rgb(120, 120, 120) color: inherit @ https://va.vercel-scripts.com/v1/script.debug.js:0
[   72222ms] [LOG] %c[Vercel Web Analytics]%c [view] http://localhost:3002/landing-ko-vf color: rgb(120, 120, 120) color: inherit {o: http://localhost:3002/landing-ko-vf, sv: 0.1.3, sdkn: @vercel/analytics/react, sdkv: 1.6.1, ts: 1777530930815} /_vercel/insights/view @ https://va.vercel-scripts.com/v1/script.debug.js:0
[   72449ms] [INFO] %cDownload the React DevTools for a better development experience: https://reactjs.org/link/react-devtools font-weight:bold @ webpack-internal:///./node_modules/react-dom/cjs/react-dom.development.js:29889
[   72546ms] [LOG] [HMR] connected @ webpack-internal:///./node_modules/next/dist/client/dev/error-overlay/websocket.js:45
[   72613ms] [LOG] %c[Vercel Web Analytics]%c Debug mode is enabled by default in development. No requests will be sent to the server. color: rgb(120, 120, 120) color: inherit @ https://va.vercel-scripts.com/v1/script.debug.js:0
[   72613ms] [LOG] %c[Vercel Web Analytics]%c [view] http://localhost:3002/landing-ko-vf color: rgb(120, 120, 120) color: inherit {o: http://localhost:3002/landing-ko-vf, sv: 0.1.3, sdkn: @vercel/analytics/react, sdkv: 1.6.1, ts: 1777530931206} /_vercel/insights/view @ https://va.vercel-scripts.com/v1/script.debug.js:0
[   72633ms] [ERROR] Failed to load resource: the server responded with a status of 404 (Not Found) @ http://localhost:3002/_next/static/webpack/2ed8c5d234341932.webpack.hot-update.json:0
[   72948ms] [INFO] %cDownload the React DevTools for a better development experience: https://reactjs.org/link/react-devtools font-weight:bold @ webpack-internal:///./node_modules/react-dom/cjs/react-dom.development.js:29889
[   73004ms] [LOG] [HMR] connected @ webpack-internal:///./node_modules/next/dist/client/dev/error-overlay/websocket.js:45
[   73040ms] [ERROR] Failed to load resource: the server responded with a status of 404 (Not Found) @ http://localhost:3002/_next/static/webpack/2ed8c5d234341932.webpack.hot-update.json:0
[   73053ms] [LOG] %c[Vercel Web Analytics]%c Debug mode is enabled by default in development. No requests will be sent to the server. color: rgb(120, 120, 120) color: inherit @ https://va.vercel-scripts.com/v1/script.debug.js:0
[   73053ms] [LOG] %c[Vercel Web Analytics]%c [view] http://localhost:3002/landing-ko-vf color: rgb(120, 120, 120) color: inherit {o: http://localhost:3002/landing-ko-vf, sv: 0.1.3, sdkn: @vercel/analytics/react, sdkv: 1.6.1, ts: 1777530931646} /_vercel/insights/view @ https://va.vercel-scripts.com/v1/script.debug.js:0
[   73386ms] [INFO] %cDownload the React DevTools for a better development experience: https://reactjs.org/link/react-devtools font-weight:bold @ webpack-internal:///./node_modules/react-dom/cjs/react-dom.development.js:29889
[   73439ms] [LOG] [HMR] connected @ webpack-internal:///./node_modules/next/dist/client/dev/error-overlay/websocket.js:45
[   73467ms] [ERROR] Failed to load resource: the server responded with a status of 404 (Not Found) @ http://localhost:3002/_next/static/webpack/2ed8c5d234341932.webpack.hot-update.json:0
[   73479ms] [LOG] %c[Vercel Web Analytics]%c Debug mode is enabled by default in development. No requests will be sent to the server. color: rgb(120, 120, 120) color: inherit @ https://va.vercel-scripts.com/v1/script.debug.js:0
[   73479ms] [LOG] %c[Vercel Web Analytics]%c [view] http://localhost:3002/landing-ko-vf color: rgb(120, 120, 120) color: inherit {o: http://localhost:3002/landing-ko-vf, sv: 0.1.3, sdkn: @vercel/analytics/react, sdkv: 1.6.1, ts: 1777530932072} /_vercel/insights/view @ https://va.vercel-scripts.com/v1/script.debug.js:0
[   73698ms] [INFO] %cDownload the React DevTools for a better development experience: https://reactjs.org/link/react-devtools font-weight:bold @ webpack-internal:///./node_modules/react-dom/cjs/react-dom.development.js:29889
[   73768ms] [LOG] [HMR] connected @ webpack-internal:///./node_modules/next/dist/client/dev/error-overlay/websocket.js:45
[   73810ms] [LOG] %c[Vercel Web Analytics]%c Debug mode is enabled by default in development. No requests will be sent to the server. color: rgb(120, 120, 120) color: inherit @ https://va.vercel-scripts.com/v1/script.debug.js:0
[   73810ms] [LOG] %c[Vercel Web Analytics]%c [view] http://localhost:3002/landing-ko-vf color: rgb(120, 120, 120) color: inherit {o: http://localhost:3002/landing-ko-vf, sv: 0.1.3, sdkn: @vercel/analytics/react, sdkv: 1.6.1, ts: 1777530932403} /_vercel/insights/view @ https://va.vercel-scripts.com/v1/script.debug.js:0
[   73836ms] [ERROR] Failed to load resource: the server responded with a status of 404 (Not Found) @ http://localhost:3002/_next/static/webpack/2ed8c5d234341932.webpack.hot-update.json:0
[   74203ms] [INFO] %cDownload the React DevTools for a better development experience: https://reactjs.org/link/react-devtools font-weight:bold @ webpack-internal:///./node_modules/react-dom/cjs/react-dom.development.js:29889
[   74259ms] [LOG] [HMR] connected @ webpack-internal:///./node_modules/next/dist/client/dev/error-overlay/websocket.js:45
[   74295ms] [LOG] %c[Vercel Web Analytics]%c Debug mode is enabled by default in development. No requests will be sent to the server. color: rgb(120, 120, 120) color: inherit @ https://va.vercel-scripts.com/v1/script.debug.js:0
[   74295ms] [LOG] %c[Vercel Web Analytics]%c [view] http://localhost:3002/landing-ko-vf color: rgb(120, 120, 120) color: inherit {o: http://localhost:3002/landing-ko-vf, sv: 0.1.3, sdkn: @vercel/analytics/react, sdkv: 1.6.1, ts: 1777530932889} /_vercel/insights/view @ https://va.vercel-scripts.com/v1/script.debug.js:0
[   74298ms] [ERROR] Failed to load resource: the server responded with a status of 404 (Not Found) @ http://localhost:3002/_next/static/webpack/2ed8c5d234341932.webpack.hot-update.json:0
[   74708ms] [INFO] %cDownload the React DevTools for a better development experience: https://reactjs.org/link/react-devtools font-weight:bold @ webpack-internal:///./node_modules/react-dom/cjs/react-dom.development.js:29889
[   74764ms] [LOG] [HMR] connected @ webpack-internal:///./node_modules/next/dist/client/dev/error-overlay/websocket.js:45
[   74793ms] [ERROR] Failed to load resource: the server responded with a status of 404 (Not Found) @ http://localhost:3002/_next/static/webpack/2ed8c5d234341932.webpack.hot-update.json:0
[   74807ms] [LOG] %c[Vercel Web Analytics]%c Debug mode is enabled by default in development. No requests will be sent to the server. color: rgb(120, 120, 120) color: inherit @ https://va.vercel-scripts.com/v1/script.debug.js:0
[   74807ms] [LOG] %c[Vercel Web Analytics]%c [view] http://localhost:3002/landing-ko-vf color: rgb(120, 120, 120) color: inherit {o: http://localhost:3002/landing-ko-vf, sv: 0.1.3, sdkn: @vercel/analytics/react, sdkv: 1.6.1, ts: 1777530933401} /_vercel/insights/view @ https://va.vercel-scripts.com/v1/script.debug.js:0
[   75038ms] [INFO] %cDownload the React DevTools for a better development experience: https://reactjs.org/link/react-devtools font-weight:bold @ webpack-internal:///./node_modules/react-dom/cjs/react-dom.development.js:29889
[   75138ms] [LOG] [HMR] connected @ webpack-internal:///./node_modules/next/dist/client/dev/error-overlay/websocket.js:45
[   75186ms] [LOG] %c[Vercel Web Analytics]%c Debug mode is enabled by default in development. No requests will be sent to the server. color: rgb(120, 120, 120) color: inherit @ https://va.vercel-scripts.com/v1/script.debug.js:0
[   75186ms] [LOG] %c[Vercel Web Analytics]%c [view] http://localhost:3002/landing-ko-vf color: rgb(120, 120, 120) color: inherit {o: http://localhost:3002/landing-ko-vf, sv: 0.1.3, sdkn: @vercel/analytics/react, sdkv: 1.6.1, ts: 1777530933780} /_vercel/insights/view @ https://va.vercel-scripts.com/v1/script.debug.js:0
[   75218ms] [ERROR] Failed to load resource: the server responded with a status of 404 (Not Found) @ http://localhost:3002/_next/static/webpack/2ed8c5d234341932.webpack.hot-update.json:0
[   75518ms] [INFO] %cDownload the React DevTools for a better development experience: https://reactjs.org/link/react-devtools font-weight:bold @ webpack-internal:///./node_modules/react-dom/cjs/react-dom.development.js:29889
[   75590ms] [LOG] [HMR] connected @ webpack-internal:///./node_modules/next/dist/client/dev/error-overlay/websocket.js:45
[   75642ms] [LOG] %c[Vercel Web Analytics]%c Debug mode is enabled by default in development. No requests will be sent to the server. color: rgb(120, 120, 120) color: inherit @ https://va.vercel-scripts.com/v1/script.debug.js:0
[   75642ms] [LOG] %c[Vercel Web Analytics]%c [view] http://localhost:3002/landing-ko-vf color: rgb(120, 120, 120) color: inherit {o: http://localhost:3002/landing-ko-vf, sv: 0.1.3, sdkn: @vercel/analytics/react, sdkv: 1.6.1, ts: 1777530934235} /_vercel/insights/view @ https://va.vercel-scripts.com/v1/script.debug.js:0
[   75644ms] [ERROR] Failed to load resource: the server responded with a status of 404 (Not Found) @ http://localhost:3002/_next/static/webpack/2ed8c5d234341932.webpack.hot-update.json:0
[   75898ms] [INFO] %cDownload the React DevTools for a better development experience: https://reactjs.org/link/react-devtools font-weight:bold @ webpack-internal:///./node_modules/react-dom/cjs/react-dom.development.js:29889
[   75948ms] [LOG] [HMR] connected @ webpack-internal:///./node_modules/next/dist/client/dev/error-overlay/websocket.js:45
[   75995ms] [LOG] %c[Vercel Web Analytics]%c Debug mode is enabled by default in development. No requests will be sent to the server. color: rgb(120, 120, 120) color: inherit @ https://va.vercel-scripts.com/v1/script.debug.js:0
[   75995ms] [LOG] %c[Vercel Web Analytics]%c [view] http://localhost:3002/landing-ko-vf color: rgb(120, 120, 120) color: inherit {o: http://localhost:3002/landing-ko-vf, sv: 0.1.3, sdkn: @vercel/analytics/react, sdkv: 1.6.1, ts: 1777530934589} /_vercel/insights/view @ https://va.vercel-scripts.com/v1/script.debug.js:0
[   76155ms] [ERROR] Failed to load resource: the server responded with a status of 404 (Not Found) @ http://localhost:3002/_next/static/webpack/2ed8c5d234341932.webpack.hot-update.json:0
[   76415ms] [INFO] %cDownload the React DevTools for a better development experience: https://reactjs.org/link/react-devtools font-weight:bold @ webpack-internal:///./node_modules/react-dom/cjs/react-dom.development.js:29889
[   76507ms] [LOG] [HMR] connected @ webpack-internal:///./node_modules/next/dist/client/dev/error-overlay/websocket.js:45
[   76561ms] [LOG] %c[Vercel Web Analytics]%c Debug mode is enabled by default in development. No requests will be sent to the server. color: rgb(120, 120, 120) color: inherit @ https://va.vercel-scripts.com/v1/script.debug.js:0
[   76561ms] [LOG] %c[Vercel Web Analytics]%c [view] http://localhost:3002/landing-ko-vf color: rgb(120, 120, 120) color: inherit {o: http://localhost:3002/landing-ko-vf, sv: 0.1.3, sdkn: @vercel/analytics/react, sdkv: 1.6.1, ts: 1777530935155} /_vercel/insights/view @ https://va.vercel-scripts.com/v1/script.debug.js:0
[   76656ms] [ERROR] Failed to load resource: the server responded with a status of 404 (Not Found) @ http://localhost:3002/_next/static/webpack/2ed8c5d234341932.webpack.hot-update.json:0
[   76854ms] [INFO] %cDownload the React DevTools for a better development experience: https://reactjs.org/link/react-devtools font-weight:bold @ webpack-internal:///./node_modules/react-dom/cjs/react-dom.development.js:29889
[   76945ms] [LOG] [HMR] connected @ webpack-internal:///./node_modules/next/dist/client/dev/error-overlay/websocket.js:45
[   77005ms] [LOG] %c[Vercel Web Analytics]%c Debug mode is enabled by default in development. No requests will be sent to the server. color: rgb(120, 120, 120) color: inherit @ https://va.vercel-scripts.com/v1/script.debug.js:0
[   77005ms] [LOG] %c[Vercel Web Analytics]%c [view] http://localhost:3002/landing-ko-vf color: rgb(120, 120, 120) color: inherit {o: http://localhost:3002/landing-ko-vf, sv: 0.1.3, sdkn: @vercel/analytics/react, sdkv: 1.6.1, ts: 1777530935599} /_vercel/insights/view @ https://va.vercel-scripts.com/v1/script.debug.js:0
[   77006ms] [ERROR] Failed to load resource: the server responded with a status of 404 (Not Found) @ http://localhost:3002/_next/static/webpack/2ed8c5d234341932.webpack.hot-update.json:0
[   77199ms] [INFO] %cDownload the React DevTools for a better development experience: https://reactjs.org/link/react-devtools font-weight:bold @ webpack-internal:///./node_modules/react-dom/cjs/react-dom.development.js:29889
[   77245ms] [LOG] [HMR] connected @ webpack-internal:///./node_modules/next/dist/client/dev/error-overlay/websocket.js:45
[   77275ms] [ERROR] Failed to load resource: the server responded with a status of 404 (Not Found) @ http://localhost:3002/_next/static/webpack/2ed8c5d234341932.webpack.hot-update.json:0
[   77287ms] [LOG] %c[Vercel Web Analytics]%c Debug mode is enabled by default in development. No requests will be sent to the server. color: rgb(120, 120, 120) color: inherit @ https://va.vercel-scripts.com/v1/script.debug.js:0
[   77287ms] [LOG] %c[Vercel Web Analytics]%c [view] http://localhost:3002/landing-ko-vf color: rgb(120, 120, 120) color: inherit {o: http://localhost:3002/landing-ko-vf, sv: 0.1.3, sdkn: @vercel/analytics/react, sdkv: 1.6.1, ts: 1777530935880} /_vercel/insights/view @ https://va.vercel-scripts.com/v1/script.debug.js:0
[   77664ms] [INFO] %cDownload the React DevTools for a better development experience: https://reactjs.org/link/react-devtools font-weight:bold @ webpack-internal:///./node_modules/react-dom/cjs/react-dom.development.js:29889
[   77755ms] [LOG] [HMR] connected @ webpack-internal:///./node_modules/next/dist/client/dev/error-overlay/websocket.js:45
[   77807ms] [LOG] %c[Vercel Web Analytics]%c Debug mode is enabled by default in development. No requests will be sent to the server. color: rgb(120, 120, 120) color: inherit @ https://va.vercel-scripts.com/v1/script.debug.js:0
[   77807ms] [LOG] %c[Vercel Web Analytics]%c [view] http://localhost:3002/landing-ko-vf color: rgb(120, 120, 120) color: inherit {o: http://localhost:3002/landing-ko-vf, sv: 0.1.3, sdkn: @vercel/analytics/react, sdkv: 1.6.1, ts: 1777530936401} /_vercel/insights/view @ https://va.vercel-scripts.com/v1/script.debug.js:0
[   77808ms] [ERROR] Failed to load resource: the server responded with a status of 404 (Not Found) @ http://localhost:3002/_next/static/webpack/2ed8c5d234341932.webpack.hot-update.json:0
[   78154ms] [INFO] %cDownload the React DevTools for a better development experience: https://reactjs.org/link/react-devtools font-weight:bold @ webpack-internal:///./node_modules/react-dom/cjs/react-dom.development.js:29889
[   78207ms] [LOG] [HMR] connected @ webpack-internal:///./node_modules/next/dist/client/dev/error-overlay/websocket.js:45
[   78234ms] [ERROR] Failed to load resource: the server responded with a status of 404 (Not Found) @ http://localhost:3002/_next/static/webpack/2ed8c5d234341932.webpack.hot-update.json:0
[   78246ms] [LOG] %c[Vercel Web Analytics]%c Debug mode is enabled by default in development. No requests will be sent to the server. color: rgb(120, 120, 120) color: inherit @ https://va.vercel-scripts.com/v1/script.debug.js:0
[   78246ms] [LOG] %c[Vercel Web Analytics]%c [view] http://localhost:3002/landing-ko-vf color: rgb(120, 120, 120) color: inherit {o: http://localhost:3002/landing-ko-vf, sv: 0.1.3, sdkn: @vercel/analytics/react, sdkv: 1.6.1, ts: 1777530936840} /_vercel/insights/view @ https://va.vercel-scripts.com/v1/script.debug.js:0
[   78628ms] [INFO] %cDownload the React DevTools for a better development experience: https://reactjs.org/link/react-devtools font-weight:bold @ webpack-internal:///./node_modules/react-dom/cjs/react-dom.development.js:29889
[   78678ms] [LOG] [HMR] connected @ webpack-internal:///./node_modules/next/dist/client/dev/error-overlay/websocket.js:45
[   78709ms] [ERROR] Failed to load resource: the server responded with a status of 404 (Not Found) @ http://localhost:3002/_next/static/webpack/2ed8c5d234341932.webpack.hot-update.json:0
[   78721ms] [LOG] %c[Vercel Web Analytics]%c Debug mode is enabled by default in development. No requests will be sent to the server. color: rgb(120, 120, 120) color: inherit @ https://va.vercel-scripts.com/v1/script.debug.js:0
[   78721ms] [LOG] %c[Vercel Web Analytics]%c [view] http://localhost:3002/landing-ko-vf color: rgb(120, 120, 120) color: inherit {o: http://localhost:3002/landing-ko-vf, sv: 0.1.3, sdkn: @vercel/analytics/react, sdkv: 1.6.1, ts: 1777530937315} /_vercel/insights/view @ https://va.vercel-scripts.com/v1/script.debug.js:0
[   78905ms] [INFO] %cDownload the React DevTools for a better development experience: https://reactjs.org/link/react-devtools font-weight:bold @ webpack-internal:///./node_modules/react-dom/cjs/react-dom.development.js:29889
[   78966ms] [LOG] [HMR] connected @ webpack-internal:///./node_modules/next/dist/client/dev/error-overlay/websocket.js:45
[   79007ms] [LOG] %c[Vercel Web Analytics]%c Debug mode is enabled by default in development. No requests will be sent to the server. color: rgb(120, 120, 120) color: inherit @ https://va.vercel-scripts.com/v1/script.debug.js:0
[   79007ms] [LOG] %c[Vercel Web Analytics]%c [view] http://localhost:3002/landing-ko-vf color: rgb(120, 120, 120) color: inherit {o: http://localhost:3002/landing-ko-vf, sv: 0.1.3, sdkn: @vercel/analytics/react, sdkv: 1.6.1, ts: 1777530937601} /_vercel/insights/view @ https://va.vercel-scripts.com/v1/script.debug.js:0
[   79074ms] [ERROR] Failed to load resource: the server responded with a status of 404 (Not Found) @ http://localhost:3002/_next/static/webpack/2ed8c5d234341932.webpack.hot-update.json:0
[   79346ms] [INFO] %cDownload the React DevTools for a better development experience: https://reactjs.org/link/react-devtools font-weight:bold @ webpack-internal:///./node_modules/react-dom/cjs/react-dom.development.js:29889
[   79400ms] [LOG] [HMR] connected @ webpack-internal:///./node_modules/next/dist/client/dev/error-overlay/websocket.js:45
[   79429ms] [ERROR] Failed to load resource: the server responded with a status of 404 (Not Found) @ http://localhost:3002/_next/static/webpack/2ed8c5d234341932.webpack.hot-update.json:0
[   79442ms] [LOG] %c[Vercel Web Analytics]%c Debug mode is enabled by default in development. No requests will be sent to the server. color: rgb(120, 120, 120) color: inherit @ https://va.vercel-scripts.com/v1/script.debug.js:0
[   79442ms] [LOG] %c[Vercel Web Analytics]%c [view] http://localhost:3002/landing-ko-vf color: rgb(120, 120, 120) color: inherit {o: http://localhost:3002/landing-ko-vf, sv: 0.1.3, sdkn: @vercel/analytics/react, sdkv: 1.6.1, ts: 1777530938035} /_vercel/insights/view @ https://va.vercel-scripts.com/v1/script.debug.js:0
[   79720ms] [INFO] %cDownload the React DevTools for a better development experience: https://reactjs.org/link/react-devtools font-weight:bold @ webpack-internal:///./node_modules/react-dom/cjs/react-dom.development.js:29889
[   79778ms] [LOG] [HMR] connected @ webpack-internal:///./node_modules/next/dist/client/dev/error-overlay/websocket.js:45
[   79817ms] [ERROR] Failed to load resource: the server responded with a status of 404 (Not Found) @ http://localhost:3002/_next/static/webpack/2ed8c5d234341932.webpack.hot-update.json:0
[   79828ms] [LOG] %c[Vercel Web Analytics]%c Debug mode is enabled by default in development. No requests will be sent to the server. color: rgb(120, 120, 120) color: inherit @ https://va.vercel-scripts.com/v1/script.debug.js:0
[   79828ms] [LOG] %c[Vercel Web Analytics]%c [view] http://localhost:3002/landing-ko-vf color: rgb(120, 120, 120) color: inherit {o: http://localhost:3002/landing-ko-vf, sv: 0.1.3, sdkn: @vercel/analytics/react, sdkv: 1.6.1, ts: 1777530938422} /_vercel/insights/view @ https://va.vercel-scripts.com/v1/script.debug.js:0
[   80093ms] [INFO] %cDownload the React DevTools for a better development experience: https://reactjs.org/link/react-devtools font-weight:bold @ webpack-internal:///./node_modules/react-dom/cjs/react-dom.development.js:29889
[   80145ms] [LOG] [HMR] connected @ webpack-internal:///./node_modules/next/dist/client/dev/error-overlay/websocket.js:45
[   80188ms] [LOG] %c[Vercel Web Analytics]%c Debug mode is enabled by default in development. No requests will be sent to the server. color: rgb(120, 120, 120) color: inherit @ https://va.vercel-scripts.com/v1/script.debug.js:0
[   80188ms] [LOG] %c[Vercel Web Analytics]%c [view] http://localhost:3002/landing-ko-vf color: rgb(120, 120, 120) color: inherit {o: http://localhost:3002/landing-ko-vf, sv: 0.1.3, sdkn: @vercel/analytics/react, sdkv: 1.6.1, ts: 1777530938781} /_vercel/insights/view @ https://va.vercel-scripts.com/v1/script.debug.js:0
[   80207ms] [ERROR] Failed to load resource: the server responded with a status of 404 (Not Found) @ http://localhost:3002/_next/static/webpack/2ed8c5d234341932.webpack.hot-update.json:0
[   80719ms] [INFO] %cDownload the React DevTools for a better development experience: https://reactjs.org/link/react-devtools font-weight:bold @ webpack-internal:///./node_modules/react-dom/cjs/react-dom.development.js:29889
[   80768ms] [LOG] [HMR] connected @ webpack-internal:///./node_modules/next/dist/client/dev/error-overlay/websocket.js:45
[   80804ms] [LOG] %c[Vercel Web Analytics]%c Debug mode is enabled by default in development. No requests will be sent to the server. color: rgb(120, 120, 120) color: inherit @ https://va.vercel-scripts.com/v1/script.debug.js:0
[   80804ms] [LOG] %c[Vercel Web Analytics]%c [view] http://localhost:3002/landing-ko-vf color: rgb(120, 120, 120) color: inherit {o: http://localhost:3002/landing-ko-vf, sv: 0.1.3, sdkn: @vercel/analytics/react, sdkv: 1.6.1, ts: 1777530939398} /_vercel/insights/view @ https://va.vercel-scripts.com/v1/script.debug.js:0
[   80817ms] [ERROR] Failed to load resource: the server responded with a status of 404 (Not Found) @ http://localhost:3002/_next/static/webpack/2ed8c5d234341932.webpack.hot-update.json:0
[   81203ms] [INFO] %cDownload the React DevTools for a better development experience: https://reactjs.org/link/react-devtools font-weight:bold @ webpack-internal:///./node_modules/react-dom/cjs/react-dom.development.js:29889
[   81268ms] [LOG] [HMR] connected @ webpack-internal:///./node_modules/next/dist/client/dev/error-overlay/websocket.js:45
[   81317ms] [ERROR] Failed to load resource: the server responded with a status of 404 (Not Found) @ http://localhost:3002/_next/static/webpack/2ed8c5d234341932.webpack.hot-update.json:0
[   81325ms] [LOG] %c[Vercel Web Analytics]%c Debug mode is enabled by default in development. No requests will be sent to the server. color: rgb(120, 120, 120) color: inherit @ https://va.vercel-scripts.com/v1/script.debug.js:0
[   81325ms] [LOG] %c[Vercel Web Analytics]%c [view] http://localhost:3002/landing-ko-vf color: rgb(120, 120, 120) color: inherit {o: http://localhost:3002/landing-ko-vf, sv: 0.1.3, sdkn: @vercel/analytics/react, sdkv: 1.6.1, ts: 1777530939919} /_vercel/insights/view @ https://va.vercel-scripts.com/v1/script.debug.js:0
[   81532ms] [INFO] %cDownload the React DevTools for a better development experience: https://reactjs.org/link/react-devtools font-weight:bold @ webpack-internal:///./node_modules/react-dom/cjs/react-dom.development.js:29889
[   81593ms] [LOG] [HMR] connected @ webpack-internal:///./node_modules/next/dist/client/dev/error-overlay/websocket.js:45
[   81671ms] [LOG] %c[Vercel Web Analytics]%c Debug mode is enabled by default in development. No requests will be sent to the server. color: rgb(120, 120, 120) color: inherit @ https://va.vercel-scripts.com/v1/script.debug.js:0
[   81672ms] [LOG] %c[Vercel Web Analytics]%c [view] http://localhost:3002/landing-ko-vf color: rgb(120, 120, 120) color: inherit {o: http://localhost:3002/landing-ko-vf, sv: 0.1.3, sdkn: @vercel/analytics/react, sdkv: 1.6.1, ts: 1777530940265} /_vercel/insights/view @ https://va.vercel-scripts.com/v1/script.debug.js:0
[   81812ms] [ERROR] Failed to load resource: the server responded with a status of 404 (Not Found) @ http://localhost:3002/_next/static/webpack/2ed8c5d234341932.webpack.hot-update.json:0
[   82067ms] [INFO] %cDownload the React DevTools for a better development experience: https://reactjs.org/link/react-devtools font-weight:bold @ webpack-internal:///./node_modules/react-dom/cjs/react-dom.development.js:29889
[   82115ms] [LOG] [HMR] connected @ webpack-internal:///./node_modules/next/dist/client/dev/error-overlay/websocket.js:45
[   82143ms] [ERROR] Failed to load resource: the server responded with a status of 404 (Not Found) @ http://localhost:3002/_next/static/webpack/2ed8c5d234341932.webpack.hot-update.json:0
[   82155ms] [LOG] %c[Vercel Web Analytics]%c Debug mode is enabled by default in development. No requests will be sent to the server. color: rgb(120, 120, 120) color: inherit @ https://va.vercel-scripts.com/v1/script.debug.js:0
[   82156ms] [LOG] %c[Vercel Web Analytics]%c [view] http://localhost:3002/landing-ko-vf color: rgb(120, 120, 120) color: inherit {o: http://localhost:3002/landing-ko-vf, sv: 0.1.3, sdkn: @vercel/analytics/react, sdkv: 1.6.1, ts: 1777530940749} /_vercel/insights/view @ https://va.vercel-scripts.com/v1/script.debug.js:0
[   82359ms] [INFO] %cDownload the React DevTools for a better development experience: https://reactjs.org/link/react-devtools font-weight:bold @ webpack-internal:///./node_modules/react-dom/cjs/react-dom.development.js:29889
[   82427ms] [LOG] [HMR] connected @ webpack-internal:///./node_modules/next/dist/client/dev/error-overlay/websocket.js:45
[   82471ms] [ERROR] Failed to load resource: the server responded with a status of 404 (Not Found) @ http://localhost:3002/_next/static/webpack/2ed8c5d234341932.webpack.hot-update.json:0
[   82474ms] [LOG] %c[Vercel Web Analytics]%c Debug mode is enabled by default in development. No requests will be sent to the server. color: rgb(120, 120, 120) color: inherit @ https://va.vercel-scripts.com/v1/script.debug.js:0
[   82474ms] [LOG] %c[Vercel Web Analytics]%c [view] http://localhost:3002/landing-ko-vf color: rgb(120, 120, 120) color: inherit {o: http://localhost:3002/landing-ko-vf, sv: 0.1.3, sdkn: @vercel/analytics/react, sdkv: 1.6.1, ts: 1777530941068} /_vercel/insights/view @ https://va.vercel-scripts.com/v1/script.debug.js:0
[   82727ms] [INFO] %cDownload the React DevTools for a better development experience: https://reactjs.org/link/react-devtools font-weight:bold @ webpack-internal:///./node_modules/react-dom/cjs/react-dom.development.js:29889
[   82780ms] [LOG] [HMR] connected @ webpack-internal:///./node_modules/next/dist/client/dev/error-overlay/websocket.js:45
[   82837ms] [LOG] %c[Vercel Web Analytics]%c Debug mode is enabled by default in development. No requests will be sent to the server. color: rgb(120, 120, 120) color: inherit @ https://va.vercel-scripts.com/v1/script.debug.js:0
[   82837ms] [LOG] %c[Vercel Web Analytics]%c [view] http://localhost:3002/landing-ko-vf color: rgb(120, 120, 120) color: inherit {o: http://localhost:3002/landing-ko-vf, sv: 0.1.3, sdkn: @vercel/analytics/react, sdkv: 1.6.1, ts: 1777530941430} /_vercel/insights/view @ https://va.vercel-scripts.com/v1/script.debug.js:0
[   82866ms] [ERROR] Failed to load resource: the server responded with a status of 404 (Not Found) @ http://localhost:3002/_next/static/webpack/2ed8c5d234341932.webpack.hot-update.json:0
[   83189ms] [INFO] %cDownload the React DevTools for a better development experience: https://reactjs.org/link/react-devtools font-weight:bold @ webpack-internal:///./node_modules/react-dom/cjs/react-dom.development.js:29889
[   83238ms] [LOG] [HMR] connected @ webpack-internal:///./node_modules/next/dist/client/dev/error-overlay/websocket.js:45
[   83279ms] [LOG] %c[Vercel Web Analytics]%c Debug mode is enabled by default in development. No requests will be sent to the server. color: rgb(120, 120, 120) color: inherit @ https://va.vercel-scripts.com/v1/script.debug.js:0
[   83279ms] [LOG] %c[Vercel Web Analytics]%c [view] http://localhost:3002/landing-ko-vf color: rgb(120, 120, 120) color: inherit {o: http://localhost:3002/landing-ko-vf, sv: 0.1.3, sdkn: @vercel/analytics/react, sdkv: 1.6.1, ts: 1777530941872} /_vercel/insights/view @ https://va.vercel-scripts.com/v1/script.debug.js:0
[   83285ms] [ERROR] Failed to load resource: the server responded with a status of 404 (Not Found) @ http://localhost:3002/_next/static/webpack/2ed8c5d234341932.webpack.hot-update.json:0
[   83529ms] [INFO] %cDownload the React DevTools for a better development experience: https://reactjs.org/link/react-devtools font-weight:bold @ webpack-internal:///./node_modules/react-dom/cjs/react-dom.development.js:29889
[   83582ms] [LOG] [HMR] connected @ webpack-internal:///./node_modules/next/dist/client/dev/error-overlay/websocket.js:45
[   83695ms] [LOG] %c[Vercel Web Analytics]%c Debug mode is enabled by default in development. No requests will be sent to the server. color: rgb(120, 120, 120) color: inherit @ https://va.vercel-scripts.com/v1/script.debug.js:0
[   83695ms] [LOG] %c[Vercel Web Analytics]%c [view] http://localhost:3002/landing-ko-vf color: rgb(120, 120, 120) color: inherit {o: http://localhost:3002/landing-ko-vf, sv: 0.1.3, sdkn: @vercel/analytics/react, sdkv: 1.6.1, ts: 1777530942289} /_vercel/insights/view @ https://va.vercel-scripts.com/v1/script.debug.js:0
[   83695ms] [ERROR] Failed to load resource: the server responded with a status of 404 (Not Found) @ http://localhost:3002/_next/static/webpack/2ed8c5d234341932.webpack.hot-update.json:0
[   83985ms] [INFO] %cDownload the React DevTools for a better development experience: https://reactjs.org/link/react-devtools font-weight:bold @ webpack-internal:///./node_modules/react-dom/cjs/react-dom.development.js:29889
[   84035ms] [LOG] [HMR] connected @ webpack-internal:///./node_modules/next/dist/client/dev/error-overlay/websocket.js:45
[   84067ms] [ERROR] Failed to load resource: the server responded with a status of 404 (Not Found) @ http://localhost:3002/_next/static/webpack/2ed8c5d234341932.webpack.hot-update.json:0
[   84078ms] [LOG] %c[Vercel Web Analytics]%c Debug mode is enabled by default in development. No requests will be sent to the server. color: rgb(120, 120, 120) color: inherit @ https://va.vercel-scripts.com/v1/script.debug.js:0
[   84078ms] [LOG] %c[Vercel Web Analytics]%c [view] http://localhost:3002/landing-ko-vf color: rgb(120, 120, 120) color: inherit {o: http://localhost:3002/landing-ko-vf, sv: 0.1.3, sdkn: @vercel/analytics/react, sdkv: 1.6.1, ts: 1777530942672} /_vercel/insights/view @ https://va.vercel-scripts.com/v1/script.debug.js:0
[   84265ms] [INFO] %cDownload the React DevTools for a better development experience: https://reactjs.org/link/react-devtools font-weight:bold @ webpack-internal:///./node_modules/react-dom/cjs/react-dom.development.js:29889
[   84327ms] [LOG] [HMR] connected @ webpack-internal:///./node_modules/next/dist/client/dev/error-overlay/websocket.js:45
[   84373ms] [LOG] %c[Vercel Web Analytics]%c Debug mode is enabled by default in development. No requests will be sent to the server. color: rgb(120, 120, 120) color: inherit @ https://va.vercel-scripts.com/v1/script.debug.js:0
[   84373ms] [LOG] %c[Vercel Web Analytics]%c [view] http://localhost:3002/landing-ko-vf color: rgb(120, 120, 120) color: inherit {o: http://localhost:3002/landing-ko-vf, sv: 0.1.3, sdkn: @vercel/analytics/react, sdkv: 1.6.1, ts: 1777530942966} /_vercel/insights/view @ https://va.vercel-scripts.com/v1/script.debug.js:0
[   84377ms] [ERROR] Failed to load resource: the server responded with a status of 404 (Not Found) @ http://localhost:3002/_next/static/webpack/2ed8c5d234341932.webpack.hot-update.json:0
[   84598ms] [INFO] %cDownload the React DevTools for a better development experience: https://reactjs.org/link/react-devtools font-weight:bold @ webpack-internal:///./node_modules/react-dom/cjs/react-dom.development.js:29889
[   84658ms] [LOG] [HMR] connected @ webpack-internal:///./node_modules/next/dist/client/dev/error-overlay/websocket.js:45
[   84691ms] [ERROR] Failed to load resource: the server responded with a status of 404 (Not Found) @ http://localhost:3002/_next/static/webpack/2ed8c5d234341932.webpack.hot-update.json:0
[   84702ms] [LOG] %c[Vercel Web Analytics]%c Debug mode is enabled by default in development. No requests will be sent to the server. color: rgb(120, 120, 120) color: inherit @ https://va.vercel-scripts.com/v1/script.debug.js:0
[   84702ms] [LOG] %c[Vercel Web Analytics]%c [view] http://localhost:3002/landing-ko-vf color: rgb(120, 120, 120) color: inherit {o: http://localhost:3002/landing-ko-vf, sv: 0.1.3, sdkn: @vercel/analytics/react, sdkv: 1.6.1, ts: 1777530943295} /_vercel/insights/view @ https://va.vercel-scripts.com/v1/script.debug.js:0
[   84976ms] [INFO] %cDownload the React DevTools for a better development experience: https://reactjs.org/link/react-devtools font-weight:bold @ webpack-internal:///./node_modules/react-dom/cjs/react-dom.development.js:29889
[   85038ms] [LOG] [HMR] connected @ webpack-internal:///./node_modules/next/dist/client/dev/error-overlay/websocket.js:45
[   85090ms] [LOG] %c[Vercel Web Analytics]%c Debug mode is enabled by default in development. No requests will be sent to the server. color: rgb(120, 120, 120) color: inherit @ https://va.vercel-scripts.com/v1/script.debug.js:0
[   85090ms] [LOG] %c[Vercel Web Analytics]%c [view] http://localhost:3002/landing-ko-vf color: rgb(120, 120, 120) color: inherit {o: http://localhost:3002/landing-ko-vf, sv: 0.1.3, sdkn: @vercel/analytics/react, sdkv: 1.6.1, ts: 1777530943684} /_vercel/insights/view @ https://va.vercel-scripts.com/v1/script.debug.js:0
[   85126ms] [ERROR] Failed to load resource: the server responded with a status of 404 (Not Found) @ http://localhost:3002/_next/static/webpack/2ed8c5d234341932.webpack.hot-update.json:0
[   85353ms] [INFO] %cDownload the React DevTools for a better development experience: https://reactjs.org/link/react-devtools font-weight:bold @ webpack-internal:///./node_modules/react-dom/cjs/react-dom.development.js:29889
[   85406ms] [LOG] [HMR] connected @ webpack-internal:///./node_modules/next/dist/client/dev/error-overlay/websocket.js:45
[   85455ms] [ERROR] Failed to load resource: the server responded with a status of 404 (Not Found) @ http://localhost:3002/_next/static/webpack/2ed8c5d234341932.webpack.hot-update.json:0
[   85455ms] [LOG] %c[Vercel Web Analytics]%c Debug mode is enabled by default in development. No requests will be sent to the server. color: rgb(120, 120, 120) color: inherit @ https://va.vercel-scripts.com/v1/script.debug.js:0
[   85455ms] [LOG] %c[Vercel Web Analytics]%c [view] http://localhost:3002/landing-ko-vf color: rgb(120, 120, 120) color: inherit {o: http://localhost:3002/landing-ko-vf, sv: 0.1.3, sdkn: @vercel/analytics/react, sdkv: 1.6.1, ts: 1777530944049} /_vercel/insights/view @ https://va.vercel-scripts.com/v1/script.debug.js:0
[   85822ms] [INFO] %cDownload the React DevTools for a better development experience: https://reactjs.org/link/react-devtools font-weight:bold @ webpack-internal:///./node_modules/react-dom/cjs/react-dom.development.js:29889
[   85884ms] [LOG] [HMR] connected @ webpack-internal:///./node_modules/next/dist/client/dev/error-overlay/websocket.js:45
[   85922ms] [LOG] %c[Vercel Web Analytics]%c Debug mode is enabled by default in development. No requests will be sent to the server. color: rgb(120, 120, 120) color: inherit @ https://va.vercel-scripts.com/v1/script.debug.js:0
[   85922ms] [LOG] %c[Vercel Web Analytics]%c [view] http://localhost:3002/landing-ko-vf color: rgb(120, 120, 120) color: inherit {o: http://localhost:3002/landing-ko-vf, sv: 0.1.3, sdkn: @vercel/analytics/react, sdkv: 1.6.1, ts: 1777530944516} /_vercel/insights/view @ https://va.vercel-scripts.com/v1/script.debug.js:0
[   85922ms] [ERROR] Failed to load resource: the server responded with a status of 404 (Not Found) @ http://localhost:3002/_next/static/webpack/2ed8c5d234341932.webpack.hot-update.json:0
[   86134ms] [INFO] %cDownload the React DevTools for a better development experience: https://reactjs.org/link/react-devtools font-weight:bold @ webpack-internal:///./node_modules/react-dom/cjs/react-dom.development.js:29889
[   86184ms] [LOG] [HMR] connected @ webpack-internal:///./node_modules/next/dist/client/dev/error-overlay/websocket.js:45
[   86419ms] [LOG] %c[Vercel Web Analytics]%c Debug mode is enabled by default in development. No requests will be sent to the server. color: rgb(120, 120, 120) color: inherit @ https://va.vercel-scripts.com/v1/script.debug.js:0
[   86419ms] [LOG] %c[Vercel Web Analytics]%c [view] http://localhost:3002/landing-ko-vf color: rgb(120, 120, 120) color: inherit {o: http://localhost:3002/landing-ko-vf, sv: 0.1.3, sdkn: @vercel/analytics/react, sdkv: 1.6.1, ts: 1777530945013} /_vercel/insights/view @ https://va.vercel-scripts.com/v1/script.debug.js:0
[   86517ms] [ERROR] Failed to load resource: the server responded with a status of 404 (Not Found) @ http://localhost:3002/_next/static/webpack/2ed8c5d234341932.webpack.hot-update.json:0
[   86775ms] [INFO] %cDownload the React DevTools for a better development experience: https://reactjs.org/link/react-devtools font-weight:bold @ webpack-internal:///./node_modules/react-dom/cjs/react-dom.development.js:29889
[   86824ms] [LOG] [HMR] connected @ webpack-internal:///./node_modules/next/dist/client/dev/error-overlay/websocket.js:45
[   86851ms] [ERROR] Failed to load resource: the server responded with a status of 404 (Not Found) @ http://localhost:3002/_next/static/webpack/2ed8c5d234341932.webpack.hot-update.json:0
[   86863ms] [LOG] %c[Vercel Web Analytics]%c Debug mode is enabled by default in development. No requests will be sent to the server. color: rgb(120, 120, 120) color: inherit @ https://va.vercel-scripts.com/v1/script.debug.js:0
[   86863ms] [LOG] %c[Vercel Web Analytics]%c [view] http://localhost:3002/landing-ko-vf color: rgb(120, 120, 120) color: inherit {o: http://localhost:3002/landing-ko-vf, sv: 0.1.3, sdkn: @vercel/analytics/react, sdkv: 1.6.1, ts: 1777530945456} /_vercel/insights/view @ https://va.vercel-scripts.com/v1/script.debug.js:0
[   87199ms] [INFO] %cDownload the React DevTools for a better development experience: https://reactjs.org/link/react-devtools font-weight:bold @ webpack-internal:///./node_modules/react-dom/cjs/react-dom.development.js:29889
[   87263ms] [LOG] [HMR] connected @ webpack-internal:///./node_modules/next/dist/client/dev/error-overlay/websocket.js:45
[   87301ms] [ERROR] Failed to load resource: the server responded with a status of 404 (Not Found) @ http://localhost:3002/_next/static/webpack/2ed8c5d234341932.webpack.hot-update.json:0
[   87315ms] [LOG] %c[Vercel Web Analytics]%c Debug mode is enabled by default in development. No requests will be sent to the server. color: rgb(120, 120, 120) color: inherit @ https://va.vercel-scripts.com/v1/script.debug.js:0
[   87315ms] [LOG] %c[Vercel Web Analytics]%c [view] http://localhost:3002/landing-ko-vf color: rgb(120, 120, 120) color: inherit {o: http://localhost:3002/landing-ko-vf, sv: 0.1.3, sdkn: @vercel/analytics/react, sdkv: 1.6.1, ts: 1777530945909} /_vercel/insights/view @ https://va.vercel-scripts.com/v1/script.debug.js:0
[   87630ms] [INFO] %cDownload the React DevTools for a better development experience: https://reactjs.org/link/react-devtools font-weight:bold @ webpack-internal:///./node_modules/react-dom/cjs/react-dom.development.js:29889
[   87696ms] [LOG] [HMR] connected @ webpack-internal:///./node_modules/next/dist/client/dev/error-overlay/websocket.js:45
[   87752ms] [LOG] %c[Vercel Web Analytics]%c Debug mode is enabled by default in development. No requests will be sent to the server. color: rgb(120, 120, 120) color: inherit @ https://va.vercel-scripts.com/v1/script.debug.js:0
[   87752ms] [LOG] %c[Vercel Web Analytics]%c [view] http://localhost:3002/landing-ko-vf color: rgb(120, 120, 120) color: inherit {o: http://localhost:3002/landing-ko-vf, sv: 0.1.3, sdkn: @vercel/analytics/react, sdkv: 1.6.1, ts: 1777530946346} /_vercel/insights/view @ https://va.vercel-scripts.com/v1/script.debug.js:0
[   87789ms] [ERROR] Failed to load resource: the server responded with a status of 404 (Not Found) @ http://localhost:3002/_next/static/webpack/2ed8c5d234341932.webpack.hot-update.json:0
[   88081ms] [INFO] %cDownload the React DevTools for a better development experience: https://reactjs.org/link/react-devtools font-weight:bold @ webpack-internal:///./node_modules/react-dom/cjs/react-dom.development.js:29889
[   88131ms] [LOG] [HMR] connected @ webpack-internal:///./node_modules/next/dist/client/dev/error-overlay/websocket.js:45
[   88158ms] [ERROR] Failed to load resource: the server responded with a status of 404 (Not Found) @ http://localhost:3002/_next/static/webpack/2ed8c5d234341932.webpack.hot-update.json:0
[   88169ms] [LOG] %c[Vercel Web Analytics]%c Debug mode is enabled by default in development. No requests will be sent to the server. color: rgb(120, 120, 120) color: inherit @ https://va.vercel-scripts.com/v1/script.debug.js:0
[   88169ms] [LOG] %c[Vercel Web Analytics]%c [view] http://localhost:3002/landing-ko-vf color: rgb(120, 120, 120) color: inherit {o: http://localhost:3002/landing-ko-vf, sv: 0.1.3, sdkn: @vercel/analytics/react, sdkv: 1.6.1, ts: 1777530946762} /_vercel/insights/view @ https://va.vercel-scripts.com/v1/script.debug.js:0
[   88378ms] [INFO] %cDownload the React DevTools for a better development experience: https://reactjs.org/link/react-devtools font-weight:bold @ webpack-internal:///./node_modules/react-dom/cjs/react-dom.development.js:29889
[   88436ms] [LOG] [HMR] connected @ webpack-internal:///./node_modules/next/dist/client/dev/error-overlay/websocket.js:45
[   88471ms] [ERROR] Failed to load resource: the server responded with a status of 404 (Not Found) @ http://localhost:3002/_next/static/webpack/2ed8c5d234341932.webpack.hot-update.json:0
[   88479ms] [LOG] %c[Vercel Web Analytics]%c Debug mode is enabled by default in development. No requests will be sent to the server. color: rgb(120, 120, 120) color: inherit @ https://va.vercel-scripts.com/v1/script.debug.js:0
[   88479ms] [LOG] %c[Vercel Web Analytics]%c [view] http://localhost:3002/landing-ko-vf color: rgb(120, 120, 120) color: inherit {o: http://localhost:3002/landing-ko-vf, sv: 0.1.3, sdkn: @vercel/analytics/react, sdkv: 1.6.1, ts: 1777530947072} /_vercel/insights/view @ https://va.vercel-scripts.com/v1/script.debug.js:0
[   88792ms] [INFO] %cDownload the React DevTools for a better development experience: https://reactjs.org/link/react-devtools font-weight:bold @ webpack-internal:///./node_modules/react-dom/cjs/react-dom.development.js:29889
[   88838ms] [LOG] [HMR] connected @ webpack-internal:///./node_modules/next/dist/client/dev/error-overlay/websocket.js:45
[   88881ms] [LOG] %c[Vercel Web Analytics]%c Debug mode is enabled by default in development. No requests will be sent to the server. color: rgb(120, 120, 120) color: inherit @ https://va.vercel-scripts.com/v1/script.debug.js:0
[   88881ms] [LOG] %c[Vercel Web Analytics]%c [view] http://localhost:3002/landing-ko-vf color: rgb(120, 120, 120) color: inherit {o: http://localhost:3002/landing-ko-vf, sv: 0.1.3, sdkn: @vercel/analytics/react, sdkv: 1.6.1, ts: 1777530947475} /_vercel/insights/view @ https://va.vercel-scripts.com/v1/script.debug.js:0
[   88915ms] [ERROR] Failed to load resource: the server responded with a status of 404 (Not Found) @ http://localhost:3002/_next/static/webpack/2ed8c5d234341932.webpack.hot-update.json:0
[   89130ms] [INFO] %cDownload the React DevTools for a better development experience: https://reactjs.org/link/react-devtools font-weight:bold @ webpack-internal:///./node_modules/react-dom/cjs/react-dom.development.js:29889
[   89188ms] [LOG] [HMR] connected @ webpack-internal:///./node_modules/next/dist/client/dev/error-overlay/websocket.js:45
[   89259ms] [LOG] %c[Vercel Web Analytics]%c Debug mode is enabled by default in development. No requests will be sent to the server. color: rgb(120, 120, 120) color: inherit @ https://va.vercel-scripts.com/v1/script.debug.js:0
[   89259ms] [LOG] %c[Vercel Web Analytics]%c [view] http://localhost:3002/landing-ko-vf color: rgb(120, 120, 120) color: inherit {o: http://localhost:3002/landing-ko-vf, sv: 0.1.3, sdkn: @vercel/analytics/react, sdkv: 1.6.1, ts: 1777530947853} /_vercel/insights/view @ https://va.vercel-scripts.com/v1/script.debug.js:0
[   89281ms] [ERROR] Failed to load resource: the server responded with a status of 404 (Not Found) @ http://localhost:3002/_next/static/webpack/2ed8c5d234341932.webpack.hot-update.json:0
[   89536ms] [INFO] %cDownload the React DevTools for a better development experience: https://reactjs.org/link/react-devtools font-weight:bold @ webpack-internal:///./node_modules/react-dom/cjs/react-dom.development.js:29889
[   89591ms] [LOG] [HMR] connected @ webpack-internal:///./node_modules/next/dist/client/dev/error-overlay/websocket.js:45
[   89628ms] [ERROR] Failed to load resource: the server responded with a status of 404 (Not Found) @ http://localhost:3002/_next/static/webpack/2ed8c5d234341932.webpack.hot-update.json:0
[   89638ms] [LOG] %c[Vercel Web Analytics]%c Debug mode is enabled by default in development. No requests will be sent to the server. color: rgb(120, 120, 120) color: inherit @ https://va.vercel-scripts.com/v1/script.debug.js:0
[   89638ms] [LOG] %c[Vercel Web Analytics]%c [view] http://localhost:3002/landing-ko-vf color: rgb(120, 120, 120) color: inherit {o: http://localhost:3002/landing-ko-vf, sv: 0.1.3, sdkn: @vercel/analytics/react, sdkv: 1.6.1, ts: 1777530948232} /_vercel/insights/view @ https://va.vercel-scripts.com/v1/script.debug.js:0
[   89941ms] [INFO] %cDownload the React DevTools for a better development experience: https://reactjs.org/link/react-devtools font-weight:bold @ webpack-internal:///./node_modules/react-dom/cjs/react-dom.development.js:29889
[   89996ms] [LOG] [HMR] connected @ webpack-internal:///./node_modules/next/dist/client/dev/error-overlay/websocket.js:45
[   90062ms] [LOG] %c[Vercel Web Analytics]%c Debug mode is enabled by default in development. No requests will be sent to the server. color: rgb(120, 120, 120) color: inherit @ https://va.vercel-scripts.com/v1/script.debug.js:0
[   90062ms] [LOG] %c[Vercel Web Analytics]%c [view] http://localhost:3002/landing-ko-vf color: rgb(120, 120, 120) color: inherit {o: http://localhost:3002/landing-ko-vf, sv: 0.1.3, sdkn: @vercel/analytics/react, sdkv: 1.6.1, ts: 1777530948655} /_vercel/insights/view @ https://va.vercel-scripts.com/v1/script.debug.js:0
[   90093ms] [ERROR] Failed to load resource: the server responded with a status of 404 (Not Found) @ http://localhost:3002/_next/static/webpack/2ed8c5d234341932.webpack.hot-update.json:0
[   90293ms] [INFO] %cDownload the React DevTools for a better development experience: https://reactjs.org/link/react-devtools font-weight:bold @ webpack-internal:///./node_modules/react-dom/cjs/react-dom.development.js:29889
[   90348ms] [LOG] [HMR] connected @ webpack-internal:///./node_modules/next/dist/client/dev/error-overlay/websocket.js:45
[   90376ms] [ERROR] Failed to load resource: the server responded with a status of 404 (Not Found) @ http://localhost:3002/_next/static/webpack/2ed8c5d234341932.webpack.hot-update.json:0
[   90389ms] [LOG] %c[Vercel Web Analytics]%c Debug mode is enabled by default in development. No requests will be sent to the server. color: rgb(120, 120, 120) color: inherit @ https://va.vercel-scripts.com/v1/script.debug.js:0
[   90389ms] [LOG] %c[Vercel Web Analytics]%c [view] http://localhost:3002/landing-ko-vf color: rgb(120, 120, 120) color: inherit {o: http://localhost:3002/landing-ko-vf, sv: 0.1.3, sdkn: @vercel/analytics/react, sdkv: 1.6.1, ts: 1777530948982} /_vercel/insights/view @ https://va.vercel-scripts.com/v1/script.debug.js:0
[   90698ms] [INFO] %cDownload the React DevTools for a better development experience: https://reactjs.org/link/react-devtools font-weight:bold @ webpack-internal:///./node_modules/react-dom/cjs/react-dom.development.js:29889
[   90778ms] [LOG] [HMR] connected @ webpack-internal:///./node_modules/next/dist/client/dev/error-overlay/websocket.js:45
[   90817ms] [ERROR] Failed to load resource: the server responded with a status of 404 (Not Found) @ http://localhost:3002/_next/static/webpack/2ed8c5d234341932.webpack.hot-update.json:0
[   90824ms] [LOG] %c[Vercel Web Analytics]%c Debug mode is enabled by default in development. No requests will be sent to the server. color: rgb(120, 120, 120) color: inherit @ https://va.vercel-scripts.com/v1/script.debug.js:0
[   90824ms] [LOG] %c[Vercel Web Analytics]%c [view] http://localhost:3002/landing-ko-vf color: rgb(120, 120, 120) color: inherit {o: http://localhost:3002/landing-ko-vf, sv: 0.1.3, sdkn: @vercel/analytics/react, sdkv: 1.6.1, ts: 1777530949418} /_vercel/insights/view @ https://va.vercel-scripts.com/v1/script.debug.js:0
[   91069ms] [INFO] %cDownload the React DevTools for a better development experience: https://reactjs.org/link/react-devtools font-weight:bold @ webpack-internal:///./node_modules/react-dom/cjs/react-dom.development.js:29889
[   91118ms] [LOG] [HMR] connected @ webpack-internal:///./node_modules/next/dist/client/dev/error-overlay/websocket.js:45
[   91213ms] [ERROR] Failed to load resource: the server responded with a status of 404 (Not Found) @ http://localhost:3002/_next/static/webpack/2ed8c5d234341932.webpack.hot-update.json:0
[   91223ms] [LOG] %c[Vercel Web Analytics]%c Debug mode is enabled by default in development. No requests will be sent to the server. color: rgb(120, 120, 120) color: inherit @ https://va.vercel-scripts.com/v1/script.debug.js:0
[   91223ms] [LOG] %c[Vercel Web Analytics]%c [view] http://localhost:3002/landing-ko-vf color: rgb(120, 120, 120) color: inherit {o: http://localhost:3002/landing-ko-vf, sv: 0.1.3, sdkn: @vercel/analytics/react, sdkv: 1.6.1, ts: 1777530949816} /_vercel/insights/view @ https://va.vercel-scripts.com/v1/script.debug.js:0
[   91541ms] [INFO] %cDownload the React DevTools for a better development experience: https://reactjs.org/link/react-devtools font-weight:bold @ webpack-internal:///./node_modules/react-dom/cjs/react-dom.development.js:29889
[   91589ms] [LOG] [HMR] connected @ webpack-internal:///./node_modules/next/dist/client/dev/error-overlay/websocket.js:45
[   91617ms] [ERROR] Failed to load resource: the server responded with a status of 404 (Not Found) @ http://localhost:3002/_next/static/webpack/2ed8c5d234341932.webpack.hot-update.json:0
[   91628ms] [LOG] %c[Vercel Web Analytics]%c Debug mode is enabled by default in development. No requests will be sent to the server. color: rgb(120, 120, 120) color: inherit @ https://va.vercel-scripts.com/v1/script.debug.js:0
[   91628ms] [LOG] %c[Vercel Web Analytics]%c [view] http://localhost:3002/landing-ko-vf color: rgb(120, 120, 120) color: inherit {o: http://localhost:3002/landing-ko-vf, sv: 0.1.3, sdkn: @vercel/analytics/react, sdkv: 1.6.1, ts: 1777530950221} /_vercel/insights/view @ https://va.vercel-scripts.com/v1/script.debug.js:0
[   91925ms] [INFO] %cDownload the React DevTools for a better development experience: https://reactjs.org/link/react-devtools font-weight:bold @ webpack-internal:///./node_modules/react-dom/cjs/react-dom.development.js:29889
[   91987ms] [LOG] [HMR] connected @ webpack-internal:///./node_modules/next/dist/client/dev/error-overlay/websocket.js:45
[   92016ms] [ERROR] Failed to load resource: the server responded with a status of 404 (Not Found) @ http://localhost:3002/_next/static/webpack/2ed8c5d234341932.webpack.hot-update.json:0
[   92027ms] [LOG] %c[Vercel Web Analytics]%c Debug mode is enabled by default in development. No requests will be sent to the server. color: rgb(120, 120, 120) color: inherit @ https://va.vercel-scripts.com/v1/script.debug.js:0
[   92027ms] [LOG] %c[Vercel Web Analytics]%c [view] http://localhost:3002/landing-ko-vf color: rgb(120, 120, 120) color: inherit {o: http://localhost:3002/landing-ko-vf, sv: 0.1.3, sdkn: @vercel/analytics/react, sdkv: 1.6.1, ts: 1777530950620} /_vercel/insights/view @ https://va.vercel-scripts.com/v1/script.debug.js:0
[   92205ms] [INFO] %cDownload the React DevTools for a better development experience: https://reactjs.org/link/react-devtools font-weight:bold @ webpack-internal:///./node_modules/react-dom/cjs/react-dom.development.js:29889
[   92252ms] [LOG] [HMR] connected @ webpack-internal:///./node_modules/next/dist/client/dev/error-overlay/websocket.js:45
[   92274ms] [ERROR] Failed to load resource: the server responded with a status of 404 (Not Found) @ http://localhost:3002/_next/static/webpack/2ed8c5d234341932.webpack.hot-update.json:0
[   92286ms] [LOG] %c[Vercel Web Analytics]%c Debug mode is enabled by default in development. No requests will be sent to the server. color: rgb(120, 120, 120) color: inherit @ https://va.vercel-scripts.com/v1/script.debug.js:0
[   92286ms] [LOG] %c[Vercel Web Analytics]%c [view] http://localhost:3002/landing-ko-vf color: rgb(120, 120, 120) color: inherit {o: http://localhost:3002/landing-ko-vf, sv: 0.1.3, sdkn: @vercel/analytics/react, sdkv: 1.6.1, ts: 1777530950879} /_vercel/insights/view @ https://va.vercel-scripts.com/v1/script.debug.js:0
[   92788ms] [INFO] %cDownload the React DevTools for a better development experience: https://reactjs.org/link/react-devtools font-weight:bold @ webpack-internal:///./node_modules/react-dom/cjs/react-dom.development.js:29889
[   92838ms] [LOG] [HMR] connected @ webpack-internal:///./node_modules/next/dist/client/dev/error-overlay/websocket.js:45
[   92868ms] [ERROR] Failed to load resource: the server responded with a status of 404 (Not Found) @ http://localhost:3002/_next/static/webpack/2ed8c5d234341932.webpack.hot-update.json:0
[   92880ms] [LOG] %c[Vercel Web Analytics]%c Debug mode is enabled by default in development. No requests will be sent to the server. color: rgb(120, 120, 120) color: inherit @ https://va.vercel-scripts.com/v1/script.debug.js:0
[   92880ms] [LOG] %c[Vercel Web Analytics]%c [view] http://localhost:3002/landing-ko-vf color: rgb(120, 120, 120) color: inherit {o: http://localhost:3002/landing-ko-vf, sv: 0.1.3, sdkn: @vercel/analytics/react, sdkv: 1.6.1, ts: 1777530951473} /_vercel/insights/view @ https://va.vercel-scripts.com/v1/script.debug.js:0
[   93235ms] [INFO] %cDownload the React DevTools for a better development experience: https://reactjs.org/link/react-devtools font-weight:bold @ webpack-internal:///./node_modules/react-dom/cjs/react-dom.development.js:29889
[   93297ms] [LOG] [HMR] connected @ webpack-internal:///./node_modules/next/dist/client/dev/error-overlay/websocket.js:45
[   93338ms] [LOG] %c[Vercel Web Analytics]%c Debug mode is enabled by default in development. No requests will be sent to the server. color: rgb(120, 120, 120) color: inherit @ https://va.vercel-scripts.com/v1/script.debug.js:0
[   93338ms] [LOG] %c[Vercel Web Analytics]%c [view] http://localhost:3002/landing-ko-vf color: rgb(120, 120, 120) color: inherit {o: http://localhost:3002/landing-ko-vf, sv: 0.1.3, sdkn: @vercel/analytics/react, sdkv: 1.6.1, ts: 1777530951932} /_vercel/insights/view @ https://va.vercel-scripts.com/v1/script.debug.js:0
[   93338ms] [ERROR] Failed to load resource: the server responded with a status of 404 (Not Found) @ http://localhost:3002/_next/static/webpack/2ed8c5d234341932.webpack.hot-update.json:0
[   93557ms] [INFO] %cDownload the React DevTools for a better development experience: https://reactjs.org/link/react-devtools font-weight:bold @ webpack-internal:///./node_modules/react-dom/cjs/react-dom.development.js:29889
[   93622ms] [LOG] [HMR] connected @ webpack-internal:///./node_modules/next/dist/client/dev/error-overlay/websocket.js:45
[   93673ms] [LOG] %c[Vercel Web Analytics]%c Debug mode is enabled by default in development. No requests will be sent to the server. color: rgb(120, 120, 120) color: inherit @ https://va.vercel-scripts.com/v1/script.debug.js:0
[   93673ms] [LOG] %c[Vercel Web Analytics]%c [view] http://localhost:3002/landing-ko-vf color: rgb(120, 120, 120) color: inherit {o: http://localhost:3002/landing-ko-vf, sv: 0.1.3, sdkn: @vercel/analytics/react, sdkv: 1.6.1, ts: 1777530952267} /_vercel/insights/view @ https://va.vercel-scripts.com/v1/script.debug.js:0
[   93694ms] [ERROR] Failed to load resource: the server responded with a status of 404 (Not Found) @ http://localhost:3002/_next/static/webpack/2ed8c5d234341932.webpack.hot-update.json:0
[   93991ms] [INFO] %cDownload the React DevTools for a better development experience: https://reactjs.org/link/react-devtools font-weight:bold @ webpack-internal:///./node_modules/react-dom/cjs/react-dom.development.js:29889
[   94040ms] [LOG] [HMR] connected @ webpack-internal:///./node_modules/next/dist/client/dev/error-overlay/websocket.js:45
[   94066ms] [ERROR] Failed to load resource: the server responded with a status of 404 (Not Found) @ http://localhost:3002/_next/static/webpack/2ed8c5d234341932.webpack.hot-update.json:0
[   94077ms] [LOG] %c[Vercel Web Analytics]%c Debug mode is enabled by default in development. No requests will be sent to the server. color: rgb(120, 120, 120) color: inherit @ https://va.vercel-scripts.com/v1/script.debug.js:0
[   94077ms] [LOG] %c[Vercel Web Analytics]%c [view] http://localhost:3002/landing-ko-vf color: rgb(120, 120, 120) color: inherit {o: http://localhost:3002/landing-ko-vf, sv: 0.1.3, sdkn: @vercel/analytics/react, sdkv: 1.6.1, ts: 1777530952670} /_vercel/insights/view @ https://va.vercel-scripts.com/v1/script.debug.js:0
[   94287ms] [INFO] %cDownload the React DevTools for a better development experience: https://reactjs.org/link/react-devtools font-weight:bold @ webpack-internal:///./node_modules/react-dom/cjs/react-dom.development.js:29889
[   94375ms] [LOG] [HMR] connected @ webpack-internal:///./node_modules/next/dist/client/dev/error-overlay/websocket.js:45
[   94425ms] [ERROR] Failed to load resource: the server responded with a status of 404 (Not Found) @ http://localhost:3002/_next/static/webpack/2ed8c5d234341932.webpack.hot-update.json:0
[   94433ms] [LOG] %c[Vercel Web Analytics]%c Debug mode is enabled by default in development. No requests will be sent to the server. color: rgb(120, 120, 120) color: inherit @ https://va.vercel-scripts.com/v1/script.debug.js:0
[   94433ms] [LOG] %c[Vercel Web Analytics]%c [view] http://localhost:3002/landing-ko-vf color: rgb(120, 120, 120) color: inherit {o: http://localhost:3002/landing-ko-vf, sv: 0.1.3, sdkn: @vercel/analytics/react, sdkv: 1.6.1, ts: 1777530953026} /_vercel/insights/view @ https://va.vercel-scripts.com/v1/script.debug.js:0
[   94641ms] [INFO] %cDownload the React DevTools for a better development experience: https://reactjs.org/link/react-devtools font-weight:bold @ webpack-internal:///./node_modules/react-dom/cjs/react-dom.development.js:29889
[   94689ms] [LOG] [HMR] connected @ webpack-internal:///./node_modules/next/dist/client/dev/error-overlay/websocket.js:45
[   94717ms] [ERROR] Failed to load resource: the server responded with a status of 404 (Not Found) @ http://localhost:3002/_next/static/webpack/2ed8c5d234341932.webpack.hot-update.json:0
[   94728ms] [LOG] %c[Vercel Web Analytics]%c Debug mode is enabled by default in development. No requests will be sent to the server. color: rgb(120, 120, 120) color: inherit @ https://va.vercel-scripts.com/v1/script.debug.js:0
[   94728ms] [LOG] %c[Vercel Web Analytics]%c [view] http://localhost:3002/landing-ko-vf color: rgb(120, 120, 120) color: inherit {o: http://localhost:3002/landing-ko-vf, sv: 0.1.3, sdkn: @vercel/analytics/react, sdkv: 1.6.1, ts: 1777530953321} /_vercel/insights/view @ https://va.vercel-scripts.com/v1/script.debug.js:0
[   95051ms] [INFO] %cDownload the React DevTools for a better development experience: https://reactjs.org/link/react-devtools font-weight:bold @ webpack-internal:///./node_modules/react-dom/cjs/react-dom.development.js:29889
[   95102ms] [LOG] [HMR] connected @ webpack-internal:///./node_modules/next/dist/client/dev/error-overlay/websocket.js:45
[   95135ms] [ERROR] Failed to load resource: the server responded with a status of 404 (Not Found) @ http://localhost:3002/_next/static/webpack/2ed8c5d234341932.webpack.hot-update.json:0
[   95148ms] [LOG] %c[Vercel Web Analytics]%c Debug mode is enabled by default in development. No requests will be sent to the server. color: rgb(120, 120, 120) color: inherit @ https://va.vercel-scripts.com/v1/script.debug.js:0
[   95148ms] [LOG] %c[Vercel Web Analytics]%c [view] http://localhost:3002/landing-ko-vf color: rgb(120, 120, 120) color: inherit {o: http://localhost:3002/landing-ko-vf, sv: 0.1.3, sdkn: @vercel/analytics/react, sdkv: 1.6.1, ts: 1777530953742} /_vercel/insights/view @ https://va.vercel-scripts.com/v1/script.debug.js:0
[   95355ms] [INFO] %cDownload the React DevTools for a better development experience: https://reactjs.org/link/react-devtools font-weight:bold @ webpack-internal:///./node_modules/react-dom/cjs/react-dom.development.js:29889
[   95413ms] [LOG] [HMR] connected @ webpack-internal:///./node_modules/next/dist/client/dev/error-overlay/websocket.js:45
[   95442ms] [ERROR] Failed to load resource: the server responded with a status of 404 (Not Found) @ http://localhost:3002/_next/static/webpack/2ed8c5d234341932.webpack.hot-update.json:0
[   95452ms] [LOG] %c[Vercel Web Analytics]%c Debug mode is enabled by default in development. No requests will be sent to the server. color: rgb(120, 120, 120) color: inherit @ https://va.vercel-scripts.com/v1/script.debug.js:0
[   95452ms] [LOG] %c[Vercel Web Analytics]%c [view] http://localhost:3002/landing-ko-vf color: rgb(120, 120, 120) color: inherit {o: http://localhost:3002/landing-ko-vf, sv: 0.1.3, sdkn: @vercel/analytics/react, sdkv: 1.6.1, ts: 1777530954046} /_vercel/insights/view @ https://va.vercel-scripts.com/v1/script.debug.js:0
[   95715ms] [INFO] %cDownload the React DevTools for a better development experience: https://reactjs.org/link/react-devtools font-weight:bold @ webpack-internal:///./node_modules/react-dom/cjs/react-dom.development.js:29889
[   95762ms] [LOG] [HMR] connected @ webpack-internal:///./node_modules/next/dist/client/dev/error-overlay/websocket.js:45
[   95795ms] [LOG] %c[Vercel Web Analytics]%c Debug mode is enabled by default in development. No requests will be sent to the server. color: rgb(120, 120, 120) color: inherit @ https://va.vercel-scripts.com/v1/script.debug.js:0
[   95796ms] [LOG] %c[Vercel Web Analytics]%c [view] http://localhost:3002/landing-ko-vf color: rgb(120, 120, 120) color: inherit {o: http://localhost:3002/landing-ko-vf, sv: 0.1.3, sdkn: @vercel/analytics/react, sdkv: 1.6.1, ts: 1777530954389} /_vercel/insights/view @ https://va.vercel-scripts.com/v1/script.debug.js:0
[   95887ms] [ERROR] Failed to load resource: the server responded with a status of 404 (Not Found) @ http://localhost:3002/_next/static/webpack/2ed8c5d234341932.webpack.hot-update.json:0
[   96087ms] [INFO] %cDownload the React DevTools for a better development experience: https://reactjs.org/link/react-devtools font-weight:bold @ webpack-internal:///./node_modules/react-dom/cjs/react-dom.development.js:29889
[   96139ms] [LOG] [HMR] connected @ webpack-internal:///./node_modules/next/dist/client/dev/error-overlay/websocket.js:45
[   96279ms] [LOG] %c[Vercel Web Analytics]%c Debug mode is enabled by default in development. No requests will be sent to the server. color: rgb(120, 120, 120) color: inherit @ https://va.vercel-scripts.com/v1/script.debug.js:0
[   96279ms] [LOG] %c[Vercel Web Analytics]%c [view] http://localhost:3002/landing-ko-vf color: rgb(120, 120, 120) color: inherit {o: http://localhost:3002/landing-ko-vf, sv: 0.1.3, sdkn: @vercel/analytics/react, sdkv: 1.6.1, ts: 1777530954873} /_vercel/insights/view @ https://va.vercel-scripts.com/v1/script.debug.js:0
[   96306ms] [ERROR] Failed to load resource: the server responded with a status of 404 (Not Found) @ http://localhost:3002/_next/static/webpack/2ed8c5d234341932.webpack.hot-update.json:0
[   96495ms] [INFO] %cDownload the React DevTools for a better development experience: https://reactjs.org/link/react-devtools font-weight:bold @ webpack-internal:///./node_modules/react-dom/cjs/react-dom.development.js:29889
[   96559ms] [LOG] [HMR] connected @ webpack-internal:///./node_modules/next/dist/client/dev/error-overlay/websocket.js:45
[   96593ms] [ERROR] Failed to load resource: the server responded with a status of 404 (Not Found) @ http://localhost:3002/_next/static/webpack/2ed8c5d234341932.webpack.hot-update.json:0
[   96604ms] [LOG] %c[Vercel Web Analytics]%c Debug mode is enabled by default in development. No requests will be sent to the server. color: rgb(120, 120, 120) color: inherit @ https://va.vercel-scripts.com/v1/script.debug.js:0
[   96604ms] [LOG] %c[Vercel Web Analytics]%c [view] http://localhost:3002/landing-ko-vf color: rgb(120, 120, 120) color: inherit {o: http://localhost:3002/landing-ko-vf, sv: 0.1.3, sdkn: @vercel/analytics/react, sdkv: 1.6.1, ts: 1777530955197} /_vercel/insights/view @ https://va.vercel-scripts.com/v1/script.debug.js:0
[   96870ms] [INFO] %cDownload the React DevTools for a better development experience: https://reactjs.org/link/react-devtools font-weight:bold @ webpack-internal:///./node_modules/react-dom/cjs/react-dom.development.js:29889
[   96920ms] [LOG] [HMR] connected @ webpack-internal:///./node_modules/next/dist/client/dev/error-overlay/websocket.js:45
[   96951ms] [ERROR] Failed to load resource: the server responded with a status of 404 (Not Found) @ http://localhost:3002/_next/static/webpack/2ed8c5d234341932.webpack.hot-update.json:0
[   96961ms] [LOG] %c[Vercel Web Analytics]%c Debug mode is enabled by default in development. No requests will be sent to the server. color: rgb(120, 120, 120) color: inherit @ https://va.vercel-scripts.com/v1/script.debug.js:0
[   96961ms] [LOG] %c[Vercel Web Analytics]%c [view] http://localhost:3002/landing-ko-vf color: rgb(120, 120, 120) color: inherit {o: http://localhost:3002/landing-ko-vf, sv: 0.1.3, sdkn: @vercel/analytics/react, sdkv: 1.6.1, ts: 1777530955555} /_vercel/insights/view @ https://va.vercel-scripts.com/v1/script.debug.js:0
[   97195ms] [INFO] %cDownload the React DevTools for a better development experience: https://reactjs.org/link/react-devtools font-weight:bold @ webpack-internal:///./node_modules/react-dom/cjs/react-dom.development.js:29889
[   97240ms] [LOG] [HMR] connected @ webpack-internal:///./node_modules/next/dist/client/dev/error-overlay/websocket.js:45
[   97270ms] [ERROR] Failed to load resource: the server responded with a status of 404 (Not Found) @ http://localhost:3002/_next/static/webpack/2ed8c5d234341932.webpack.hot-update.json:0
[   97276ms] [LOG] %c[Vercel Web Analytics]%c Debug mode is enabled by default in development. No requests will be sent to the server. color: rgb(120, 120, 120) color: inherit @ https://va.vercel-scripts.com/v1/script.debug.js:0
[   97277ms] [LOG] %c[Vercel Web Analytics]%c [view] http://localhost:3002/landing-ko-vf color: rgb(120, 120, 120) color: inherit {o: http://localhost:3002/landing-ko-vf, sv: 0.1.3, sdkn: @vercel/analytics/react, sdkv: 1.6.1, ts: 1777530955870} /_vercel/insights/view @ https://va.vercel-scripts.com/v1/script.debug.js:0
[   97606ms] [INFO] %cDownload the React DevTools for a better development experience: https://reactjs.org/link/react-devtools font-weight:bold @ webpack-internal:///./node_modules/react-dom/cjs/react-dom.development.js:29889
[   97656ms] [LOG] [HMR] connected @ webpack-internal:///./node_modules/next/dist/client/dev/error-overlay/websocket.js:45
[   97684ms] [ERROR] Failed to load resource: the server responded with a status of 404 (Not Found) @ http://localhost:3002/_next/static/webpack/2ed8c5d234341932.webpack.hot-update.json:0
[   97694ms] [LOG] %c[Vercel Web Analytics]%c Debug mode is enabled by default in development. No requests will be sent to the server. color: rgb(120, 120, 120) color: inherit @ https://va.vercel-scripts.com/v1/script.debug.js:0
[   97694ms] [LOG] %c[Vercel Web Analytics]%c [view] http://localhost:3002/landing-ko-vf color: rgb(120, 120, 120) color: inherit {o: http://localhost:3002/landing-ko-vf, sv: 0.1.3, sdkn: @vercel/analytics/react, sdkv: 1.6.1, ts: 1777530956288} /_vercel/insights/view @ https://va.vercel-scripts.com/v1/script.debug.js:0
[   97897ms] [INFO] %cDownload the React DevTools for a better development experience: https://reactjs.org/link/react-devtools font-weight:bold @ webpack-internal:///./node_modules/react-dom/cjs/react-dom.development.js:29889
[   97947ms] [LOG] [HMR] connected @ webpack-internal:///./node_modules/next/dist/client/dev/error-overlay/websocket.js:45
[   97974ms] [ERROR] Failed to load resource: the server responded with a status of 404 (Not Found) @ http://localhost:3002/_next/static/webpack/2ed8c5d234341932.webpack.hot-update.json:0
[   97985ms] [LOG] %c[Vercel Web Analytics]%c Debug mode is enabled by default in development. No requests will be sent to the server. color: rgb(120, 120, 120) color: inherit @ https://va.vercel-scripts.com/v1/script.debug.js:0
[   97985ms] [LOG] %c[Vercel Web Analytics]%c [view] http://localhost:3002/landing-ko-vf color: rgb(120, 120, 120) color: inherit {o: http://localhost:3002/landing-ko-vf, sv: 0.1.3, sdkn: @vercel/analytics/react, sdkv: 1.6.1, ts: 1777530956579} /_vercel/insights/view @ https://va.vercel-scripts.com/v1/script.debug.js:0
[   98261ms] [INFO] %cDownload the React DevTools for a better development experience: https://reactjs.org/link/react-devtools font-weight:bold @ webpack-internal:///./node_modules/react-dom/cjs/react-dom.development.js:29889
[   98409ms] [LOG] [HMR] connected @ webpack-internal:///./node_modules/next/dist/client/dev/error-overlay/websocket.js:45
[   98484ms] [LOG] %c[Vercel Web Analytics]%c Debug mode is enabled by default in development. No requests will be sent to the server. color: rgb(120, 120, 120) color: inherit @ https://va.vercel-scripts.com/v1/script.debug.js:0
[   98484ms] [LOG] %c[Vercel Web Analytics]%c [view] http://localhost:3002/landing-ko-vf color: rgb(120, 120, 120) color: inherit {o: http://localhost:3002/landing-ko-vf, sv: 0.1.3, sdkn: @vercel/analytics/react, sdkv: 1.6.1, ts: 1777530957078} /_vercel/insights/view @ https://va.vercel-scripts.com/v1/script.debug.js:0
[   98493ms] [ERROR] Failed to load resource: the server responded with a status of 404 (Not Found) @ http://localhost:3002/_next/static/webpack/2ed8c5d234341932.webpack.hot-update.json:0
[   98736ms] [INFO] %cDownload the React DevTools for a better development experience: https://reactjs.org/link/react-devtools font-weight:bold @ webpack-internal:///./node_modules/react-dom/cjs/react-dom.development.js:29889
[   98829ms] [LOG] [HMR] connected @ webpack-internal:///./node_modules/next/dist/client/dev/error-overlay/websocket.js:45
[   98877ms] [LOG] %c[Vercel Web Analytics]%c Debug mode is enabled by default in development. No requests will be sent to the server. color: rgb(120, 120, 120) color: inherit @ https://va.vercel-scripts.com/v1/script.debug.js:0
[   98877ms] [LOG] %c[Vercel Web Analytics]%c [view] http://localhost:3002/landing-ko-vf color: rgb(120, 120, 120) color: inherit {o: http://localhost:3002/landing-ko-vf, sv: 0.1.3, sdkn: @vercel/analytics/react, sdkv: 1.6.1, ts: 1777530957471} /_vercel/insights/view @ https://va.vercel-scripts.com/v1/script.debug.js:0
[   98877ms] [ERROR] Failed to load resource: the server responded with a status of 404 (Not Found) @ http://localhost:3002/_next/static/webpack/2ed8c5d234341932.webpack.hot-update.json:0
[   99073ms] [INFO] %cDownload the React DevTools for a better development experience: https://reactjs.org/link/react-devtools font-weight:bold @ webpack-internal:///./node_modules/react-dom/cjs/react-dom.development.js:29889
[   99120ms] [LOG] [HMR] connected @ webpack-internal:///./node_modules/next/dist/client/dev/error-overlay/websocket.js:45
[   99149ms] [ERROR] Failed to load resource: the server responded with a status of 404 (Not Found) @ http://localhost:3002/_next/static/webpack/2ed8c5d234341932.webpack.hot-update.json:0
[   99163ms] [LOG] %c[Vercel Web Analytics]%c Debug mode is enabled by default in development. No requests will be sent to the server. color: rgb(120, 120, 120) color: inherit @ https://va.vercel-scripts.com/v1/script.debug.js:0
[   99163ms] [LOG] %c[Vercel Web Analytics]%c [view] http://localhost:3002/landing-ko-vf color: rgb(120, 120, 120) color: inherit {o: http://localhost:3002/landing-ko-vf, sv: 0.1.3, sdkn: @vercel/analytics/react, sdkv: 1.6.1, ts: 1777530957757} /_vercel/insights/view @ https://va.vercel-scripts.com/v1/script.debug.js:0
[   99470ms] [INFO] %cDownload the React DevTools for a better development experience: https://reactjs.org/link/react-devtools font-weight:bold @ webpack-internal:///./node_modules/react-dom/cjs/react-dom.development.js:29889
[   99536ms] [LOG] [HMR] connected @ webpack-internal:///./node_modules/next/dist/client/dev/error-overlay/websocket.js:45
[   99581ms] [LOG] %c[Vercel Web Analytics]%c Debug mode is enabled by default in development. No requests will be sent to the server. color: rgb(120, 120, 120) color: inherit @ https://va.vercel-scripts.com/v1/script.debug.js:0
[   99581ms] [LOG] %c[Vercel Web Analytics]%c [view] http://localhost:3002/landing-ko-vf color: rgb(120, 120, 120) color: inherit {o: http://localhost:3002/landing-ko-vf, sv: 0.1.3, sdkn: @vercel/analytics/react, sdkv: 1.6.1, ts: 1777530958175} /_vercel/insights/view @ https://va.vercel-scripts.com/v1/script.debug.js:0
[   99643ms] [ERROR] Failed to load resource: the server responded with a status of 404 (Not Found) @ http://localhost:3002/_next/static/webpack/2ed8c5d234341932.webpack.hot-update.json:0
[   99876ms] [INFO] %cDownload the React DevTools for a better development experience: https://reactjs.org/link/react-devtools font-weight:bold @ webpack-internal:///./node_modules/react-dom/cjs/react-dom.development.js:29889
[   99925ms] [LOG] [HMR] connected @ webpack-internal:///./node_modules/next/dist/client/dev/error-overlay/websocket.js:45
[   99956ms] [ERROR] Failed to load resource: the server responded with a status of 404 (Not Found) @ http://localhost:3002/_next/static/webpack/2ed8c5d234341932.webpack.hot-update.json:0
[   99967ms] [LOG] %c[Vercel Web Analytics]%c Debug mode is enabled by default in development. No requests will be sent to the server. color: rgb(120, 120, 120) color: inherit @ https://va.vercel-scripts.com/v1/script.debug.js:0
[   99967ms] [LOG] %c[Vercel Web Analytics]%c [view] http://localhost:3002/landing-ko-vf color: rgb(120, 120, 120) color: inherit {o: http://localhost:3002/landing-ko-vf, sv: 0.1.3, sdkn: @vercel/analytics/react, sdkv: 1.6.1, ts: 1777530958560} /_vercel/insights/view @ https://va.vercel-scripts.com/v1/script.debug.js:0
[  100220ms] [INFO] %cDownload the React DevTools for a better development experience: https://reactjs.org/link/react-devtools font-weight:bold @ webpack-internal:///./node_modules/react-dom/cjs/react-dom.development.js:29889
[  100269ms] [LOG] [HMR] connected @ webpack-internal:///./node_modules/next/dist/client/dev/error-overlay/websocket.js:45
[  100301ms] [ERROR] Failed to load resource: the server responded with a status of 404 (Not Found) @ http://localhost:3002/_next/static/webpack/2ed8c5d234341932.webpack.hot-update.json:0
[  100316ms] [LOG] %c[Vercel Web Analytics]%c Debug mode is enabled by default in development. No requests will be sent to the server. color: rgb(120, 120, 120) color: inherit @ https://va.vercel-scripts.com/v1/script.debug.js:0
[  100316ms] [LOG] %c[Vercel Web Analytics]%c [view] http://localhost:3002/landing-ko-vf color: rgb(120, 120, 120) color: inherit {o: http://localhost:3002/landing-ko-vf, sv: 0.1.3, sdkn: @vercel/analytics/react, sdkv: 1.6.1, ts: 1777530958910} /_vercel/insights/view @ https://va.vercel-scripts.com/v1/script.debug.js:0
[  100547ms] [INFO] %cDownload the React DevTools for a better development experience: https://reactjs.org/link/react-devtools font-weight:bold @ webpack-internal:///./node_modules/react-dom/cjs/react-dom.development.js:29889
[  100607ms] [LOG] [HMR] connected @ webpack-internal:///./node_modules/next/dist/client/dev/error-overlay/websocket.js:45
[  100646ms] [ERROR] Failed to load resource: the server responded with a status of 404 (Not Found) @ http://localhost:3002/_next/static/webpack/2ed8c5d234341932.webpack.hot-update.json:0
[  100653ms] [LOG] %c[Vercel Web Analytics]%c Debug mode is enabled by default in development. No requests will be sent to the server. color: rgb(120, 120, 120) color: inherit @ https://va.vercel-scripts.com/v1/script.debug.js:0
[  100653ms] [LOG] %c[Vercel Web Analytics]%c [view] http://localhost:3002/landing-ko-vf color: rgb(120, 120, 120) color: inherit {o: http://localhost:3002/landing-ko-vf, sv: 0.1.3, sdkn: @vercel/analytics/react, sdkv: 1.6.1, ts: 1777530959246} /_vercel/insights/view @ https://va.vercel-scripts.com/v1/script.debug.js:0
[  100912ms] [INFO] %cDownload the React DevTools for a better development experience: https://reactjs.org/link/react-devtools font-weight:bold @ webpack-internal:///./node_modules/react-dom/cjs/react-dom.development.js:29889
[  100961ms] [LOG] [HMR] connected @ webpack-internal:///./node_modules/next/dist/client/dev/error-overlay/websocket.js:45
[  100991ms] [ERROR] Failed to load resource: the server responded with a status of 404 (Not Found) @ http://localhost:3002/_next/static/webpack/2ed8c5d234341932.webpack.hot-update.json:0
[  101005ms] [LOG] %c[Vercel Web Analytics]%c Debug mode is enabled by default in development. No requests will be sent to the server. color: rgb(120, 120, 120) color: inherit @ https://va.vercel-scripts.com/v1/script.debug.js:0
[  101005ms] [LOG] %c[Vercel Web Analytics]%c [view] http://localhost:3002/landing-ko-vf color: rgb(120, 120, 120) color: inherit {o: http://localhost:3002/landing-ko-vf, sv: 0.1.3, sdkn: @vercel/analytics/react, sdkv: 1.6.1, ts: 1777530959598} /_vercel/insights/view @ https://va.vercel-scripts.com/v1/script.debug.js:0
[  101289ms] [INFO] %cDownload the React DevTools for a better development experience: https://reactjs.org/link/react-devtools font-weight:bold @ webpack-internal:///./node_modules/react-dom/cjs/react-dom.development.js:29889
[  101342ms] [LOG] [HMR] connected @ webpack-internal:///./node_modules/next/dist/client/dev/error-overlay/websocket.js:45
[  101372ms] [ERROR] Failed to load resource: the server responded with a status of 404 (Not Found) @ http://localhost:3002/_next/static/webpack/2ed8c5d234341932.webpack.hot-update.json:0
[  101383ms] [LOG] %c[Vercel Web Analytics]%c Debug mode is enabled by default in development. No requests will be sent to the server. color: rgb(120, 120, 120) color: inherit @ https://va.vercel-scripts.com/v1/script.debug.js:0
[  101383ms] [LOG] %c[Vercel Web Analytics]%c [view] http://localhost:3002/landing-ko-vf color: rgb(120, 120, 120) color: inherit {o: http://localhost:3002/landing-ko-vf, sv: 0.1.3, sdkn: @vercel/analytics/react, sdkv: 1.6.1, ts: 1777530959976} /_vercel/insights/view @ https://va.vercel-scripts.com/v1/script.debug.js:0
[  101605ms] [INFO] %cDownload the React DevTools for a better development experience: https://reactjs.org/link/react-devtools font-weight:bold @ webpack-internal:///./node_modules/react-dom/cjs/react-dom.development.js:29889
[  101655ms] [LOG] [HMR] connected @ webpack-internal:///./node_modules/next/dist/client/dev/error-overlay/websocket.js:45
[  101683ms] [ERROR] Failed to load resource: the server responded with a status of 404 (Not Found) @ http://localhost:3002/_next/static/webpack/2ed8c5d234341932.webpack.hot-update.json:0
[  101696ms] [LOG] %c[Vercel Web Analytics]%c Debug mode is enabled by default in development. No requests will be sent to the server. color: rgb(120, 120, 120) color: inherit @ https://va.vercel-scripts.com/v1/script.debug.js:0
[  101696ms] [LOG] %c[Vercel Web Analytics]%c [view] http://localhost:3002/landing-ko-vf color: rgb(120, 120, 120) color: inherit {o: http://localhost:3002/landing-ko-vf, sv: 0.1.3, sdkn: @vercel/analytics/react, sdkv: 1.6.1, ts: 1777530960289} /_vercel/insights/view @ https://va.vercel-scripts.com/v1/script.debug.js:0
[  102075ms] [INFO] %cDownload the React DevTools for a better development experience: https://reactjs.org/link/react-devtools font-weight:bold @ webpack-internal:///./node_modules/react-dom/cjs/react-dom.development.js:29889
[  102125ms] [LOG] [HMR] connected @ webpack-internal:///./node_modules/next/dist/client/dev/error-overlay/websocket.js:45
[  102156ms] [ERROR] Failed to load resource: the server responded with a status of 404 (Not Found) @ http://localhost:3002/_next/static/webpack/2ed8c5d234341932.webpack.hot-update.json:0
[  102168ms] [LOG] %c[Vercel Web Analytics]%c Debug mode is enabled by default in development. No requests will be sent to the server. color: rgb(120, 120, 120) color: inherit @ https://va.vercel-scripts.com/v1/script.debug.js:0
[  102168ms] [LOG] %c[Vercel Web Analytics]%c [view] http://localhost:3002/landing-ko-vf color: rgb(120, 120, 120) color: inherit {o: http://localhost:3002/landing-ko-vf, sv: 0.1.3, sdkn: @vercel/analytics/react, sdkv: 1.6.1, ts: 1777530960761} /_vercel/insights/view @ https://va.vercel-scripts.com/v1/script.debug.js:0
[  102431ms] [INFO] %cDownload the React DevTools for a better development experience: https://reactjs.org/link/react-devtools font-weight:bold @ webpack-internal:///./node_modules/react-dom/cjs/react-dom.development.js:29889
[  102488ms] [LOG] [HMR] connected @ webpack-internal:///./node_modules/next/dist/client/dev/error-overlay/websocket.js:45
[  102525ms] [ERROR] Failed to load resource: the server responded with a status of 404 (Not Found) @ http://localhost:3002/_next/static/webpack/2ed8c5d234341932.webpack.hot-update.json:0
[  102536ms] [LOG] %c[Vercel Web Analytics]%c Debug mode is enabled by default in development. No requests will be sent to the server. color: rgb(120, 120, 120) color: inherit @ https://va.vercel-scripts.com/v1/script.debug.js:0
[  102536ms] [LOG] %c[Vercel Web Analytics]%c [view] http://localhost:3002/landing-ko-vf color: rgb(120, 120, 120) color: inherit {o: http://localhost:3002/landing-ko-vf, sv: 0.1.3, sdkn: @vercel/analytics/react, sdkv: 1.6.1, ts: 1777530961130} /_vercel/insights/view @ https://va.vercel-scripts.com/v1/script.debug.js:0
[  102746ms] [INFO] %cDownload the React DevTools for a better development experience: https://reactjs.org/link/react-devtools font-weight:bold @ webpack-internal:///./node_modules/react-dom/cjs/react-dom.development.js:29889
[  102793ms] [LOG] [HMR] connected @ webpack-internal:///./node_modules/next/dist/client/dev/error-overlay/websocket.js:45
[  102815ms] [ERROR] Failed to load resource: the server responded with a status of 404 (Not Found) @ http://localhost:3002/_next/static/webpack/2ed8c5d234341932.webpack.hot-update.json:0
[  102826ms] [LOG] %c[Vercel Web Analytics]%c Debug mode is enabled by default in development. No requests will be sent to the server. color: rgb(120, 120, 120) color: inherit @ https://va.vercel-scripts.com/v1/script.debug.js:0
[  102826ms] [LOG] %c[Vercel Web Analytics]%c [view] http://localhost:3002/landing-ko-vf color: rgb(120, 120, 120) color: inherit {o: http://localhost:3002/landing-ko-vf, sv: 0.1.3, sdkn: @vercel/analytics/react, sdkv: 1.6.1, ts: 1777530961419} /_vercel/insights/view @ https://va.vercel-scripts.com/v1/script.debug.js:0
[  103186ms] [INFO] %cDownload the React DevTools for a better development experience: https://reactjs.org/link/react-devtools font-weight:bold @ webpack-internal:///./node_modules/react-dom/cjs/react-dom.development.js:29889
[  103235ms] [LOG] [HMR] connected @ webpack-internal:///./node_modules/next/dist/client/dev/error-overlay/websocket.js:45
[  103257ms] [ERROR] Failed to load resource: the server responded with a status of 404 (Not Found) @ http://localhost:3002/_next/static/webpack/2ed8c5d234341932.webpack.hot-update.json:0
[  103270ms] [LOG] %c[Vercel Web Analytics]%c Debug mode is enabled by default in development. No requests will be sent to the server. color: rgb(120, 120, 120) color: inherit @ https://va.vercel-scripts.com/v1/script.debug.js:0
[  103270ms] [LOG] %c[Vercel Web Analytics]%c [view] http://localhost:3002/landing-ko-vf color: rgb(120, 120, 120) color: inherit {o: http://localhost:3002/landing-ko-vf, sv: 0.1.3, sdkn: @vercel/analytics/react, sdkv: 1.6.1, ts: 1777530961864} /_vercel/insights/view @ https://va.vercel-scripts.com/v1/script.debug.js:0
[  103454ms] [INFO] %cDownload the React DevTools for a better development experience: https://reactjs.org/link/react-devtools font-weight:bold @ webpack-internal:///./node_modules/react-dom/cjs/react-dom.development.js:29889
[  103514ms] [LOG] [HMR] connected @ webpack-internal:///./node_modules/next/dist/client/dev/error-overlay/websocket.js:45
[  103593ms] [LOG] %c[Vercel Web Analytics]%c Debug mode is enabled by default in development. No requests will be sent to the server. color: rgb(120, 120, 120) color: inherit @ https://va.vercel-scripts.com/v1/script.debug.js:0
[  103593ms] [LOG] %c[Vercel Web Analytics]%c [view] http://localhost:3002/landing-ko-vf color: rgb(120, 120, 120) color: inherit {o: http://localhost:3002/landing-ko-vf, sv: 0.1.3, sdkn: @vercel/analytics/react, sdkv: 1.6.1, ts: 1777530962187} /_vercel/insights/view @ https://va.vercel-scripts.com/v1/script.debug.js:0
[  103612ms] [ERROR] Failed to load resource: the server responded with a status of 404 (Not Found) @ http://localhost:3002/_next/static/webpack/2ed8c5d234341932.webpack.hot-update.json:0
[  103814ms] [INFO] %cDownload the React DevTools for a better development experience: https://reactjs.org/link/react-devtools font-weight:bold @ webpack-internal:///./node_modules/react-dom/cjs/react-dom.development.js:29889
[  103862ms] [LOG] [HMR] connected @ webpack-internal:///./node_modules/next/dist/client/dev/error-overlay/websocket.js:45
[  103891ms] [ERROR] Failed to load resource: the server responded with a status of 404 (Not Found) @ http://localhost:3002/_next/static/webpack/2ed8c5d234341932.webpack.hot-update.json:0
[  103902ms] [LOG] %c[Vercel Web Analytics]%c Debug mode is enabled by default in development. No requests will be sent to the server. color: rgb(120, 120, 120) color: inherit @ https://va.vercel-scripts.com/v1/script.debug.js:0
[  103902ms] [LOG] %c[Vercel Web Analytics]%c [view] http://localhost:3002/landing-ko-vf color: rgb(120, 120, 120) color: inherit {o: http://localhost:3002/landing-ko-vf, sv: 0.1.3, sdkn: @vercel/analytics/react, sdkv: 1.6.1, ts: 1777530962496} /_vercel/insights/view @ https://va.vercel-scripts.com/v1/script.debug.js:0
[  104253ms] [INFO] %cDownload the React DevTools for a better development experience: https://reactjs.org/link/react-devtools font-weight:bold @ webpack-internal:///./node_modules/react-dom/cjs/react-dom.development.js:29889
[  104301ms] [LOG] [HMR] connected @ webpack-internal:///./node_modules/next/dist/client/dev/error-overlay/websocket.js:45
[  104363ms] [LOG] %c[Vercel Web Analytics]%c Debug mode is enabled by default in development. No requests will be sent to the server. color: rgb(120, 120, 120) color: inherit @ https://va.vercel-scripts.com/v1/script.debug.js:0
[  104363ms] [LOG] %c[Vercel Web Analytics]%c [view] http://localhost:3002/landing-ko-vf color: rgb(120, 120, 120) color: inherit {o: http://localhost:3002/landing-ko-vf, sv: 0.1.3, sdkn: @vercel/analytics/react, sdkv: 1.6.1, ts: 1777530962956} /_vercel/insights/view @ https://va.vercel-scripts.com/v1/script.debug.js:0
[  104363ms] [ERROR] Failed to load resource: the server responded with a status of 404 (Not Found) @ http://localhost:3002/_next/static/webpack/2ed8c5d234341932.webpack.hot-update.json:0
[  104601ms] [INFO] %cDownload the React DevTools for a better development experience: https://reactjs.org/link/react-devtools font-weight:bold @ webpack-internal:///./node_modules/react-dom/cjs/react-dom.development.js:29889
[  104658ms] [LOG] [HMR] connected @ webpack-internal:///./node_modules/next/dist/client/dev/error-overlay/websocket.js:45
[  104716ms] [LOG] %c[Vercel Web Analytics]%c Debug mode is enabled by default in development. No requests will be sent to the server. color: rgb(120, 120, 120) color: inherit @ https://va.vercel-scripts.com/v1/script.debug.js:0
[  104716ms] [LOG] %c[Vercel Web Analytics]%c [view] http://localhost:3002/landing-ko-vf color: rgb(120, 120, 120) color: inherit {o: http://localhost:3002/landing-ko-vf, sv: 0.1.3, sdkn: @vercel/analytics/react, sdkv: 1.6.1, ts: 1777530963309} /_vercel/insights/view @ https://va.vercel-scripts.com/v1/script.debug.js:0
[  104806ms] [ERROR] Failed to load resource: the server responded with a status of 404 (Not Found) @ http://localhost:3002/_next/static/webpack/2ed8c5d234341932.webpack.hot-update.json:0
[  105006ms] [INFO] %cDownload the React DevTools for a better development experience: https://reactjs.org/link/react-devtools font-weight:bold @ webpack-internal:///./node_modules/react-dom/cjs/react-dom.development.js:29889
[  105056ms] [LOG] [HMR] connected @ webpack-internal:///./node_modules/next/dist/client/dev/error-overlay/websocket.js:45
[  105083ms] [ERROR] Failed to load resource: the server responded with a status of 404 (Not Found) @ http://localhost:3002/_next/static/webpack/2ed8c5d234341932.webpack.hot-update.json:0
[  105094ms] [LOG] %c[Vercel Web Analytics]%c Debug mode is enabled by default in development. No requests will be sent to the server. color: rgb(120, 120, 120) color: inherit @ https://va.vercel-scripts.com/v1/script.debug.js:0
[  105094ms] [LOG] %c[Vercel Web Analytics]%c [view] http://localhost:3002/landing-ko-vf color: rgb(120, 120, 120) color: inherit {o: http://localhost:3002/landing-ko-vf, sv: 0.1.3, sdkn: @vercel/analytics/react, sdkv: 1.6.1, ts: 1777530963688} /_vercel/insights/view @ https://va.vercel-scripts.com/v1/script.debug.js:0
[  105359ms] [INFO] %cDownload the React DevTools for a better development experience: https://reactjs.org/link/react-devtools font-weight:bold @ webpack-internal:///./node_modules/react-dom/cjs/react-dom.development.js:29889
[  105409ms] [LOG] [HMR] connected @ webpack-internal:///./node_modules/next/dist/client/dev/error-overlay/websocket.js:45
[  105449ms] [LOG] %c[Vercel Web Analytics]%c Debug mode is enabled by default in development. No requests will be sent to the server. color: rgb(120, 120, 120) color: inherit @ https://va.vercel-scripts.com/v1/script.debug.js:0
[  105449ms] [LOG] %c[Vercel Web Analytics]%c [view] http://localhost:3002/landing-ko-vf color: rgb(120, 120, 120) color: inherit {o: http://localhost:3002/landing-ko-vf, sv: 0.1.3, sdkn: @vercel/analytics/react, sdkv: 1.6.1, ts: 1777530964043} /_vercel/insights/view @ https://va.vercel-scripts.com/v1/script.debug.js:0
[  105519ms] [ERROR] Failed to load resource: the server responded with a status of 404 (Not Found) @ http://localhost:3002/_next/static/webpack/2ed8c5d234341932.webpack.hot-update.json:0
[  105738ms] [INFO] %cDownload the React DevTools for a better development experience: https://reactjs.org/link/react-devtools font-weight:bold @ webpack-internal:///./node_modules/react-dom/cjs/react-dom.development.js:29889
[  105793ms] [LOG] [HMR] connected @ webpack-internal:///./node_modules/next/dist/client/dev/error-overlay/websocket.js:45
[  105824ms] [ERROR] Failed to load resource: the server responded with a status of 404 (Not Found) @ http://localhost:3002/_next/static/webpack/2ed8c5d234341932.webpack.hot-update.json:0
[  105835ms] [LOG] %c[Vercel Web Analytics]%c Debug mode is enabled by default in development. No requests will be sent to the server. color: rgb(120, 120, 120) color: inherit @ https://va.vercel-scripts.com/v1/script.debug.js:0
[  105835ms] [LOG] %c[Vercel Web Analytics]%c [view] http://localhost:3002/landing-ko-vf color: rgb(120, 120, 120) color: inherit {o: http://localhost:3002/landing-ko-vf, sv: 0.1.3, sdkn: @vercel/analytics/react, sdkv: 1.6.1, ts: 1777530964428} /_vercel/insights/view @ https://va.vercel-scripts.com/v1/script.debug.js:0
[  106071ms] [INFO] %cDownload the React DevTools for a better development experience: https://reactjs.org/link/react-devtools font-weight:bold @ webpack-internal:///./node_modules/react-dom/cjs/react-dom.development.js:29889
[  106125ms] [LOG] [HMR] connected @ webpack-internal:///./node_modules/next/dist/client/dev/error-overlay/websocket.js:45
[  106164ms] [LOG] %c[Vercel Web Analytics]%c Debug mode is enabled by default in development. No requests will be sent to the server. color: rgb(120, 120, 120) color: inherit @ https://va.vercel-scripts.com/v1/script.debug.js:0
[  106165ms] [LOG] %c[Vercel Web Analytics]%c [view] http://localhost:3002/landing-ko-vf color: rgb(120, 120, 120) color: inherit {o: http://localhost:3002/landing-ko-vf, sv: 0.1.3, sdkn: @vercel/analytics/react, sdkv: 1.6.1, ts: 1777530964758} /_vercel/insights/view @ https://va.vercel-scripts.com/v1/script.debug.js:0
[  106168ms] [ERROR] Failed to load resource: the server responded with a status of 404 (Not Found) @ http://localhost:3002/_next/static/webpack/2ed8c5d234341932.webpack.hot-update.json:0
[  106409ms] [INFO] %cDownload the React DevTools for a better development experience: https://reactjs.org/link/react-devtools font-weight:bold @ webpack-internal:///./node_modules/react-dom/cjs/react-dom.development.js:29889
[  106464ms] [LOG] [HMR] connected @ webpack-internal:///./node_modules/next/dist/client/dev/error-overlay/websocket.js:45
[  106512ms] [LOG] %c[Vercel Web Analytics]%c Debug mode is enabled by default in development. No requests will be sent to the server. color: rgb(120, 120, 120) color: inherit @ https://va.vercel-scripts.com/v1/script.debug.js:0
[  106512ms] [LOG] %c[Vercel Web Analytics]%c [view] http://localhost:3002/landing-ko-vf color: rgb(120, 120, 120) color: inherit {o: http://localhost:3002/landing-ko-vf, sv: 0.1.3, sdkn: @vercel/analytics/react, sdkv: 1.6.1, ts: 1777530965105} /_vercel/insights/view @ https://va.vercel-scripts.com/v1/script.debug.js:0
[  106514ms] [ERROR] Failed to load resource: the server responded with a status of 404 (Not Found) @ http://localhost:3002/_next/static/webpack/2ed8c5d234341932.webpack.hot-update.json:0
[  107023ms] [INFO] %cDownload the React DevTools for a better development experience: https://reactjs.org/link/react-devtools font-weight:bold @ webpack-internal:///./node_modules/react-dom/cjs/react-dom.development.js:29889
[  107100ms] [LOG] [HMR] connected @ webpack-internal:///./node_modules/next/dist/client/dev/error-overlay/websocket.js:45
[  107130ms] [ERROR] Failed to load resource: the server responded with a status of 404 (Not Found) @ http://localhost:3002/_next/static/webpack/2ed8c5d234341932.webpack.hot-update.json:0
[  107138ms] [LOG] %c[Vercel Web Analytics]%c Debug mode is enabled by default in development. No requests will be sent to the server. color: rgb(120, 120, 120) color: inherit @ https://va.vercel-scripts.com/v1/script.debug.js:0
[  107138ms] [LOG] %c[Vercel Web Analytics]%c [view] http://localhost:3002/landing-ko-vf color: rgb(120, 120, 120) color: inherit {o: http://localhost:3002/landing-ko-vf, sv: 0.1.3, sdkn: @vercel/analytics/react, sdkv: 1.6.1, ts: 1777530965731} /_vercel/insights/view @ https://va.vercel-scripts.com/v1/script.debug.js:0
[  107341ms] [INFO] %cDownload the React DevTools for a better development experience: https://reactjs.org/link/react-devtools font-weight:bold @ webpack-internal:///./node_modules/react-dom/cjs/react-dom.development.js:29889
[  107391ms] [LOG] [HMR] connected @ webpack-internal:///./node_modules/next/dist/client/dev/error-overlay/websocket.js:45
[  107417ms] [ERROR] Failed to load resource: the server responded with a status of 404 (Not Found) @ http://localhost:3002/_next/static/webpack/2ed8c5d234341932.webpack.hot-update.json:0
[  107427ms] [LOG] %c[Vercel Web Analytics]%c Debug mode is enabled by default in development. No requests will be sent to the server. color: rgb(120, 120, 120) color: inherit @ https://va.vercel-scripts.com/v1/script.debug.js:0
[  107427ms] [LOG] %c[Vercel Web Analytics]%c [view] http://localhost:3002/landing-ko-vf color: rgb(120, 120, 120) color: inherit {o: http://localhost:3002/landing-ko-vf, sv: 0.1.3, sdkn: @vercel/analytics/react, sdkv: 1.6.1, ts: 1777530966021} /_vercel/insights/view @ https://va.vercel-scripts.com/v1/script.debug.js:0
[  107721ms] [INFO] %cDownload the React DevTools for a better development experience: https://reactjs.org/link/react-devtools font-weight:bold @ webpack-internal:///./node_modules/react-dom/cjs/react-dom.development.js:29889
[  107785ms] [LOG] [HMR] connected @ webpack-internal:///./node_modules/next/dist/client/dev/error-overlay/websocket.js:45
[  107853ms] [LOG] %c[Vercel Web Analytics]%c Debug mode is enabled by default in development. No requests will be sent to the server. color: rgb(120, 120, 120) color: inherit @ https://va.vercel-scripts.com/v1/script.debug.js:0
[  107853ms] [LOG] %c[Vercel Web Analytics]%c [view] http://localhost:3002/landing-ko-vf color: rgb(120, 120, 120) color: inherit {o: http://localhost:3002/landing-ko-vf, sv: 0.1.3, sdkn: @vercel/analytics/react, sdkv: 1.6.1, ts: 1777530966446} /_vercel/insights/view @ https://va.vercel-scripts.com/v1/script.debug.js:0
[  107876ms] [ERROR] Failed to load resource: the server responded with a status of 404 (Not Found) @ http://localhost:3002/_next/static/webpack/2ed8c5d234341932.webpack.hot-update.json:0
[  108108ms] [INFO] %cDownload the React DevTools for a better development experience: https://reactjs.org/link/react-devtools font-weight:bold @ webpack-internal:///./node_modules/react-dom/cjs/react-dom.development.js:29889
[  108182ms] [LOG] [HMR] connected @ webpack-internal:///./node_modules/next/dist/client/dev/error-overlay/websocket.js:45
[  108255ms] [LOG] %c[Vercel Web Analytics]%c Debug mode is enabled by default in development. No requests will be sent to the server. color: rgb(120, 120, 120) color: inherit @ https://va.vercel-scripts.com/v1/script.debug.js:0
[  108255ms] [LOG] %c[Vercel Web Analytics]%c [view] http://localhost:3002/landing-ko-vf color: rgb(120, 120, 120) color: inherit {o: http://localhost:3002/landing-ko-vf, sv: 0.1.3, sdkn: @vercel/analytics/react, sdkv: 1.6.1, ts: 1777530966849} /_vercel/insights/view @ https://va.vercel-scripts.com/v1/script.debug.js:0
[  108255ms] [ERROR] Failed to load resource: the server responded with a status of 404 (Not Found) @ http://localhost:3002/_next/static/webpack/2ed8c5d234341932.webpack.hot-update.json:0
[  108466ms] [INFO] %cDownload the React DevTools for a better development experience: https://reactjs.org/link/react-devtools font-weight:bold @ webpack-internal:///./node_modules/react-dom/cjs/react-dom.development.js:29889
[  108520ms] [LOG] [HMR] connected @ webpack-internal:///./node_modules/next/dist/client/dev/error-overlay/websocket.js:45
[  108549ms] [ERROR] Failed to load resource: the server responded with a status of 404 (Not Found) @ http://localhost:3002/_next/static/webpack/2ed8c5d234341932.webpack.hot-update.json:0
[  108557ms] [LOG] %c[Vercel Web Analytics]%c Debug mode is enabled by default in development. No requests will be sent to the server. color: rgb(120, 120, 120) color: inherit @ https://va.vercel-scripts.com/v1/script.debug.js:0
[  108557ms] [LOG] %c[Vercel Web Analytics]%c [view] http://localhost:3002/landing-ko-vf color: rgb(120, 120, 120) color: inherit {o: http://localhost:3002/landing-ko-vf, sv: 0.1.3, sdkn: @vercel/analytics/react, sdkv: 1.6.1, ts: 1777530967150} /_vercel/insights/view @ https://va.vercel-scripts.com/v1/script.debug.js:0
[  108822ms] [INFO] %cDownload the React DevTools for a better development experience: https://reactjs.org/link/react-devtools font-weight:bold @ webpack-internal:///./node_modules/react-dom/cjs/react-dom.development.js:29889
[  108869ms] [LOG] [HMR] connected @ webpack-internal:///./node_modules/next/dist/client/dev/error-overlay/websocket.js:45
[  108892ms] [ERROR] Failed to load resource: the server responded with a status of 404 (Not Found) @ http://localhost:3002/_next/static/webpack/2ed8c5d234341932.webpack.hot-update.json:0
[  108903ms] [LOG] %c[Vercel Web Analytics]%c Debug mode is enabled by default in development. No requests will be sent to the server. color: rgb(120, 120, 120) color: inherit @ https://va.vercel-scripts.com/v1/script.debug.js:0
[  108903ms] [LOG] %c[Vercel Web Analytics]%c [view] http://localhost:3002/landing-ko-vf color: rgb(120, 120, 120) color: inherit {o: http://localhost:3002/landing-ko-vf, sv: 0.1.3, sdkn: @vercel/analytics/react, sdkv: 1.6.1, ts: 1777530967496} /_vercel/insights/view @ https://va.vercel-scripts.com/v1/script.debug.js:0
[  109142ms] [INFO] %cDownload the React DevTools for a better development experience: https://reactjs.org/link/react-devtools font-weight:bold @ webpack-internal:///./node_modules/react-dom/cjs/react-dom.development.js:29889
[  109209ms] [LOG] [HMR] connected @ webpack-internal:///./node_modules/next/dist/client/dev/error-overlay/websocket.js:45
[  109240ms] [ERROR] Failed to load resource: the server responded with a status of 404 (Not Found) @ http://localhost:3002/_next/static/webpack/2ed8c5d234341932.webpack.hot-update.json:0
[  109251ms] [LOG] %c[Vercel Web Analytics]%c Debug mode is enabled by default in development. No requests will be sent to the server. color: rgb(120, 120, 120) color: inherit @ https://va.vercel-scripts.com/v1/script.debug.js:0
[  109251ms] [LOG] %c[Vercel Web Analytics]%c [view] http://localhost:3002/landing-ko-vf color: rgb(120, 120, 120) color: inherit {o: http://localhost:3002/landing-ko-vf, sv: 0.1.3, sdkn: @vercel/analytics/react, sdkv: 1.6.1, ts: 1777530967844} /_vercel/insights/view @ https://va.vercel-scripts.com/v1/script.debug.js:0
[  109502ms] [INFO] %cDownload the React DevTools for a better development experience: https://reactjs.org/link/react-devtools font-weight:bold @ webpack-internal:///./node_modules/react-dom/cjs/react-dom.development.js:29889
[  109550ms] [LOG] [HMR] connected @ webpack-internal:///./node_modules/next/dist/client/dev/error-overlay/websocket.js:45
[  109573ms] [ERROR] Failed to load resource: the server responded with a status of 404 (Not Found) @ http://localhost:3002/_next/static/webpack/2ed8c5d234341932.webpack.hot-update.json:0
[  109584ms] [LOG] %c[Vercel Web Analytics]%c Debug mode is enabled by default in development. No requests will be sent to the server. color: rgb(120, 120, 120) color: inherit @ https://va.vercel-scripts.com/v1/script.debug.js:0
[  109584ms] [LOG] %c[Vercel Web Analytics]%c [view] http://localhost:3002/landing-ko-vf color: rgb(120, 120, 120) color: inherit {o: http://localhost:3002/landing-ko-vf, sv: 0.1.3, sdkn: @vercel/analytics/react, sdkv: 1.6.1, ts: 1777530968178} /_vercel/insights/view @ https://va.vercel-scripts.com/v1/script.debug.js:0
[  109776ms] [INFO] %cDownload the React DevTools for a better development experience: https://reactjs.org/link/react-devtools font-weight:bold @ webpack-internal:///./node_modules/react-dom/cjs/react-dom.development.js:29889
[  109824ms] [LOG] [HMR] connected @ webpack-internal:///./node_modules/next/dist/client/dev/error-overlay/websocket.js:45
[  109849ms] [ERROR] Failed to load resource: the server responded with a status of 404 (Not Found) @ http://localhost:3002/_next/static/webpack/2ed8c5d234341932.webpack.hot-update.json:0
[  109861ms] [LOG] %c[Vercel Web Analytics]%c Debug mode is enabled by default in development. No requests will be sent to the server. color: rgb(120, 120, 120) color: inherit @ https://va.vercel-scripts.com/v1/script.debug.js:0
[  109861ms] [LOG] %c[Vercel Web Analytics]%c [view] http://localhost:3002/landing-ko-vf color: rgb(120, 120, 120) color: inherit {o: http://localhost:3002/landing-ko-vf, sv: 0.1.3, sdkn: @vercel/analytics/react, sdkv: 1.6.1, ts: 1777530968455} /_vercel/insights/view @ https://va.vercel-scripts.com/v1/script.debug.js:0
[  110206ms] [INFO] %cDownload the React DevTools for a better development experience: https://reactjs.org/link/react-devtools font-weight:bold @ webpack-internal:///./node_modules/react-dom/cjs/react-dom.development.js:29889
[  110275ms] [LOG] [HMR] connected @ webpack-internal:///./node_modules/next/dist/client/dev/error-overlay/websocket.js:45
[  110307ms] [ERROR] Failed to load resource: the server responded with a status of 404 (Not Found) @ http://localhost:3002/_next/static/webpack/2ed8c5d234341932.webpack.hot-update.json:0
[  110317ms] [LOG] %c[Vercel Web Analytics]%c Debug mode is enabled by default in development. No requests will be sent to the server. color: rgb(120, 120, 120) color: inherit @ https://va.vercel-scripts.com/v1/script.debug.js:0
[  110317ms] [LOG] %c[Vercel Web Analytics]%c [view] http://localhost:3002/landing-ko-vf color: rgb(120, 120, 120) color: inherit {o: http://localhost:3002/landing-ko-vf, sv: 0.1.3, sdkn: @vercel/analytics/react, sdkv: 1.6.1, ts: 1777530968911} /_vercel/insights/view @ https://va.vercel-scripts.com/v1/script.debug.js:0
[  110495ms] [INFO] %cDownload the React DevTools for a better development experience: https://reactjs.org/link/react-devtools font-weight:bold @ webpack-internal:///./node_modules/react-dom/cjs/react-dom.development.js:29889
[  110561ms] [LOG] [HMR] connected @ webpack-internal:///./node_modules/next/dist/client/dev/error-overlay/websocket.js:45
[  110602ms] [LOG] %c[Vercel Web Analytics]%c Debug mode is enabled by default in development. No requests will be sent to the server. color: rgb(120, 120, 120) color: inherit @ https://va.vercel-scripts.com/v1/script.debug.js:0
[  110602ms] [LOG] %c[Vercel Web Analytics]%c [view] http://localhost:3002/landing-ko-vf color: rgb(120, 120, 120) color: inherit {o: http://localhost:3002/landing-ko-vf, sv: 0.1.3, sdkn: @vercel/analytics/react, sdkv: 1.6.1, ts: 1777530969195} /_vercel/insights/view @ https://va.vercel-scripts.com/v1/script.debug.js:0
[  110602ms] [ERROR] Failed to load resource: the server responded with a status of 404 (Not Found) @ http://localhost:3002/_next/static/webpack/2ed8c5d234341932.webpack.hot-update.json:0
[  110791ms] [INFO] %cDownload the React DevTools for a better development experience: https://reactjs.org/link/react-devtools font-weight:bold @ webpack-internal:///./node_modules/react-dom/cjs/react-dom.development.js:29889
[  110842ms] [LOG] [HMR] connected @ webpack-internal:///./node_modules/next/dist/client/dev/error-overlay/websocket.js:45
[  110867ms] [ERROR] Failed to load resource: the server responded with a status of 404 (Not Found) @ http://localhost:3002/_next/static/webpack/2ed8c5d234341932.webpack.hot-update.json:0
[  110878ms] [LOG] %c[Vercel Web Analytics]%c Debug mode is enabled by default in development. No requests will be sent to the server. color: rgb(120, 120, 120) color: inherit @ https://va.vercel-scripts.com/v1/script.debug.js:0
[  110878ms] [LOG] %c[Vercel Web Analytics]%c [view] http://localhost:3002/landing-ko-vf color: rgb(120, 120, 120) color: inherit {o: http://localhost:3002/landing-ko-vf, sv: 0.1.3, sdkn: @vercel/analytics/react, sdkv: 1.6.1, ts: 1777530969471} /_vercel/insights/view @ https://va.vercel-scripts.com/v1/script.debug.js:0
[  111174ms] [INFO] %cDownload the React DevTools for a better development experience: https://reactjs.org/link/react-devtools font-weight:bold @ webpack-internal:///./node_modules/react-dom/cjs/react-dom.development.js:29889
[  111247ms] [LOG] [HMR] connected @ webpack-internal:///./node_modules/next/dist/client/dev/error-overlay/websocket.js:45
[  111274ms] [ERROR] Failed to load resource: the server responded with a status of 404 (Not Found) @ http://localhost:3002/_next/static/webpack/2ed8c5d234341932.webpack.hot-update.json:0
[  111285ms] [LOG] %c[Vercel Web Analytics]%c Debug mode is enabled by default in development. No requests will be sent to the server. color: rgb(120, 120, 120) color: inherit @ https://va.vercel-scripts.com/v1/script.debug.js:0
[  111285ms] [LOG] %c[Vercel Web Analytics]%c [view] http://localhost:3002/landing-ko-vf color: rgb(120, 120, 120) color: inherit {o: http://localhost:3002/landing-ko-vf, sv: 0.1.3, sdkn: @vercel/analytics/react, sdkv: 1.6.1, ts: 1777530969878} /_vercel/insights/view @ https://va.vercel-scripts.com/v1/script.debug.js:0
[  111484ms] [INFO] %cDownload the React DevTools for a better development experience: https://reactjs.org/link/react-devtools font-weight:bold @ webpack-internal:///./node_modules/react-dom/cjs/react-dom.development.js:29889
[  111531ms] [LOG] [HMR] connected @ webpack-internal:///./node_modules/next/dist/client/dev/error-overlay/websocket.js:45
[  111558ms] [ERROR] Failed to load resource: the server responded with a status of 404 (Not Found) @ http://localhost:3002/_next/static/webpack/2ed8c5d234341932.webpack.hot-update.json:0
[  111569ms] [LOG] %c[Vercel Web Analytics]%c Debug mode is enabled by default in development. No requests will be sent to the server. color: rgb(120, 120, 120) color: inherit @ https://va.vercel-scripts.com/v1/script.debug.js:0
[  111569ms] [LOG] %c[Vercel Web Analytics]%c [view] http://localhost:3002/landing-ko-vf color: rgb(120, 120, 120) color: inherit {o: http://localhost:3002/landing-ko-vf, sv: 0.1.3, sdkn: @vercel/analytics/react, sdkv: 1.6.1, ts: 1777530970162} /_vercel/insights/view @ https://va.vercel-scripts.com/v1/script.debug.js:0
[  111821ms] [INFO] %cDownload the React DevTools for a better development experience: https://reactjs.org/link/react-devtools font-weight:bold @ webpack-internal:///./node_modules/react-dom/cjs/react-dom.development.js:29889
[  111867ms] [LOG] [HMR] connected @ webpack-internal:///./node_modules/next/dist/client/dev/error-overlay/websocket.js:45
[  111896ms] [ERROR] Failed to load resource: the server responded with a status of 404 (Not Found) @ http://localhost:3002/_next/static/webpack/2ed8c5d234341932.webpack.hot-update.json:0
[  111907ms] [LOG] %c[Vercel Web Analytics]%c Debug mode is enabled by default in development. No requests will be sent to the server. color: rgb(120, 120, 120) color: inherit @ https://va.vercel-scripts.com/v1/script.debug.js:0
[  111907ms] [LOG] %c[Vercel Web Analytics]%c [view] http://localhost:3002/landing-ko-vf color: rgb(120, 120, 120) color: inherit {o: http://localhost:3002/landing-ko-vf, sv: 0.1.3, sdkn: @vercel/analytics/react, sdkv: 1.6.1, ts: 1777530970500} /_vercel/insights/view @ https://va.vercel-scripts.com/v1/script.debug.js:0
[  112325ms] [INFO] %cDownload the React DevTools for a better development experience: https://reactjs.org/link/react-devtools font-weight:bold @ webpack-internal:///./node_modules/react-dom/cjs/react-dom.development.js:29889
[  112427ms] [LOG] [HMR] connected @ webpack-internal:///./node_modules/next/dist/client/dev/error-overlay/websocket.js:45
[  112592ms] [LOG] %c[Vercel Web Analytics]%c Debug mode is enabled by default in development. No requests will be sent to the server. color: rgb(120, 120, 120) color: inherit @ https://va.vercel-scripts.com/v1/script.debug.js:0
[  112592ms] [LOG] %c[Vercel Web Analytics]%c [view] http://localhost:3002/landing-ko-vf color: rgb(120, 120, 120) color: inherit {o: http://localhost:3002/landing-ko-vf, sv: 0.1.3, sdkn: @vercel/analytics/react, sdkv: 1.6.1, ts: 1777530971185} /_vercel/insights/view @ https://va.vercel-scripts.com/v1/script.debug.js:0
[  112671ms] [ERROR] Failed to load resource: the server responded with a status of 404 (Not Found) @ http://localhost:3002/_next/static/webpack/2ed8c5d234341932.webpack.hot-update.json:0
[  112930ms] [INFO] %cDownload the React DevTools for a better development experience: https://reactjs.org/link/react-devtools font-weight:bold @ webpack-internal:///./node_modules/react-dom/cjs/react-dom.development.js:29889
[  112985ms] [LOG] [HMR] connected @ webpack-internal:///./node_modules/next/dist/client/dev/error-overlay/websocket.js:45
[  113025ms] [LOG] %c[Vercel Web Analytics]%c Debug mode is enabled by default in development. No requests will be sent to the server. color: rgb(120, 120, 120) color: inherit @ https://va.vercel-scripts.com/v1/script.debug.js:0
[  113025ms] [LOG] %c[Vercel Web Analytics]%c [view] http://localhost:3002/landing-ko-vf color: rgb(120, 120, 120) color: inherit {o: http://localhost:3002/landing-ko-vf, sv: 0.1.3, sdkn: @vercel/analytics/react, sdkv: 1.6.1, ts: 1777530971618} /_vercel/insights/view @ https://va.vercel-scripts.com/v1/script.debug.js:0
[  113028ms] [ERROR] Failed to load resource: the server responded with a status of 404 (Not Found) @ http://localhost:3002/_next/static/webpack/2ed8c5d234341932.webpack.hot-update.json:0
[  113290ms] [INFO] %cDownload the React DevTools for a better development experience: https://reactjs.org/link/react-devtools font-weight:bold @ webpack-internal:///./node_modules/react-dom/cjs/react-dom.development.js:29889
[  113364ms] [LOG] [HMR] connected @ webpack-internal:///./node_modules/next/dist/client/dev/error-overlay/websocket.js:45
[  113403ms] [ERROR] Failed to load resource: the server responded with a status of 404 (Not Found) @ http://localhost:3002/_next/static/webpack/2ed8c5d234341932.webpack.hot-update.json:0
[  113414ms] [LOG] %c[Vercel Web Analytics]%c Debug mode is enabled by default in development. No requests will be sent to the server. color: rgb(120, 120, 120) color: inherit @ https://va.vercel-scripts.com/v1/script.debug.js:0
[  113414ms] [LOG] %c[Vercel Web Analytics]%c [view] http://localhost:3002/landing-ko-vf color: rgb(120, 120, 120) color: inherit {o: http://localhost:3002/landing-ko-vf, sv: 0.1.3, sdkn: @vercel/analytics/react, sdkv: 1.6.1, ts: 1777530972008} /_vercel/insights/view @ https://va.vercel-scripts.com/v1/script.debug.js:0
[  113631ms] [INFO] %cDownload the React DevTools for a better development experience: https://reactjs.org/link/react-devtools font-weight:bold @ webpack-internal:///./node_modules/react-dom/cjs/react-dom.development.js:29889
[  113719ms] [LOG] [HMR] connected @ webpack-internal:///./node_modules/next/dist/client/dev/error-overlay/websocket.js:45
[  113760ms] [LOG] %c[Vercel Web Analytics]%c Debug mode is enabled by default in development. No requests will be sent to the server. color: rgb(120, 120, 120) color: inherit @ https://va.vercel-scripts.com/v1/script.debug.js:0
[  113760ms] [LOG] %c[Vercel Web Analytics]%c [view] http://localhost:3002/landing-ko-vf color: rgb(120, 120, 120) color: inherit {o: http://localhost:3002/landing-ko-vf, sv: 0.1.3, sdkn: @vercel/analytics/react, sdkv: 1.6.1, ts: 1777530972353} /_vercel/insights/view @ https://va.vercel-scripts.com/v1/script.debug.js:0
[  113776ms] [ERROR] Failed to load resource: the server responded with a status of 404 (Not Found) @ http://localhost:3002/_next/static/webpack/2ed8c5d234341932.webpack.hot-update.json:0
[  113973ms] [INFO] %cDownload the React DevTools for a better development experience: https://reactjs.org/link/react-devtools font-weight:bold @ webpack-internal:///./node_modules/react-dom/cjs/react-dom.development.js:29889
[  114073ms] [LOG] [HMR] connected @ webpack-internal:///./node_modules/next/dist/client/dev/error-overlay/websocket.js:45
[  114151ms] [LOG] %c[Vercel Web Analytics]%c Debug mode is enabled by default in development. No requests will be sent to the server. color: rgb(120, 120, 120) color: inherit @ https://va.vercel-scripts.com/v1/script.debug.js:0
[  114151ms] [LOG] %c[Vercel Web Analytics]%c [view] http://localhost:3002/landing-ko-vf color: rgb(120, 120, 120) color: inherit {o: http://localhost:3002/landing-ko-vf, sv: 0.1.3, sdkn: @vercel/analytics/react, sdkv: 1.6.1, ts: 1777530972744} /_vercel/insights/view @ https://va.vercel-scripts.com/v1/script.debug.js:0
[  114173ms] [ERROR] Failed to load resource: the server responded with a status of 404 (Not Found) @ http://localhost:3002/_next/static/webpack/2ed8c5d234341932.webpack.hot-update.json:0
[  114396ms] [INFO] %cDownload the React DevTools for a better development experience: https://reactjs.org/link/react-devtools font-weight:bold @ webpack-internal:///./node_modules/react-dom/cjs/react-dom.development.js:29889
[  114460ms] [LOG] [HMR] connected @ webpack-internal:///./node_modules/next/dist/client/dev/error-overlay/websocket.js:45
[  114533ms] [LOG] %c[Vercel Web Analytics]%c Debug mode is enabled by default in development. No requests will be sent to the server. color: rgb(120, 120, 120) color: inherit @ https://va.vercel-scripts.com/v1/script.debug.js:0
[  114533ms] [LOG] %c[Vercel Web Analytics]%c [view] http://localhost:3002/landing-ko-vf color: rgb(120, 120, 120) color: inherit {o: http://localhost:3002/landing-ko-vf, sv: 0.1.3, sdkn: @vercel/analytics/react, sdkv: 1.6.1, ts: 1777530973127} /_vercel/insights/view @ https://va.vercel-scripts.com/v1/script.debug.js:0
[  114534ms] [ERROR] Failed to load resource: the server responded with a status of 404 (Not Found) @ http://localhost:3002/_next/static/webpack/2ed8c5d234341932.webpack.hot-update.json:0
[  114818ms] [INFO] %cDownload the React DevTools for a better development experience: https://reactjs.org/link/react-devtools font-weight:bold @ webpack-internal:///./node_modules/react-dom/cjs/react-dom.development.js:29889
[  114886ms] [LOG] [HMR] connected @ webpack-internal:///./node_modules/next/dist/client/dev/error-overlay/websocket.js:45
[  114917ms] [ERROR] Failed to load resource: the server responded with a status of 404 (Not Found) @ http://localhost:3002/_next/static/webpack/2ed8c5d234341932.webpack.hot-update.json:0
[  114928ms] [LOG] %c[Vercel Web Analytics]%c Debug mode is enabled by default in development. No requests will be sent to the server. color: rgb(120, 120, 120) color: inherit @ https://va.vercel-scripts.com/v1/script.debug.js:0
[  114928ms] [LOG] %c[Vercel Web Analytics]%c [view] http://localhost:3002/landing-ko-vf color: rgb(120, 120, 120) color: inherit {o: http://localhost:3002/landing-ko-vf, sv: 0.1.3, sdkn: @vercel/analytics/react, sdkv: 1.6.1, ts: 1777530973521} /_vercel/insights/view @ https://va.vercel-scripts.com/v1/script.debug.js:0
[  115263ms] [INFO] %cDownload the React DevTools for a better development experience: https://reactjs.org/link/react-devtools font-weight:bold @ webpack-internal:///./node_modules/react-dom/cjs/react-dom.development.js:29889
[  115315ms] [LOG] [HMR] connected @ webpack-internal:///./node_modules/next/dist/client/dev/error-overlay/websocket.js:45
[  115368ms] [LOG] %c[Vercel Web Analytics]%c Debug mode is enabled by default in development. No requests will be sent to the server. color: rgb(120, 120, 120) color: inherit @ https://va.vercel-scripts.com/v1/script.debug.js:0
[  115368ms] [LOG] %c[Vercel Web Analytics]%c [view] http://localhost:3002/landing-ko-vf color: rgb(120, 120, 120) color: inherit {o: http://localhost:3002/landing-ko-vf, sv: 0.1.3, sdkn: @vercel/analytics/react, sdkv: 1.6.1, ts: 1777530973962} /_vercel/insights/view @ https://va.vercel-scripts.com/v1/script.debug.js:0
[  115371ms] [ERROR] Failed to load resource: the server responded with a status of 404 (Not Found) @ http://localhost:3002/_next/static/webpack/2ed8c5d234341932.webpack.hot-update.json:0
[  115979ms] [INFO] %cDownload the React DevTools for a better development experience: https://reactjs.org/link/react-devtools font-weight:bold @ webpack-internal:///./node_modules/react-dom/cjs/react-dom.development.js:29889
[  116103ms] [LOG] [HMR] connected @ webpack-internal:///./node_modules/next/dist/client/dev/error-overlay/websocket.js:45
[  116148ms] [ERROR] Failed to load resource: the server responded with a status of 404 (Not Found) @ http://localhost:3002/_next/static/webpack/2ed8c5d234341932.webpack.hot-update.json:0
[  116156ms] [LOG] %c[Vercel Web Analytics]%c Debug mode is enabled by default in development. No requests will be sent to the server. color: rgb(120, 120, 120) color: inherit @ https://va.vercel-scripts.com/v1/script.debug.js:0
[  116156ms] [LOG] %c[Vercel Web Analytics]%c [view] http://localhost:3002/landing-ko-vf color: rgb(120, 120, 120) color: inherit {o: http://localhost:3002/landing-ko-vf, sv: 0.1.3, sdkn: @vercel/analytics/react, sdkv: 1.6.1, ts: 1777530974749} /_vercel/insights/view @ https://va.vercel-scripts.com/v1/script.debug.js:0
[  116432ms] [INFO] %cDownload the React DevTools for a better development experience: https://reactjs.org/link/react-devtools font-weight:bold @ webpack-internal:///./node_modules/react-dom/cjs/react-dom.development.js:29889
[  116488ms] [LOG] [HMR] connected @ webpack-internal:///./node_modules/next/dist/client/dev/error-overlay/websocket.js:45
[  116538ms] [LOG] %c[Vercel Web Analytics]%c Debug mode is enabled by default in development. No requests will be sent to the server. color: rgb(120, 120, 120) color: inherit @ https://va.vercel-scripts.com/v1/script.debug.js:0
[  116538ms] [LOG] %c[Vercel Web Analytics]%c [view] http://localhost:3002/landing-ko-vf color: rgb(120, 120, 120) color: inherit {o: http://localhost:3002/landing-ko-vf, sv: 0.1.3, sdkn: @vercel/analytics/react, sdkv: 1.6.1, ts: 1777530975131} /_vercel/insights/view @ https://va.vercel-scripts.com/v1/script.debug.js:0
[  116538ms] [ERROR] Failed to load resource: the server responded with a status of 404 (Not Found) @ http://localhost:3002/_next/static/webpack/2ed8c5d234341932.webpack.hot-update.json:0
[  117175ms] [INFO] %cDownload the React DevTools for a better development experience: https://reactjs.org/link/react-devtools font-weight:bold @ webpack-internal:///./node_modules/react-dom/cjs/react-dom.development.js:29889
[  117240ms] [LOG] [HMR] connected @ webpack-internal:///./node_modules/next/dist/client/dev/error-overlay/websocket.js:45
[  117284ms] [LOG] %c[Vercel Web Analytics]%c Debug mode is enabled by default in development. No requests will be sent to the server. color: rgb(120, 120, 120) color: inherit @ https://va.vercel-scripts.com/v1/script.debug.js:0
[  117284ms] [LOG] %c[Vercel Web Analytics]%c [view] http://localhost:3002/landing-ko-vf color: rgb(120, 120, 120) color: inherit {o: http://localhost:3002/landing-ko-vf, sv: 0.1.3, sdkn: @vercel/analytics/react, sdkv: 1.6.1, ts: 1777530975878} /_vercel/insights/view @ https://va.vercel-scripts.com/v1/script.debug.js:0
[  117308ms] [ERROR] Failed to load resource: the server responded with a status of 404 (Not Found) @ http://localhost:3002/_next/static/webpack/2ed8c5d234341932.webpack.hot-update.json:0
[  117677ms] [INFO] %cDownload the React DevTools for a better development experience: https://reactjs.org/link/react-devtools font-weight:bold @ webpack-internal:///./node_modules/react-dom/cjs/react-dom.development.js:29889
[  117775ms] [LOG] [HMR] connected @ webpack-internal:///./node_modules/next/dist/client/dev/error-overlay/websocket.js:45
[  117835ms] [LOG] %c[Vercel Web Analytics]%c Debug mode is enabled by default in development. No requests will be sent to the server. color: rgb(120, 120, 120) color: inherit @ https://va.vercel-scripts.com/v1/script.debug.js:0
[  117835ms] [LOG] %c[Vercel Web Analytics]%c [view] http://localhost:3002/landing-ko-vf color: rgb(120, 120, 120) color: inherit {o: http://localhost:3002/landing-ko-vf, sv: 0.1.3, sdkn: @vercel/analytics/react, sdkv: 1.6.1, ts: 1777530976428} /_vercel/insights/view @ https://va.vercel-scripts.com/v1/script.debug.js:0
[  117835ms] [ERROR] Failed to load resource: the server responded with a status of 404 (Not Found) @ http://localhost:3002/_next/static/webpack/2ed8c5d234341932.webpack.hot-update.json:0
[  118077ms] [INFO] %cDownload the React DevTools for a better development experience: https://reactjs.org/link/react-devtools font-weight:bold @ webpack-internal:///./node_modules/react-dom/cjs/react-dom.development.js:29889
[  118125ms] [LOG] [HMR] connected @ webpack-internal:///./node_modules/next/dist/client/dev/error-overlay/websocket.js:45
[  118154ms] [ERROR] Failed to load resource: the server responded with a status of 404 (Not Found) @ http://localhost:3002/_next/static/webpack/2ed8c5d234341932.webpack.hot-update.json:0
[  118165ms] [LOG] %c[Vercel Web Analytics]%c Debug mode is enabled by default in development. No requests will be sent to the server. color: rgb(120, 120, 120) color: inherit @ https://va.vercel-scripts.com/v1/script.debug.js:0
[  118166ms] [LOG] %c[Vercel Web Analytics]%c [view] http://localhost:3002/landing-ko-vf color: rgb(120, 120, 120) color: inherit {o: http://localhost:3002/landing-ko-vf, sv: 0.1.3, sdkn: @vercel/analytics/react, sdkv: 1.6.1, ts: 1777530976759} /_vercel/insights/view @ https://va.vercel-scripts.com/v1/script.debug.js:0
[  118349ms] [INFO] %cDownload the React DevTools for a better development experience: https://reactjs.org/link/react-devtools font-weight:bold @ webpack-internal:///./node_modules/react-dom/cjs/react-dom.development.js:29889
[  118449ms] [LOG] [HMR] connected @ webpack-internal:///./node_modules/next/dist/client/dev/error-overlay/websocket.js:45
[  118500ms] [LOG] %c[Vercel Web Analytics]%c Debug mode is enabled by default in development. No requests will be sent to the server. color: rgb(120, 120, 120) color: inherit @ https://va.vercel-scripts.com/v1/script.debug.js:0
[  118500ms] [LOG] %c[Vercel Web Analytics]%c [view] http://localhost:3002/landing-ko-vf color: rgb(120, 120, 120) color: inherit {o: http://localhost:3002/landing-ko-vf, sv: 0.1.3, sdkn: @vercel/analytics/react, sdkv: 1.6.1, ts: 1777530977094} /_vercel/insights/view @ https://va.vercel-scripts.com/v1/script.debug.js:0
[  118525ms] [ERROR] Failed to load resource: the server responded with a status of 404 (Not Found) @ http://localhost:3002/_next/static/webpack/2ed8c5d234341932.webpack.hot-update.json:0
[  118878ms] [INFO] %cDownload the React DevTools for a better development experience: https://reactjs.org/link/react-devtools font-weight:bold @ webpack-internal:///./node_modules/react-dom/cjs/react-dom.development.js:29889
[  118955ms] [LOG] [HMR] connected @ webpack-internal:///./node_modules/next/dist/client/dev/error-overlay/websocket.js:45
[  118990ms] [ERROR] Failed to load resource: the server responded with a status of 404 (Not Found) @ http://localhost:3002/_next/static/webpack/2ed8c5d234341932.webpack.hot-update.json:0
[  119005ms] [LOG] %c[Vercel Web Analytics]%c Debug mode is enabled by default in development. No requests will be sent to the server. color: rgb(120, 120, 120) color: inherit @ https://va.vercel-scripts.com/v1/script.debug.js:0
[  119005ms] [LOG] %c[Vercel Web Analytics]%c [view] http://localhost:3002/landing-ko-vf color: rgb(120, 120, 120) color: inherit {o: http://localhost:3002/landing-ko-vf, sv: 0.1.3, sdkn: @vercel/analytics/react, sdkv: 1.6.1, ts: 1777530977599} /_vercel/insights/view @ https://va.vercel-scripts.com/v1/script.debug.js:0
[  119514ms] [INFO] %cDownload the React DevTools for a better development experience: https://reactjs.org/link/react-devtools font-weight:bold @ webpack-internal:///./node_modules/react-dom/cjs/react-dom.development.js:29889
[  119567ms] [LOG] [HMR] connected @ webpack-internal:///./node_modules/next/dist/client/dev/error-overlay/websocket.js:45
[  119613ms] [ERROR] Failed to load resource: the server responded with a status of 404 (Not Found) @ http://localhost:3002/_next/static/webpack/2ed8c5d234341932.webpack.hot-update.json:0
[  119614ms] [LOG] %c[Vercel Web Analytics]%c Debug mode is enabled by default in development. No requests will be sent to the server. color: rgb(120, 120, 120) color: inherit @ https://va.vercel-scripts.com/v1/script.debug.js:0
[  119614ms] [LOG] %c[Vercel Web Analytics]%c [view] http://localhost:3002/landing-ko-vf color: rgb(120, 120, 120) color: inherit {o: http://localhost:3002/landing-ko-vf, sv: 0.1.3, sdkn: @vercel/analytics/react, sdkv: 1.6.1, ts: 1777530978207} /_vercel/insights/view @ https://va.vercel-scripts.com/v1/script.debug.js:0
[  119871ms] [INFO] %cDownload the React DevTools for a better development experience: https://reactjs.org/link/react-devtools font-weight:bold @ webpack-internal:///./node_modules/react-dom/cjs/react-dom.development.js:29889
[  119925ms] [LOG] [HMR] connected @ webpack-internal:///./node_modules/next/dist/client/dev/error-overlay/websocket.js:45
[  119956ms] [ERROR] Failed to load resource: the server responded with a status of 404 (Not Found) @ http://localhost:3002/_next/static/webpack/2ed8c5d234341932.webpack.hot-update.json:0
[  119971ms] [LOG] %c[Vercel Web Analytics]%c Debug mode is enabled by default in development. No requests will be sent to the server. color: rgb(120, 120, 120) color: inherit @ https://va.vercel-scripts.com/v1/script.debug.js:0
[  119971ms] [LOG] %c[Vercel Web Analytics]%c [view] http://localhost:3002/landing-ko-vf color: rgb(120, 120, 120) color: inherit {o: http://localhost:3002/landing-ko-vf, sv: 0.1.3, sdkn: @vercel/analytics/react, sdkv: 1.6.1, ts: 1777530978564} /_vercel/insights/view @ https://va.vercel-scripts.com/v1/script.debug.js:0
[  120458ms] [INFO] %cDownload the React DevTools for a better development experience: https://reactjs.org/link/react-devtools font-weight:bold @ webpack-internal:///./node_modules/react-dom/cjs/react-dom.development.js:29889
[  120545ms] [LOG] [HMR] connected @ webpack-internal:///./node_modules/next/dist/client/dev/error-overlay/websocket.js:45
[  120577ms] [ERROR] Failed to load resource: the server responded with a status of 404 (Not Found) @ http://localhost:3002/_next/static/webpack/2ed8c5d234341932.webpack.hot-update.json:0
[  120589ms] [LOG] %c[Vercel Web Analytics]%c Debug mode is enabled by default in development. No requests will be sent to the server. color: rgb(120, 120, 120) color: inherit @ https://va.vercel-scripts.com/v1/script.debug.js:0
[  120589ms] [LOG] %c[Vercel Web Analytics]%c [view] http://localhost:3002/landing-ko-vf color: rgb(120, 120, 120) color: inherit {o: http://localhost:3002/landing-ko-vf, sv: 0.1.3, sdkn: @vercel/analytics/react, sdkv: 1.6.1, ts: 1777530979182} /_vercel/insights/view @ https://va.vercel-scripts.com/v1/script.debug.js:0
[  120815ms] [INFO] %cDownload the React DevTools for a better development experience: https://reactjs.org/link/react-devtools font-weight:bold @ webpack-internal:///./node_modules/react-dom/cjs/react-dom.development.js:29889
[  120884ms] [LOG] [HMR] connected @ webpack-internal:///./node_modules/next/dist/client/dev/error-overlay/websocket.js:45
[  120953ms] [LOG] %c[Vercel Web Analytics]%c Debug mode is enabled by default in development. No requests will be sent to the server. color: rgb(120, 120, 120) color: inherit @ https://va.vercel-scripts.com/v1/script.debug.js:0
[  120953ms] [LOG] %c[Vercel Web Analytics]%c [view] http://localhost:3002/landing-ko-vf color: rgb(120, 120, 120) color: inherit {o: http://localhost:3002/landing-ko-vf, sv: 0.1.3, sdkn: @vercel/analytics/react, sdkv: 1.6.1, ts: 1777530979547} /_vercel/insights/view @ https://va.vercel-scripts.com/v1/script.debug.js:0
[  120961ms] [ERROR] Failed to load resource: the server responded with a status of 404 (Not Found) @ http://localhost:3002/_next/static/webpack/2ed8c5d234341932.webpack.hot-update.json:0
[  121223ms] [INFO] %cDownload the React DevTools for a better development experience: https://reactjs.org/link/react-devtools font-weight:bold @ webpack-internal:///./node_modules/react-dom/cjs/react-dom.development.js:29889
[  121283ms] [LOG] [HMR] connected @ webpack-internal:///./node_modules/next/dist/client/dev/error-overlay/websocket.js:45
[  121346ms] [LOG] %c[Vercel Web Analytics]%c Debug mode is enabled by default in development. No requests will be sent to the server. color: rgb(120, 120, 120) color: inherit @ https://va.vercel-scripts.com/v1/script.debug.js:0
[  121346ms] [LOG] %c[Vercel Web Analytics]%c [view] http://localhost:3002/landing-ko-vf color: rgb(120, 120, 120) color: inherit {o: http://localhost:3002/landing-ko-vf, sv: 0.1.3, sdkn: @vercel/analytics/react, sdkv: 1.6.1, ts: 1777530979939} /_vercel/insights/view @ https://va.vercel-scripts.com/v1/script.debug.js:0
[  121354ms] [ERROR] Failed to load resource: the server responded with a status of 404 (Not Found) @ http://localhost:3002/_next/static/webpack/2ed8c5d234341932.webpack.hot-update.json:0
[  121750ms] [INFO] %cDownload the React DevTools for a better development experience: https://reactjs.org/link/react-devtools font-weight:bold @ webpack-internal:///./node_modules/react-dom/cjs/react-dom.development.js:29889
[  121877ms] [LOG] [HMR] connected @ webpack-internal:///./node_modules/next/dist/client/dev/error-overlay/websocket.js:45
[  121939ms] [LOG] %c[Vercel Web Analytics]%c Debug mode is enabled by default in development. No requests will be sent to the server. color: rgb(120, 120, 120) color: inherit @ https://va.vercel-scripts.com/v1/script.debug.js:0
[  121939ms] [LOG] %c[Vercel Web Analytics]%c [view] http://localhost:3002/landing-ko-vf color: rgb(120, 120, 120) color: inherit {o: http://localhost:3002/landing-ko-vf, sv: 0.1.3, sdkn: @vercel/analytics/react, sdkv: 1.6.1, ts: 1777530980532} /_vercel/insights/view @ https://va.vercel-scripts.com/v1/script.debug.js:0
[  121939ms] [ERROR] Failed to load resource: the server responded with a status of 404 (Not Found) @ http://localhost:3002/_next/static/webpack/2ed8c5d234341932.webpack.hot-update.json:0
[  122136ms] [INFO] %cDownload the React DevTools for a better development experience: https://reactjs.org/link/react-devtools font-weight:bold @ webpack-internal:///./node_modules/react-dom/cjs/react-dom.development.js:29889
[  122183ms] [LOG] [HMR] connected @ webpack-internal:///./node_modules/next/dist/client/dev/error-overlay/websocket.js:45
[  122214ms] [LOG] %c[Vercel Web Analytics]%c Debug mode is enabled by default in development. No requests will be sent to the server. color: rgb(120, 120, 120) color: inherit @ https://va.vercel-scripts.com/v1/script.debug.js:0
[  122214ms] [LOG] %c[Vercel Web Analytics]%c [view] http://localhost:3002/landing-ko-vf color: rgb(120, 120, 120) color: inherit {o: http://localhost:3002/landing-ko-vf, sv: 0.1.3, sdkn: @vercel/analytics/react, sdkv: 1.6.1, ts: 1777530980808} /_vercel/insights/view @ https://va.vercel-scripts.com/v1/script.debug.js:0
[  122215ms] [ERROR] Failed to load resource: the server responded with a status of 404 (Not Found) @ http://localhost:3002/_next/static/webpack/2ed8c5d234341932.webpack.hot-update.json:0
[  122583ms] [INFO] %cDownload the React DevTools for a better development experience: https://reactjs.org/link/react-devtools font-weight:bold @ webpack-internal:///./node_modules/react-dom/cjs/react-dom.development.js:29889
[  122646ms] [LOG] [HMR] connected @ webpack-internal:///./node_modules/next/dist/client/dev/error-overlay/websocket.js:45
[  122705ms] [LOG] %c[Vercel Web Analytics]%c Debug mode is enabled by default in development. No requests will be sent to the server. color: rgb(120, 120, 120) color: inherit @ https://va.vercel-scripts.com/v1/script.debug.js:0
[  122705ms] [LOG] %c[Vercel Web Analytics]%c [view] http://localhost:3002/landing-ko-vf color: rgb(120, 120, 120) color: inherit {o: http://localhost:3002/landing-ko-vf, sv: 0.1.3, sdkn: @vercel/analytics/react, sdkv: 1.6.1, ts: 1777530981298} /_vercel/insights/view @ https://va.vercel-scripts.com/v1/script.debug.js:0
[  122833ms] [ERROR] Failed to load resource: the server responded with a status of 404 (Not Found) @ http://localhost:3002/_next/static/webpack/2ed8c5d234341932.webpack.hot-update.json:0
[  123082ms] [INFO] %cDownload the React DevTools for a better development experience: https://reactjs.org/link/react-devtools font-weight:bold @ webpack-internal:///./node_modules/react-dom/cjs/react-dom.development.js:29889
[  123154ms] [LOG] [HMR] connected @ webpack-internal:///./node_modules/next/dist/client/dev/error-overlay/websocket.js:45
[  123488ms] [LOG] %c[Vercel Web Analytics]%c Debug mode is enabled by default in development. No requests will be sent to the server. color: rgb(120, 120, 120) color: inherit @ https://va.vercel-scripts.com/v1/script.debug.js:0
[  123488ms] [LOG] %c[Vercel Web Analytics]%c [view] http://localhost:3002/landing-ko-vf color: rgb(120, 120, 120) color: inherit {o: http://localhost:3002/landing-ko-vf, sv: 0.1.3, sdkn: @vercel/analytics/react, sdkv: 1.6.1, ts: 1777530982082} /_vercel/insights/view @ https://va.vercel-scripts.com/v1/script.debug.js:0
[  123520ms] [ERROR] Failed to load resource: the server responded with a status of 404 (Not Found) @ http://localhost:3002/_next/static/webpack/2ed8c5d234341932.webpack.hot-update.json:0
[  123719ms] [INFO] %cDownload the React DevTools for a better development experience: https://reactjs.org/link/react-devtools font-weight:bold @ webpack-internal:///./node_modules/react-dom/cjs/react-dom.development.js:29889
[  123777ms] [LOG] [HMR] connected @ webpack-internal:///./node_modules/next/dist/client/dev/error-overlay/websocket.js:45
[  123805ms] [ERROR] Failed to load resource: the server responded with a status of 404 (Not Found) @ http://localhost:3002/_next/static/webpack/2ed8c5d234341932.webpack.hot-update.json:0
[  123818ms] [LOG] %c[Vercel Web Analytics]%c Debug mode is enabled by default in development. No requests will be sent to the server. color: rgb(120, 120, 120) color: inherit @ https://va.vercel-scripts.com/v1/script.debug.js:0
[  123818ms] [LOG] %c[Vercel Web Analytics]%c [view] http://localhost:3002/landing-ko-vf color: rgb(120, 120, 120) color: inherit {o: http://localhost:3002/landing-ko-vf, sv: 0.1.3, sdkn: @vercel/analytics/react, sdkv: 1.6.1, ts: 1777530982412} /_vercel/insights/view @ https://va.vercel-scripts.com/v1/script.debug.js:0
[  124120ms] [INFO] %cDownload the React DevTools for a better development experience: https://reactjs.org/link/react-devtools font-weight:bold @ webpack-internal:///./node_modules/react-dom/cjs/react-dom.development.js:29889
[  124177ms] [LOG] [HMR] connected @ webpack-internal:///./node_modules/next/dist/client/dev/error-overlay/websocket.js:45
[  124218ms] [LOG] %c[Vercel Web Analytics]%c Debug mode is enabled by default in development. No requests will be sent to the server. color: rgb(120, 120, 120) color: inherit @ https://va.vercel-scripts.com/v1/script.debug.js:0
[  124218ms] [LOG] %c[Vercel Web Analytics]%c [view] http://localhost:3002/landing-ko-vf color: rgb(120, 120, 120) color: inherit {o: http://localhost:3002/landing-ko-vf, sv: 0.1.3, sdkn: @vercel/analytics/react, sdkv: 1.6.1, ts: 1777530982811} /_vercel/insights/view @ https://va.vercel-scripts.com/v1/script.debug.js:0
[  124218ms] [ERROR] Failed to load resource: the server responded with a status of 404 (Not Found) @ http://localhost:3002/_next/static/webpack/2ed8c5d234341932.webpack.hot-update.json:0
[  124497ms] [INFO] %cDownload the React DevTools for a better development experience: https://reactjs.org/link/react-devtools font-weight:bold @ webpack-internal:///./node_modules/react-dom/cjs/react-dom.development.js:29889
[  124585ms] [LOG] [HMR] connected @ webpack-internal:///./node_modules/next/dist/client/dev/error-overlay/websocket.js:45
[  124666ms] [LOG] %c[Vercel Web Analytics]%c Debug mode is enabled by default in development. No requests will be sent to the server. color: rgb(120, 120, 120) color: inherit @ https://va.vercel-scripts.com/v1/script.debug.js:0
[  124666ms] [LOG] %c[Vercel Web Analytics]%c [view] http://localhost:3002/landing-ko-vf color: rgb(120, 120, 120) color: inherit {o: http://localhost:3002/landing-ko-vf, sv: 0.1.3, sdkn: @vercel/analytics/react, sdkv: 1.6.1, ts: 1777530983260} /_vercel/insights/view @ https://va.vercel-scripts.com/v1/script.debug.js:0
[  124689ms] [ERROR] Failed to load resource: the server responded with a status of 404 (Not Found) @ http://localhost:3002/_next/static/webpack/2ed8c5d234341932.webpack.hot-update.json:0
[  125118ms] [INFO] %cDownload the React DevTools for a better development experience: https://reactjs.org/link/react-devtools font-weight:bold @ webpack-internal:///./node_modules/react-dom/cjs/react-dom.development.js:29889
[  125199ms] [LOG] [HMR] connected @ webpack-internal:///./node_modules/next/dist/client/dev/error-overlay/websocket.js:45
[  125250ms] [LOG] %c[Vercel Web Analytics]%c Debug mode is enabled by default in development. No requests will be sent to the server. color: rgb(120, 120, 120) color: inherit @ https://va.vercel-scripts.com/v1/script.debug.js:0
[  125250ms] [LOG] %c[Vercel Web Analytics]%c [view] http://localhost:3002/landing-ko-vf color: rgb(120, 120, 120) color: inherit {o: http://localhost:3002/landing-ko-vf, sv: 0.1.3, sdkn: @vercel/analytics/react, sdkv: 1.6.1, ts: 1777530983843} /_vercel/insights/view @ https://va.vercel-scripts.com/v1/script.debug.js:0
[  125276ms] [ERROR] Failed to load resource: the server responded with a status of 404 (Not Found) @ http://localhost:3002/_next/static/webpack/2ed8c5d234341932.webpack.hot-update.json:0
[  125659ms] [INFO] %cDownload the React DevTools for a better development experience: https://reactjs.org/link/react-devtools font-weight:bold @ webpack-internal:///./node_modules/react-dom/cjs/react-dom.development.js:29889
[  125719ms] [LOG] [HMR] connected @ webpack-internal:///./node_modules/next/dist/client/dev/error-overlay/websocket.js:45
[  125778ms] [LOG] %c[Vercel Web Analytics]%c Debug mode is enabled by default in development. No requests will be sent to the server. color: rgb(120, 120, 120) color: inherit @ https://va.vercel-scripts.com/v1/script.debug.js:0
[  125779ms] [LOG] %c[Vercel Web Analytics]%c [view] http://localhost:3002/landing-ko-vf color: rgb(120, 120, 120) color: inherit {o: http://localhost:3002/landing-ko-vf, sv: 0.1.3, sdkn: @vercel/analytics/react, sdkv: 1.6.1, ts: 1777530984372} /_vercel/insights/view @ https://va.vercel-scripts.com/v1/script.debug.js:0
[  125784ms] [ERROR] Failed to load resource: the server responded with a status of 404 (Not Found) @ http://localhost:3002/_next/static/webpack/2ed8c5d234341932.webpack.hot-update.json:0
[  126358ms] [INFO] %cDownload the React DevTools for a better development experience: https://reactjs.org/link/react-devtools font-weight:bold @ webpack-internal:///./node_modules/react-dom/cjs/react-dom.development.js:29889
[  126451ms] [LOG] [HMR] connected @ webpack-internal:///./node_modules/next/dist/client/dev/error-overlay/websocket.js:45
[  126536ms] [LOG] %c[Vercel Web Analytics]%c Debug mode is enabled by default in development. No requests will be sent to the server. color: rgb(120, 120, 120) color: inherit @ https://va.vercel-scripts.com/v1/script.debug.js:0
[  126536ms] [LOG] %c[Vercel Web Analytics]%c [view] http://localhost:3002/landing-ko-vf color: rgb(120, 120, 120) color: inherit {o: http://localhost:3002/landing-ko-vf, sv: 0.1.3, sdkn: @vercel/analytics/react, sdkv: 1.6.1, ts: 1777530985129} /_vercel/insights/view @ https://va.vercel-scripts.com/v1/script.debug.js:0
[  126583ms] [ERROR] Failed to load resource: the server responded with a status of 404 (Not Found) @ http://localhost:3002/_next/static/webpack/2ed8c5d234341932.webpack.hot-update.json:0
[  127002ms] [INFO] %cDownload the React DevTools for a better development experience: https://reactjs.org/link/react-devtools font-weight:bold @ webpack-internal:///./node_modules/react-dom/cjs/react-dom.development.js:29889
[  127075ms] [LOG] [HMR] connected @ webpack-internal:///./node_modules/next/dist/client/dev/error-overlay/websocket.js:45
[  127127ms] [ERROR] Failed to load resource: the server responded with a status of 404 (Not Found) @ http://localhost:3002/_next/static/webpack/2ed8c5d234341932.webpack.hot-update.json:0
[  127130ms] [LOG] %c[Vercel Web Analytics]%c Debug mode is enabled by default in development. No requests will be sent to the server. color: rgb(120, 120, 120) color: inherit @ https://va.vercel-scripts.com/v1/script.debug.js:0
[  127130ms] [LOG] %c[Vercel Web Analytics]%c [view] http://localhost:3002/landing-ko-vf color: rgb(120, 120, 120) color: inherit {o: http://localhost:3002/landing-ko-vf, sv: 0.1.3, sdkn: @vercel/analytics/react, sdkv: 1.6.1, ts: 1777530985724} /_vercel/insights/view @ https://va.vercel-scripts.com/v1/script.debug.js:0
[  127855ms] [INFO] %cDownload the React DevTools for a better development experience: https://reactjs.org/link/react-devtools font-weight:bold @ webpack-internal:///./node_modules/react-dom/cjs/react-dom.development.js:29889
[  127962ms] [LOG] [HMR] connected @ webpack-internal:///./node_modules/next/dist/client/dev/error-overlay/websocket.js:45
[  128014ms] [LOG] %c[Vercel Web Analytics]%c Debug mode is enabled by default in development. No requests will be sent to the server. color: rgb(120, 120, 120) color: inherit @ https://va.vercel-scripts.com/v1/script.debug.js:0
[  128014ms] [LOG] %c[Vercel Web Analytics]%c [view] http://localhost:3002/landing-ko-vf color: rgb(120, 120, 120) color: inherit {o: http://localhost:3002/landing-ko-vf, sv: 0.1.3, sdkn: @vercel/analytics/react, sdkv: 1.6.1, ts: 1777530986607} /_vercel/insights/view @ https://va.vercel-scripts.com/v1/script.debug.js:0
[  128022ms] [ERROR] Failed to load resource: the server responded with a status of 404 (Not Found) @ http://localhost:3002/_next/static/webpack/2ed8c5d234341932.webpack.hot-update.json:0
[  128243ms] [INFO] %cDownload the React DevTools for a better development experience: https://reactjs.org/link/react-devtools font-weight:bold @ webpack-internal:///./node_modules/react-dom/cjs/react-dom.development.js:29889
[  128304ms] [LOG] [HMR] connected @ webpack-internal:///./node_modules/next/dist/client/dev/error-overlay/websocket.js:45
[  128434ms] [LOG] %c[Vercel Web Analytics]%c Debug mode is enabled by default in development. No requests will be sent to the server. color: rgb(120, 120, 120) color: inherit @ https://va.vercel-scripts.com/v1/script.debug.js:0
[  128435ms] [LOG] %c[Vercel Web Analytics]%c [view] http://localhost:3002/landing-ko-vf color: rgb(120, 120, 120) color: inherit {o: http://localhost:3002/landing-ko-vf, sv: 0.1.3, sdkn: @vercel/analytics/react, sdkv: 1.6.1, ts: 1777530987028} /_vercel/insights/view @ https://va.vercel-scripts.com/v1/script.debug.js:0
[  128449ms] [ERROR] Failed to load resource: the server responded with a status of 404 (Not Found) @ http://localhost:3002/_next/static/webpack/2ed8c5d234341932.webpack.hot-update.json:0
[  128960ms] [INFO] %cDownload the React DevTools for a better development experience: https://reactjs.org/link/react-devtools font-weight:bold @ webpack-internal:///./node_modules/react-dom/cjs/react-dom.development.js:29889
[  129040ms] [LOG] [HMR] connected @ webpack-internal:///./node_modules/next/dist/client/dev/error-overlay/websocket.js:45
[  129079ms] [LOG] [Fast Refresh] rebuilding @ webpack-internal:///./node_modules/next/dist/client/dev/error-overlay/hot-dev-client.js:196
[  129093ms] [LOG] %c[Vercel Web Analytics]%c Debug mode is enabled by default in development. No requests will be sent to the server. color: rgb(120, 120, 120) color: inherit @ https://va.vercel-scripts.com/v1/script.debug.js:0
[  129094ms] [LOG] %c[Vercel Web Analytics]%c [view] http://localhost:3002/landing-ko-vf color: rgb(120, 120, 120) color: inherit {o: http://localhost:3002/landing-ko-vf, sv: 0.1.3, sdkn: @vercel/analytics/react, sdkv: 1.6.1, ts: 1777530987687} /_vercel/insights/view @ https://va.vercel-scripts.com/v1/script.debug.js:0
[  130484ms] [ERROR] Failed to load resource: the server responded with a status of 404 (Not Found) @ http://localhost:3002/_next/static/webpack/2ed8c5d234341932.webpack.hot-update.json:0
[  131285ms] [INFO] %cDownload the React DevTools for a better development experience: https://reactjs.org/link/react-devtools font-weight:bold @ webpack-internal:///./node_modules/react-dom/cjs/react-dom.development.js:29889
[  131382ms] [LOG] [HMR] connected @ webpack-internal:///./node_modules/next/dist/client/dev/error-overlay/websocket.js:45
[  131456ms] [LOG] %c[Vercel Web Analytics]%c Debug mode is enabled by default in development. No requests will be sent to the server. color: rgb(120, 120, 120) color: inherit @ https://va.vercel-scripts.com/v1/script.debug.js:0
[  131457ms] [LOG] %c[Vercel Web Analytics]%c [view] http://localhost:3002/landing-ko-vf color: rgb(120, 120, 120) color: inherit {o: http://localhost:3002/landing-ko-vf, sv: 0.1.3, sdkn: @vercel/analytics/react, sdkv: 1.6.1, ts: 1777530990050} /_vercel/insights/view @ https://va.vercel-scripts.com/v1/script.debug.js:0
[  192994ms] [LOG] [Fast Refresh] rebuilding @ webpack-internal:///./node_modules/next/dist/client/dev/error-overlay/hot-dev-client.js:196
[  194347ms] [LOG] [Fast Refresh] done in 1353ms @ webpack-internal:///./node_modules/next/dist/client/dev/error-overlay/hot-dev-client.js:165
[  194767ms] [INFO] %cDownload the React DevTools for a better development experience: https://reactjs.org/link/react-devtools font-weight:bold @ webpack-internal:///./node_modules/react-dom/cjs/react-dom.development.js:29889
[  194956ms] [LOG] [HMR] connected @ webpack-internal:///./node_modules/next/dist/client/dev/error-overlay/websocket.js:45
[  195019ms] [LOG] %c[Vercel Web Analytics]%c Debug mode is enabled by default in development. No requests will be sent to the server. color: rgb(120, 120, 120) color: inherit @ https://va.vercel-scripts.com/v1/script.debug.js:0
[  195019ms] [LOG] %c[Vercel Web Analytics]%c [view] http://localhost:3002/landing-ko-vf color: rgb(120, 120, 120) color: inherit {o: http://localhost:3002/landing-ko-vf, sv: 0.1.3, sdkn: @vercel/analytics/react, sdkv: 1.6.1, ts: 1777531053612} /_vercel/insights/view @ https://va.vercel-scripts.com/v1/script.debug.js:0
[  195020ms] [LOG] [Fast Refresh] rebuilding @ webpack-internal:///./node_modules/next/dist/client/dev/error-overlay/hot-dev-client.js:196
[  196133ms] [ERROR] Failed to load resource: the server responded with a status of 404 (Not Found) @ http://localhost:3002/_next/static/webpack/0bc7e3edcf7ebd4f.webpack.hot-update.json:0
[  196395ms] [INFO] %cDownload the React DevTools for a better development experience: https://reactjs.org/link/react-devtools font-weight:bold @ webpack-internal:///./node_modules/react-dom/cjs/react-dom.development.js:29889
[  196453ms] [LOG] [HMR] connected @ webpack-internal:///./node_modules/next/dist/client/dev/error-overlay/websocket.js:45
[  196497ms] [LOG] %c[Vercel Web Analytics]%c Debug mode is enabled by default in development. No requests will be sent to the server. color: rgb(120, 120, 120) color: inherit @ https://va.vercel-scripts.com/v1/script.debug.js:0
[  196497ms] [LOG] %c[Vercel Web Analytics]%c [view] http://localhost:3002/landing-ko-vf color: rgb(120, 120, 120) color: inherit {o: http://localhost:3002/landing-ko-vf, sv: 0.1.3, sdkn: @vercel/analytics/react, sdkv: 1.6.1, ts: 1777531055090} /_vercel/insights/view @ https://va.vercel-scripts.com/v1/script.debug.js:0
[  202496ms] [LOG] [Fast Refresh] rebuilding @ webpack-internal:///./node_modules/next/dist/client/dev/error-overlay/hot-dev-client.js:196
[  203337ms] [LOG] [Fast Refresh] done in 841ms @ webpack-internal:///./node_modules/next/dist/client/dev/error-overlay/hot-dev-client.js:165
[  203545ms] [INFO] %cDownload the React DevTools for a better development experience: https://reactjs.org/link/react-devtools font-weight:bold @ webpack-internal:///./node_modules/react-dom/cjs/react-dom.development.js:29889
[  203631ms] [LOG] [HMR] connected @ webpack-internal:///./node_modules/next/dist/client/dev/error-overlay/websocket.js:45
[  203677ms] [LOG] %c[Vercel Web Analytics]%c Debug mode is enabled by default in development. No requests will be sent to the server. color: rgb(120, 120, 120) color: inherit @ https://va.vercel-scripts.com/v1/script.debug.js:0
[  203677ms] [LOG] %c[Vercel Web Analytics]%c [view] http://localhost:3002/landing-ko-vf color: rgb(120, 120, 120) color: inherit {o: http://localhost:3002/landing-ko-vf, sv: 0.1.3, sdkn: @vercel/analytics/react, sdkv: 1.6.1, ts: 1777531062270} /_vercel/insights/view @ https://va.vercel-scripts.com/v1/script.debug.js:0
[  262474ms] [LOG] [Fast Refresh] rebuilding @ webpack-internal:///./node_modules/next/dist/client/dev/error-overlay/hot-dev-client.js:196
[  263824ms] [LOG] [Fast Refresh] done in 1350ms @ webpack-internal:///./node_modules/next/dist/client/dev/error-overlay/hot-dev-client.js:165
[  264057ms] [INFO] %cDownload the React DevTools for a better development experience: https://reactjs.org/link/react-devtools font-weight:bold @ webpack-internal:///./node_modules/react-dom/cjs/react-dom.development.js:29889
[  264124ms] [LOG] [HMR] connected @ webpack-internal:///./node_modules/next/dist/client/dev/error-overlay/websocket.js:45
[  264170ms] [LOG] %c[Vercel Web Analytics]%c Debug mode is enabled by default in development. No requests will be sent to the server. color: rgb(120, 120, 120) color: inherit @ https://va.vercel-scripts.com/v1/script.debug.js:0
[  264170ms] [LOG] %c[Vercel Web Analytics]%c [view] http://localhost:3002/landing-ko-vf color: rgb(120, 120, 120) color: inherit {o: http://localhost:3002/landing-ko-vf, sv: 0.1.3, sdkn: @vercel/analytics/react, sdkv: 1.6.1, ts: 1777531122764} /_vercel/insights/view @ https://va.vercel-scripts.com/v1/script.debug.js:0
[  268117ms] [LOG] [Fast Refresh] rebuilding @ webpack-internal:///./node_modules/next/dist/client/dev/error-overlay/hot-dev-client.js:196
[  269115ms] [LOG] [Fast Refresh] done in 998ms @ webpack-internal:///./node_modules/next/dist/client/dev/error-overlay/hot-dev-client.js:165
[  269511ms] [INFO] %cDownload the React DevTools for a better development experience: https://reactjs.org/link/react-devtools font-weight:bold @ webpack-internal:///./node_modules/react-dom/cjs/react-dom.development.js:29889
[  269583ms] [LOG] [HMR] connected @ webpack-internal:///./node_modules/next/dist/client/dev/error-overlay/websocket.js:45
[  269661ms] [LOG] %c[Vercel Web Analytics]%c Debug mode is enabled by default in development. No requests will be sent to the server. color: rgb(120, 120, 120) color: inherit @ https://va.vercel-scripts.com/v1/script.debug.js:0
[  269661ms] [LOG] %c[Vercel Web Analytics]%c [view] http://localhost:3002/landing-ko-vf color: rgb(120, 120, 120) color: inherit {o: http://localhost:3002/landing-ko-vf, sv: 0.1.3, sdkn: @vercel/analytics/react, sdkv: 1.6.1, ts: 1777531128255} /_vercel/insights/view @ https://va.vercel-scripts.com/v1/script.debug.js:0
[  279137ms] [LOG] [Fast Refresh] rebuilding @ webpack-internal:///./node_modules/next/dist/client/dev/error-overlay/hot-dev-client.js:196
[  280233ms] [LOG] [Fast Refresh] done in 1096ms @ webpack-internal:///./node_modules/next/dist/client/dev/error-overlay/hot-dev-client.js:165
[  280723ms] [INFO] %cDownload the React DevTools for a better development experience: https://reactjs.org/link/react-devtools font-weight:bold @ webpack-internal:///./node_modules/react-dom/cjs/react-dom.development.js:29889
[  280795ms] [LOG] [HMR] connected @ webpack-internal:///./node_modules/next/dist/client/dev/error-overlay/websocket.js:45
[  280853ms] [LOG] %c[Vercel Web Analytics]%c Debug mode is enabled by default in development. No requests will be sent to the server. color: rgb(120, 120, 120) color: inherit @ https://va.vercel-scripts.com/v1/script.debug.js:0
[  280853ms] [LOG] %c[Vercel Web Analytics]%c [view] http://localhost:3002/landing-ko-vf color: rgb(120, 120, 120) color: inherit {o: http://localhost:3002/landing-ko-vf, sv: 0.1.3, sdkn: @vercel/analytics/react, sdkv: 1.6.1, ts: 1777531139447} /_vercel/insights/view @ https://va.vercel-scripts.com/v1/script.debug.js:0
[  286481ms] [LOG] [Fast Refresh] rebuilding @ webpack-internal:///./node_modules/next/dist/client/dev/error-overlay/hot-dev-client.js:196
[  287259ms] [LOG] [Fast Refresh] done in 779ms @ webpack-internal:///./node_modules/next/dist/client/dev/error-overlay/hot-dev-client.js:165
[  287443ms] [INFO] %cDownload the React DevTools for a better development experience: https://reactjs.org/link/react-devtools font-weight:bold @ webpack-internal:///./node_modules/react-dom/cjs/react-dom.development.js:29889
[  287500ms] [LOG] [HMR] connected @ webpack-internal:///./node_modules/next/dist/client/dev/error-overlay/websocket.js:45
[  287539ms] [LOG] %c[Vercel Web Analytics]%c Debug mode is enabled by default in development. No requests will be sent to the server. color: rgb(120, 120, 120) color: inherit @ https://va.vercel-scripts.com/v1/script.debug.js:0
[  287539ms] [LOG] %c[Vercel Web Analytics]%c [view] http://localhost:3002/landing-ko-vf color: rgb(120, 120, 120) color: inherit {o: http://localhost:3002/landing-ko-vf, sv: 0.1.3, sdkn: @vercel/analytics/react, sdkv: 1.6.1, ts: 1777531146133} /_vercel/insights/view @ https://va.vercel-scripts.com/v1/script.debug.js:0
[  290869ms] [LOG] [Fast Refresh] rebuilding @ webpack-internal:///./node_modules/next/dist/client/dev/error-overlay/hot-dev-client.js:196
[  291640ms] [LOG] [Fast Refresh] done in 772ms @ webpack-internal:///./node_modules/next/dist/client/dev/error-overlay/hot-dev-client.js:165
[  291921ms] [INFO] %cDownload the React DevTools for a better development experience: https://reactjs.org/link/react-devtools font-weight:bold @ webpack-internal:///./node_modules/react-dom/cjs/react-dom.development.js:29889
[  291984ms] [LOG] [HMR] connected @ webpack-internal:///./node_modules/next/dist/client/dev/error-overlay/websocket.js:45
[  292027ms] [LOG] %c[Vercel Web Analytics]%c Debug mode is enabled by default in development. No requests will be sent to the server. color: rgb(120, 120, 120) color: inherit @ https://va.vercel-scripts.com/v1/script.debug.js:0
[  292027ms] [LOG] %c[Vercel Web Analytics]%c [view] http://localhost:3002/landing-ko-vf color: rgb(120, 120, 120) color: inherit {o: http://localhost:3002/landing-ko-vf, sv: 0.1.3, sdkn: @vercel/analytics/react, sdkv: 1.6.1, ts: 1777531150620} /_vercel/insights/view @ https://va.vercel-scripts.com/v1/script.debug.js:0
[  300025ms] [LOG] [Fast Refresh] rebuilding @ webpack-internal:///./node_modules/next/dist/client/dev/error-overlay/hot-dev-client.js:196
[  300838ms] [LOG] [Fast Refresh] done in 813ms @ webpack-internal:///./node_modules/next/dist/client/dev/error-overlay/hot-dev-client.js:165
[  301009ms] [INFO] %cDownload the React DevTools for a better development experience: https://reactjs.org/link/react-devtools font-weight:bold @ webpack-internal:///./node_modules/react-dom/cjs/react-dom.development.js:29889
[  301074ms] [LOG] [HMR] connected @ webpack-internal:///./node_modules/next/dist/client/dev/error-overlay/websocket.js:45
[  301124ms] [LOG] %c[Vercel Web Analytics]%c Debug mode is enabled by default in development. No requests will be sent to the server. color: rgb(120, 120, 120) color: inherit @ https://va.vercel-scripts.com/v1/script.debug.js:0
[  301124ms] [LOG] %c[Vercel Web Analytics]%c [view] http://localhost:3002/landing-ko-vf color: rgb(120, 120, 120) color: inherit {o: http://localhost:3002/landing-ko-vf, sv: 0.1.3, sdkn: @vercel/analytics/react, sdkv: 1.6.1, ts: 1777531159718} /_vercel/insights/view @ https://va.vercel-scripts.com/v1/script.debug.js:0
[  319645ms] [LOG] [Fast Refresh] rebuilding @ webpack-internal:///./node_modules/next/dist/client/dev/error-overlay/hot-dev-client.js:196
[  320810ms] [LOG] [Fast Refresh] done in 1165ms @ webpack-internal:///./node_modules/next/dist/client/dev/error-overlay/hot-dev-client.js:165
[  321057ms] [INFO] %cDownload the React DevTools for a better development experience: https://reactjs.org/link/react-devtools font-weight:bold @ webpack-internal:///./node_modules/react-dom/cjs/react-dom.development.js:29889
[  321125ms] [LOG] [HMR] connected @ webpack-internal:///./node_modules/next/dist/client/dev/error-overlay/websocket.js:45
[  321179ms] [LOG] %c[Vercel Web Analytics]%c Debug mode is enabled by default in development. No requests will be sent to the server. color: rgb(120, 120, 120) color: inherit @ https://va.vercel-scripts.com/v1/script.debug.js:0
[  321179ms] [LOG] %c[Vercel Web Analytics]%c [view] http://localhost:3002/landing-ko-vf color: rgb(120, 120, 120) color: inherit {o: http://localhost:3002/landing-ko-vf, sv: 0.1.3, sdkn: @vercel/analytics/react, sdkv: 1.6.1, ts: 1777531179773} /_vercel/insights/view @ https://va.vercel-scripts.com/v1/script.debug.js:0
[  341697ms] [LOG] [Fast Refresh] rebuilding @ webpack-internal:///./node_modules/next/dist/client/dev/error-overlay/hot-dev-client.js:196
[  342756ms] [LOG] [Fast Refresh] done in 1059ms @ webpack-internal:///./node_modules/next/dist/client/dev/error-overlay/hot-dev-client.js:165
[  342977ms] [INFO] %cDownload the React DevTools for a better development experience: https://reactjs.org/link/react-devtools font-weight:bold @ webpack-internal:///./node_modules/react-dom/cjs/react-dom.development.js:29889
[  343047ms] [LOG] [HMR] connected @ webpack-internal:///./node_modules/next/dist/client/dev/error-overlay/websocket.js:45
[  343099ms] [LOG] %c[Vercel Web Analytics]%c Debug mode is enabled by default in development. No requests will be sent to the server. color: rgb(120, 120, 120) color: inherit @ https://va.vercel-scripts.com/v1/script.debug.js:0
[  343100ms] [LOG] %c[Vercel Web Analytics]%c [view] http://localhost:3002/landing-ko-vf color: rgb(120, 120, 120) color: inherit {o: http://localhost:3002/landing-ko-vf, sv: 0.1.3, sdkn: @vercel/analytics/react, sdkv: 1.6.1, ts: 1777531201693} /_vercel/insights/view @ https://va.vercel-scripts.com/v1/script.debug.js:0
[  421156ms] [LOG] [Fast Refresh] rebuilding @ webpack-internal:///./node_modules/next/dist/client/dev/error-overlay/hot-dev-client.js:196
[  423212ms] [LOG] [Fast Refresh] done in 2056ms @ webpack-internal:///./node_modules/next/dist/client/dev/error-overlay/hot-dev-client.js:165
[  423567ms] [INFO] %cDownload the React DevTools for a better development experience: https://reactjs.org/link/react-devtools font-weight:bold @ webpack-internal:///./node_modules/react-dom/cjs/react-dom.development.js:29889
[  423662ms] [LOG] [HMR] connected @ webpack-internal:///./node_modules/next/dist/client/dev/error-overlay/websocket.js:45
[  423722ms] [LOG] %c[Vercel Web Analytics]%c Debug mode is enabled by default in development. No requests will be sent to the server. color: rgb(120, 120, 120) color: inherit @ https://va.vercel-scripts.com/v1/script.debug.js:0
[  423722ms] [LOG] %c[Vercel Web Analytics]%c [view] http://localhost:3002/landing-ko-vf color: rgb(120, 120, 120) color: inherit {o: http://localhost:3002/landing-ko-vf, sv: 0.1.3, sdkn: @vercel/analytics/react, sdkv: 1.6.1, ts: 1777531282316} /_vercel/insights/view @ https://va.vercel-scripts.com/v1/script.debug.js:0
[  476117ms] [LOG] [Fast Refresh] rebuilding @ webpack-internal:///./node_modules/next/dist/client/dev/error-overlay/hot-dev-client.js:196
[  478562ms] [LOG] [Fast Refresh] done in 2446ms @ webpack-internal:///./node_modules/next/dist/client/dev/error-overlay/hot-dev-client.js:165
[  479127ms] [INFO] %cDownload the React DevTools for a better development experience: https://reactjs.org/link/react-devtools font-weight:bold @ webpack-internal:///./node_modules/react-dom/cjs/react-dom.development.js:29889
[  479229ms] [LOG] [HMR] connected @ webpack-internal:///./node_modules/next/dist/client/dev/error-overlay/websocket.js:45
[  479337ms] [LOG] %c[Vercel Web Analytics]%c Debug mode is enabled by default in development. No requests will be sent to the server. color: rgb(120, 120, 120) color: inherit @ https://va.vercel-scripts.com/v1/script.debug.js:0
[  479337ms] [LOG] %c[Vercel Web Analytics]%c [view] http://localhost:3002/landing-ko-vf color: rgb(120, 120, 120) color: inherit {o: http://localhost:3002/landing-ko-vf, sv: 0.1.3, sdkn: @vercel/analytics/react, sdkv: 1.6.1, ts: 1777531337931} /_vercel/insights/view @ https://va.vercel-scripts.com/v1/script.debug.js:0
[  479361ms] [LOG] [Fast Refresh] rebuilding @ webpack-internal:///./node_modules/next/dist/client/dev/error-overlay/hot-dev-client.js:196
[  480725ms] [ERROR] Failed to load resource: the server responded with a status of 404 (Not Found) @ http://localhost:3002/_next/static/webpack/bc6f7a7c9d8afb05.webpack.hot-update.json:0
[  481144ms] [INFO] %cDownload the React DevTools for a better development experience: https://reactjs.org/link/react-devtools font-weight:bold @ webpack-internal:///./node_modules/react-dom/cjs/react-dom.development.js:29889
[  481199ms] [LOG] [HMR] connected @ webpack-internal:///./node_modules/next/dist/client/dev/error-overlay/websocket.js:45
[  481245ms] [LOG] %c[Vercel Web Analytics]%c Debug mode is enabled by default in development. No requests will be sent to the server. color: rgb(120, 120, 120) color: inherit @ https://va.vercel-scripts.com/v1/script.debug.js:0
[  481245ms] [LOG] %c[Vercel Web Analytics]%c [view] http://localhost:3002/landing-ko-vf color: rgb(120, 120, 120) color: inherit {o: http://localhost:3002/landing-ko-vf, sv: 0.1.3, sdkn: @vercel/analytics/react, sdkv: 1.6.1, ts: 1777531339838} /_vercel/insights/view @ https://va.vercel-scripts.com/v1/script.debug.js:0
[  482647ms] [LOG] [Fast Refresh] rebuilding @ webpack-internal:///./node_modules/next/dist/client/dev/error-overlay/hot-dev-client.js:196
[  484114ms] [LOG] [Fast Refresh] done in 1466ms @ webpack-internal:///./node_modules/next/dist/client/dev/error-overlay/hot-dev-client.js:165
[  484512ms] [INFO] %cDownload the React DevTools for a better development experience: https://reactjs.org/link/react-devtools font-weight:bold @ webpack-internal:///./node_modules/react-dom/cjs/react-dom.development.js:29889
[  484601ms] [LOG] [HMR] connected @ webpack-internal:///./node_modules/next/dist/client/dev/error-overlay/websocket.js:45
[  484697ms] [LOG] %c[Vercel Web Analytics]%c Debug mode is enabled by default in development. No requests will be sent to the server. color: rgb(120, 120, 120) color: inherit @ https://va.vercel-scripts.com/v1/script.debug.js:0
[  484698ms] [LOG] %c[Vercel Web Analytics]%c [view] http://localhost:3002/landing-ko-vf color: rgb(120, 120, 120) color: inherit {o: http://localhost:3002/landing-ko-vf, sv: 0.1.3, sdkn: @vercel/analytics/react, sdkv: 1.6.1, ts: 1777531343291} /_vercel/insights/view @ https://va.vercel-scripts.com/v1/script.debug.js:0
[  607456ms] [LOG] [Fast Refresh] rebuilding @ webpack-internal:///./node_modules/next/dist/client/dev/error-overlay/hot-dev-client.js:196
[  609369ms] [LOG] [Fast Refresh] done in 1914ms @ webpack-internal:///./node_modules/next/dist/client/dev/error-overlay/hot-dev-client.js:165
[  610196ms] [INFO] %cDownload the React DevTools for a better development experience: https://reactjs.org/link/react-devtools font-weight:bold @ webpack-internal:///./node_modules/react-dom/cjs/react-dom.development.js:29889
[  610309ms] [LOG] [HMR] connected @ webpack-internal:///./node_modules/next/dist/client/dev/error-overlay/websocket.js:45
[  610420ms] [LOG] %c[Vercel Web Analytics]%c Debug mode is enabled by default in development. No requests will be sent to the server. color: rgb(120, 120, 120) color: inherit @ https://va.vercel-scripts.com/v1/script.debug.js:0
[  610420ms] [LOG] %c[Vercel Web Analytics]%c [view] http://localhost:3002/landing-ko-vf color: rgb(120, 120, 120) color: inherit {o: http://localhost:3002/landing-ko-vf, sv: 0.1.3, sdkn: @vercel/analytics/react, sdkv: 1.6.1, ts: 1777531469013} /_vercel/insights/view @ https://va.vercel-scripts.com/v1/script.debug.js:0
[  650795ms] [LOG] [Fast Refresh] rebuilding @ webpack-internal:///./node_modules/next/dist/client/dev/error-overlay/hot-dev-client.js:196
[  652359ms] [LOG] [Fast Refresh] done in 1564ms @ webpack-internal:///./node_modules/next/dist/client/dev/error-overlay/hot-dev-client.js:165
[  653008ms] [INFO] %cDownload the React DevTools for a better development experience: https://reactjs.org/link/react-devtools font-weight:bold @ webpack-internal:///./node_modules/react-dom/cjs/react-dom.development.js:29889
[  653084ms] [LOG] [HMR] connected @ webpack-internal:///./node_modules/next/dist/client/dev/error-overlay/websocket.js:45
[  653118ms] [LOG] [Fast Refresh] rebuilding @ webpack-internal:///./node_modules/next/dist/client/dev/error-overlay/hot-dev-client.js:196
[  653134ms] [LOG] %c[Vercel Web Analytics]%c Debug mode is enabled by default in development. No requests will be sent to the server. color: rgb(120, 120, 120) color: inherit @ https://va.vercel-scripts.com/v1/script.debug.js:0
[  653134ms] [LOG] %c[Vercel Web Analytics]%c [view] http://localhost:3002/landing-ko-vf color: rgb(120, 120, 120) color: inherit {o: http://localhost:3002/landing-ko-vf, sv: 0.1.3, sdkn: @vercel/analytics/react, sdkv: 1.6.1, ts: 1777531511727} /_vercel/insights/view @ https://va.vercel-scripts.com/v1/script.debug.js:0
[  653716ms] [ERROR] Failed to load resource: the server responded with a status of 404 (Not Found) @ http://localhost:3002/_next/static/webpack/a99520ed8f41c24c.webpack.hot-update.json:0
[  654405ms] [INFO] %cDownload the React DevTools for a better development experience: https://reactjs.org/link/react-devtools font-weight:bold @ webpack-internal:///./node_modules/react-dom/cjs/react-dom.development.js:29889
[  654464ms] [LOG] [HMR] connected @ webpack-internal:///./node_modules/next/dist/client/dev/error-overlay/websocket.js:45
[  654510ms] [LOG] %c[Vercel Web Analytics]%c Debug mode is enabled by default in development. No requests will be sent to the server. color: rgb(120, 120, 120) color: inherit @ https://va.vercel-scripts.com/v1/script.debug.js:0
[  654510ms] [LOG] %c[Vercel Web Analytics]%c [view] http://localhost:3002/landing-ko-vf color: rgb(120, 120, 120) color: inherit {o: http://localhost:3002/landing-ko-vf, sv: 0.1.3, sdkn: @vercel/analytics/react, sdkv: 1.6.1, ts: 1777531513103} /_vercel/insights/view @ https://va.vercel-scripts.com/v1/script.debug.js:0
[  662955ms] [LOG] [Fast Refresh] rebuilding @ webpack-internal:///./node_modules/next/dist/client/dev/error-overlay/hot-dev-client.js:196
[  664597ms] [LOG] [Fast Refresh] done in 1643ms @ webpack-internal:///./node_modules/next/dist/client/dev/error-overlay/hot-dev-client.js:165
[  665052ms] [INFO] %cDownload the React DevTools for a better development experience: https://reactjs.org/link/react-devtools font-weight:bold @ webpack-internal:///./node_modules/react-dom/cjs/react-dom.development.js:29889
[  665257ms] [LOG] [HMR] connected @ webpack-internal:///./node_modules/next/dist/client/dev/error-overlay/websocket.js:45
[  665326ms] [LOG] %c[Vercel Web Analytics]%c Debug mode is enabled by default in development. No requests will be sent to the server. color: rgb(120, 120, 120) color: inherit @ https://va.vercel-scripts.com/v1/script.debug.js:0
[  665326ms] [LOG] %c[Vercel Web Analytics]%c [view] http://localhost:3002/landing-ko-vf color: rgb(120, 120, 120) color: inherit {o: http://localhost:3002/landing-ko-vf, sv: 0.1.3, sdkn: @vercel/analytics/react, sdkv: 1.6.1, ts: 1777531523919} /_vercel/insights/view @ https://va.vercel-scripts.com/v1/script.debug.js:0
[  665857ms] [ERROR] Failed to load resource: the server responded with a status of 404 (Not Found) @ http://localhost:3002/_next/static/webpack/94d8359e3a18fee8.webpack.hot-update.json:0
[  666169ms] [INFO] %cDownload the React DevTools for a better development experience: https://reactjs.org/link/react-devtools font-weight:bold @ webpack-internal:///./node_modules/react-dom/cjs/react-dom.development.js:29889
[  666243ms] [LOG] [HMR] connected @ webpack-internal:///./node_modules/next/dist/client/dev/error-overlay/websocket.js:45
[  666286ms] [LOG] %c[Vercel Web Analytics]%c Debug mode is enabled by default in development. No requests will be sent to the server. color: rgb(120, 120, 120) color: inherit @ https://va.vercel-scripts.com/v1/script.debug.js:0
[  666286ms] [LOG] %c[Vercel Web Analytics]%c [view] http://localhost:3002/landing-ko-vf color: rgb(120, 120, 120) color: inherit {o: http://localhost:3002/landing-ko-vf, sv: 0.1.3, sdkn: @vercel/analytics/react, sdkv: 1.6.1, ts: 1777531524879} /_vercel/insights/view @ https://va.vercel-scripts.com/v1/script.debug.js:0
[  666368ms] [ERROR] Failed to load resource: the server responded with a status of 404 (Not Found) @ http://localhost:3002/_next/static/webpack/94d8359e3a18fee8.webpack.hot-update.json:0
[  666594ms] [INFO] %cDownload the React DevTools for a better development experience: https://reactjs.org/link/react-devtools font-weight:bold @ webpack-internal:///./node_modules/react-dom/cjs/react-dom.development.js:29889
[  666667ms] [LOG] [HMR] connected @ webpack-internal:///./node_modules/next/dist/client/dev/error-overlay/websocket.js:45
[  666815ms] [LOG] %c[Vercel Web Analytics]%c Debug mode is enabled by default in development. No requests will be sent to the server. color: rgb(120, 120, 120) color: inherit @ https://va.vercel-scripts.com/v1/script.debug.js:0
[  666815ms] [LOG] %c[Vercel Web Analytics]%c [view] http://localhost:3002/landing-ko-vf color: rgb(120, 120, 120) color: inherit {o: http://localhost:3002/landing-ko-vf, sv: 0.1.3, sdkn: @vercel/analytics/react, sdkv: 1.6.1, ts: 1777531525408} /_vercel/insights/view @ https://va.vercel-scripts.com/v1/script.debug.js:0
[  666850ms] [ERROR] Failed to load resource: the server responded with a status of 404 (Not Found) @ http://localhost:3002/_next/static/webpack/94d8359e3a18fee8.webpack.hot-update.json:0
[  667082ms] [INFO] %cDownload the React DevTools for a better development experience: https://reactjs.org/link/react-devtools font-weight:bold @ webpack-internal:///./node_modules/react-dom/cjs/react-dom.development.js:29889
[  667141ms] [LOG] [HMR] connected @ webpack-internal:///./node_modules/next/dist/client/dev/error-overlay/websocket.js:45
[  667182ms] [ERROR] Failed to load resource: the server responded with a status of 404 (Not Found) @ http://localhost:3002/_next/static/webpack/94d8359e3a18fee8.webpack.hot-update.json:0
[  667198ms] [LOG] %c[Vercel Web Analytics]%c Debug mode is enabled by default in development. No requests will be sent to the server. color: rgb(120, 120, 120) color: inherit @ https://va.vercel-scripts.com/v1/script.debug.js:0
[  667198ms] [LOG] %c[Vercel Web Analytics]%c [view] http://localhost:3002/landing-ko-vf color: rgb(120, 120, 120) color: inherit {o: http://localhost:3002/landing-ko-vf, sv: 0.1.3, sdkn: @vercel/analytics/react, sdkv: 1.6.1, ts: 1777531525792} /_vercel/insights/view @ https://va.vercel-scripts.com/v1/script.debug.js:0
[  667486ms] [INFO] %cDownload the React DevTools for a better development experience: https://reactjs.org/link/react-devtools font-weight:bold @ webpack-internal:///./node_modules/react-dom/cjs/react-dom.development.js:29889
[  667542ms] [LOG] [HMR] connected @ webpack-internal:///./node_modules/next/dist/client/dev/error-overlay/websocket.js:45
[  667585ms] [LOG] %c[Vercel Web Analytics]%c Debug mode is enabled by default in development. No requests will be sent to the server. color: rgb(120, 120, 120) color: inherit @ https://va.vercel-scripts.com/v1/script.debug.js:0
[  667585ms] [LOG] %c[Vercel Web Analytics]%c [view] http://localhost:3002/landing-ko-vf color: rgb(120, 120, 120) color: inherit {o: http://localhost:3002/landing-ko-vf, sv: 0.1.3, sdkn: @vercel/analytics/react, sdkv: 1.6.1, ts: 1777531526179} /_vercel/insights/view @ https://va.vercel-scripts.com/v1/script.debug.js:0
[  667610ms] [ERROR] Failed to load resource: the server responded with a status of 404 (Not Found) @ http://localhost:3002/_next/static/webpack/94d8359e3a18fee8.webpack.hot-update.json:0
[  668042ms] [INFO] %cDownload the React DevTools for a better development experience: https://reactjs.org/link/react-devtools font-weight:bold @ webpack-internal:///./node_modules/react-dom/cjs/react-dom.development.js:29889
[  668098ms] [LOG] [HMR] connected @ webpack-internal:///./node_modules/next/dist/client/dev/error-overlay/websocket.js:45
[  668134ms] [ERROR] Failed to load resource: the server responded with a status of 404 (Not Found) @ http://localhost:3002/_next/static/webpack/94d8359e3a18fee8.webpack.hot-update.json:0
[  668154ms] [LOG] %c[Vercel Web Analytics]%c Debug mode is enabled by default in development. No requests will be sent to the server. color: rgb(120, 120, 120) color: inherit @ https://va.vercel-scripts.com/v1/script.debug.js:0
[  668154ms] [LOG] %c[Vercel Web Analytics]%c [view] http://localhost:3002/landing-ko-vf color: rgb(120, 120, 120) color: inherit {o: http://localhost:3002/landing-ko-vf, sv: 0.1.3, sdkn: @vercel/analytics/react, sdkv: 1.6.1, ts: 1777531526747} /_vercel/insights/view @ https://va.vercel-scripts.com/v1/script.debug.js:0
[  668437ms] [INFO] %cDownload the React DevTools for a better development experience: https://reactjs.org/link/react-devtools font-weight:bold @ webpack-internal:///./node_modules/react-dom/cjs/react-dom.development.js:29889
[  668515ms] [LOG] [HMR] connected @ webpack-internal:///./node_modules/next/dist/client/dev/error-overlay/websocket.js:45
[  668564ms] [LOG] %c[Vercel Web Analytics]%c Debug mode is enabled by default in development. No requests will be sent to the server. color: rgb(120, 120, 120) color: inherit @ https://va.vercel-scripts.com/v1/script.debug.js:0
[  668565ms] [LOG] %c[Vercel Web Analytics]%c [view] http://localhost:3002/landing-ko-vf color: rgb(120, 120, 120) color: inherit {o: http://localhost:3002/landing-ko-vf, sv: 0.1.3, sdkn: @vercel/analytics/react, sdkv: 1.6.1, ts: 1777531527158} /_vercel/insights/view @ https://va.vercel-scripts.com/v1/script.debug.js:0
[  668776ms] [ERROR] Failed to load resource: the server responded with a status of 404 (Not Found) @ http://localhost:3002/_next/static/webpack/94d8359e3a18fee8.webpack.hot-update.json:0
[  669027ms] [INFO] %cDownload the React DevTools for a better development experience: https://reactjs.org/link/react-devtools font-weight:bold @ webpack-internal:///./node_modules/react-dom/cjs/react-dom.development.js:29889
[  669088ms] [LOG] [HMR] connected @ webpack-internal:///./node_modules/next/dist/client/dev/error-overlay/websocket.js:45
[  669125ms] [ERROR] Failed to load resource: the server responded with a status of 404 (Not Found) @ http://localhost:3002/_next/static/webpack/94d8359e3a18fee8.webpack.hot-update.json:0
[  669131ms] [LOG] %c[Vercel Web Analytics]%c Debug mode is enabled by default in development. No requests will be sent to the server. color: rgb(120, 120, 120) color: inherit @ https://va.vercel-scripts.com/v1/script.debug.js:0
[  669131ms] [LOG] %c[Vercel Web Analytics]%c [view] http://localhost:3002/landing-ko-vf color: rgb(120, 120, 120) color: inherit {o: http://localhost:3002/landing-ko-vf, sv: 0.1.3, sdkn: @vercel/analytics/react, sdkv: 1.6.1, ts: 1777531527724} /_vercel/insights/view @ https://va.vercel-scripts.com/v1/script.debug.js:0
[  669415ms] [INFO] %cDownload the React DevTools for a better development experience: https://reactjs.org/link/react-devtools font-weight:bold @ webpack-internal:///./node_modules/react-dom/cjs/react-dom.development.js:29889
[  669470ms] [LOG] [HMR] connected @ webpack-internal:///./node_modules/next/dist/client/dev/error-overlay/websocket.js:45
[  669511ms] [LOG] %c[Vercel Web Analytics]%c Debug mode is enabled by default in development. No requests will be sent to the server. color: rgb(120, 120, 120) color: inherit @ https://va.vercel-scripts.com/v1/script.debug.js:0
[  669511ms] [LOG] %c[Vercel Web Analytics]%c [view] http://localhost:3002/landing-ko-vf color: rgb(120, 120, 120) color: inherit {o: http://localhost:3002/landing-ko-vf, sv: 0.1.3, sdkn: @vercel/analytics/react, sdkv: 1.6.1, ts: 1777531528104} /_vercel/insights/view @ https://va.vercel-scripts.com/v1/script.debug.js:0
[  669528ms] [ERROR] Failed to load resource: the server responded with a status of 404 (Not Found) @ http://localhost:3002/_next/static/webpack/94d8359e3a18fee8.webpack.hot-update.json:0
[  669870ms] [INFO] %cDownload the React DevTools for a better development experience: https://reactjs.org/link/react-devtools font-weight:bold @ webpack-internal:///./node_modules/react-dom/cjs/react-dom.development.js:29889
[  669935ms] [LOG] [HMR] connected @ webpack-internal:///./node_modules/next/dist/client/dev/error-overlay/websocket.js:45
[  669977ms] [LOG] %c[Vercel Web Analytics]%c Debug mode is enabled by default in development. No requests will be sent to the server. color: rgb(120, 120, 120) color: inherit @ https://va.vercel-scripts.com/v1/script.debug.js:0
[  669977ms] [LOG] %c[Vercel Web Analytics]%c [view] http://localhost:3002/landing-ko-vf color: rgb(120, 120, 120) color: inherit {o: http://localhost:3002/landing-ko-vf, sv: 0.1.3, sdkn: @vercel/analytics/react, sdkv: 1.6.1, ts: 1777531528571} /_vercel/insights/view @ https://va.vercel-scripts.com/v1/script.debug.js:0
[  669977ms] [ERROR] Failed to load resource: the server responded with a status of 404 (Not Found) @ http://localhost:3002/_next/static/webpack/94d8359e3a18fee8.webpack.hot-update.json:0
[  670182ms] [INFO] %cDownload the React DevTools for a better development experience: https://reactjs.org/link/react-devtools font-weight:bold @ webpack-internal:///./node_modules/react-dom/cjs/react-dom.development.js:29889
[  670233ms] [LOG] [HMR] connected @ webpack-internal:///./node_modules/next/dist/client/dev/error-overlay/websocket.js:45
[  670267ms] [LOG] %c[Vercel Web Analytics]%c Debug mode is enabled by default in development. No requests will be sent to the server. color: rgb(120, 120, 120) color: inherit @ https://va.vercel-scripts.com/v1/script.debug.js:0
[  670268ms] [LOG] %c[Vercel Web Analytics]%c [view] http://localhost:3002/landing-ko-vf color: rgb(120, 120, 120) color: inherit {o: http://localhost:3002/landing-ko-vf, sv: 0.1.3, sdkn: @vercel/analytics/react, sdkv: 1.6.1, ts: 1777531528861} /_vercel/insights/view @ https://va.vercel-scripts.com/v1/script.debug.js:0
[  670268ms] [ERROR] Failed to load resource: the server responded with a status of 404 (Not Found) @ http://localhost:3002/_next/static/webpack/94d8359e3a18fee8.webpack.hot-update.json:0
[  670635ms] [INFO] %cDownload the React DevTools for a better development experience: https://reactjs.org/link/react-devtools font-weight:bold @ webpack-internal:///./node_modules/react-dom/cjs/react-dom.development.js:29889
[  670688ms] [LOG] [HMR] connected @ webpack-internal:///./node_modules/next/dist/client/dev/error-overlay/websocket.js:45
[  670730ms] [LOG] %c[Vercel Web Analytics]%c Debug mode is enabled by default in development. No requests will be sent to the server. color: rgb(120, 120, 120) color: inherit @ https://va.vercel-scripts.com/v1/script.debug.js:0
[  670730ms] [LOG] %c[Vercel Web Analytics]%c [view] http://localhost:3002/landing-ko-vf color: rgb(120, 120, 120) color: inherit {o: http://localhost:3002/landing-ko-vf, sv: 0.1.3, sdkn: @vercel/analytics/react, sdkv: 1.6.1, ts: 1777531529323} /_vercel/insights/view @ https://va.vercel-scripts.com/v1/script.debug.js:0
[  670737ms] [ERROR] Failed to load resource: the server responded with a status of 404 (Not Found) @ http://localhost:3002/_next/static/webpack/94d8359e3a18fee8.webpack.hot-update.json:0
[  670956ms] [INFO] %cDownload the React DevTools for a better development experience: https://reactjs.org/link/react-devtools font-weight:bold @ webpack-internal:///./node_modules/react-dom/cjs/react-dom.development.js:29889
[  671011ms] [LOG] [HMR] connected @ webpack-internal:///./node_modules/next/dist/client/dev/error-overlay/websocket.js:45
[  671054ms] [ERROR] Failed to load resource: the server responded with a status of 404 (Not Found) @ http://localhost:3002/_next/static/webpack/94d8359e3a18fee8.webpack.hot-update.json:0
[  671060ms] [LOG] %c[Vercel Web Analytics]%c Debug mode is enabled by default in development. No requests will be sent to the server. color: rgb(120, 120, 120) color: inherit @ https://va.vercel-scripts.com/v1/script.debug.js:0
[  671060ms] [LOG] %c[Vercel Web Analytics]%c [view] http://localhost:3002/landing-ko-vf color: rgb(120, 120, 120) color: inherit {o: http://localhost:3002/landing-ko-vf, sv: 0.1.3, sdkn: @vercel/analytics/react, sdkv: 1.6.1, ts: 1777531529653} /_vercel/insights/view @ https://va.vercel-scripts.com/v1/script.debug.js:0
[  671264ms] [INFO] %cDownload the React DevTools for a better development experience: https://reactjs.org/link/react-devtools font-weight:bold @ webpack-internal:///./node_modules/react-dom/cjs/react-dom.development.js:29889
[  671318ms] [LOG] [HMR] connected @ webpack-internal:///./node_modules/next/dist/client/dev/error-overlay/websocket.js:45
[  671357ms] [LOG] %c[Vercel Web Analytics]%c Debug mode is enabled by default in development. No requests will be sent to the server. color: rgb(120, 120, 120) color: inherit @ https://va.vercel-scripts.com/v1/script.debug.js:0
[  671357ms] [LOG] %c[Vercel Web Analytics]%c [view] http://localhost:3002/landing-ko-vf color: rgb(120, 120, 120) color: inherit {o: http://localhost:3002/landing-ko-vf, sv: 0.1.3, sdkn: @vercel/analytics/react, sdkv: 1.6.1, ts: 1777531529950} /_vercel/insights/view @ https://va.vercel-scripts.com/v1/script.debug.js:0
[  671357ms] [ERROR] Failed to load resource: the server responded with a status of 404 (Not Found) @ http://localhost:3002/_next/static/webpack/94d8359e3a18fee8.webpack.hot-update.json:0
[  671550ms] [INFO] %cDownload the React DevTools for a better development experience: https://reactjs.org/link/react-devtools font-weight:bold @ webpack-internal:///./node_modules/react-dom/cjs/react-dom.development.js:29889
[  671606ms] [LOG] [HMR] connected @ webpack-internal:///./node_modules/next/dist/client/dev/error-overlay/websocket.js:45
[  671638ms] [ERROR] Failed to load resource: the server responded with a status of 404 (Not Found) @ http://localhost:3002/_next/static/webpack/94d8359e3a18fee8.webpack.hot-update.json:0
[  671650ms] [LOG] %c[Vercel Web Analytics]%c Debug mode is enabled by default in development. No requests will be sent to the server. color: rgb(120, 120, 120) color: inherit @ https://va.vercel-scripts.com/v1/script.debug.js:0
[  671650ms] [LOG] %c[Vercel Web Analytics]%c [view] http://localhost:3002/landing-ko-vf color: rgb(120, 120, 120) color: inherit {o: http://localhost:3002/landing-ko-vf, sv: 0.1.3, sdkn: @vercel/analytics/react, sdkv: 1.6.1, ts: 1777531530244} /_vercel/insights/view @ https://va.vercel-scripts.com/v1/script.debug.js:0
[  671865ms] [INFO] %cDownload the React DevTools for a better development experience: https://reactjs.org/link/react-devtools font-weight:bold @ webpack-internal:///./node_modules/react-dom/cjs/react-dom.development.js:29889
[  671919ms] [LOG] [HMR] connected @ webpack-internal:///./node_modules/next/dist/client/dev/error-overlay/websocket.js:45
[  671949ms] [ERROR] Failed to load resource: the server responded with a status of 404 (Not Found) @ http://localhost:3002/_next/static/webpack/94d8359e3a18fee8.webpack.hot-update.json:0
[  671961ms] [LOG] %c[Vercel Web Analytics]%c Debug mode is enabled by default in development. No requests will be sent to the server. color: rgb(120, 120, 120) color: inherit @ https://va.vercel-scripts.com/v1/script.debug.js:0
[  671961ms] [LOG] %c[Vercel Web Analytics]%c [view] http://localhost:3002/landing-ko-vf color: rgb(120, 120, 120) color: inherit {o: http://localhost:3002/landing-ko-vf, sv: 0.1.3, sdkn: @vercel/analytics/react, sdkv: 1.6.1, ts: 1777531530554} /_vercel/insights/view @ https://va.vercel-scripts.com/v1/script.debug.js:0
[  672250ms] [INFO] %cDownload the React DevTools for a better development experience: https://reactjs.org/link/react-devtools font-weight:bold @ webpack-internal:///./node_modules/react-dom/cjs/react-dom.development.js:29889
[  672297ms] [LOG] [HMR] connected @ webpack-internal:///./node_modules/next/dist/client/dev/error-overlay/websocket.js:45
[  672330ms] [ERROR] Failed to load resource: the server responded with a status of 404 (Not Found) @ http://localhost:3002/_next/static/webpack/94d8359e3a18fee8.webpack.hot-update.json:0
[  672333ms] [LOG] %c[Vercel Web Analytics]%c Debug mode is enabled by default in development. No requests will be sent to the server. color: rgb(120, 120, 120) color: inherit @ https://va.vercel-scripts.com/v1/script.debug.js:0
[  672333ms] [LOG] %c[Vercel Web Analytics]%c [view] http://localhost:3002/landing-ko-vf color: rgb(120, 120, 120) color: inherit {o: http://localhost:3002/landing-ko-vf, sv: 0.1.3, sdkn: @vercel/analytics/react, sdkv: 1.6.1, ts: 1777531530927} /_vercel/insights/view @ https://va.vercel-scripts.com/v1/script.debug.js:0
[  672540ms] [INFO] %cDownload the React DevTools for a better development experience: https://reactjs.org/link/react-devtools font-weight:bold @ webpack-internal:///./node_modules/react-dom/cjs/react-dom.development.js:29889
[  672591ms] [LOG] [HMR] connected @ webpack-internal:///./node_modules/next/dist/client/dev/error-overlay/websocket.js:45
[  672633ms] [LOG] %c[Vercel Web Analytics]%c Debug mode is enabled by default in development. No requests will be sent to the server. color: rgb(120, 120, 120) color: inherit @ https://va.vercel-scripts.com/v1/script.debug.js:0
[  672634ms] [LOG] %c[Vercel Web Analytics]%c [view] http://localhost:3002/landing-ko-vf color: rgb(120, 120, 120) color: inherit {o: http://localhost:3002/landing-ko-vf, sv: 0.1.3, sdkn: @vercel/analytics/react, sdkv: 1.6.1, ts: 1777531531227} /_vercel/insights/view @ https://va.vercel-scripts.com/v1/script.debug.js:0
[  672682ms] [ERROR] Failed to load resource: the server responded with a status of 404 (Not Found) @ http://localhost:3002/_next/static/webpack/94d8359e3a18fee8.webpack.hot-update.json:0
[  672952ms] [INFO] %cDownload the React DevTools for a better development experience: https://reactjs.org/link/react-devtools font-weight:bold @ webpack-internal:///./node_modules/react-dom/cjs/react-dom.development.js:29889
[  673010ms] [LOG] [HMR] connected @ webpack-internal:///./node_modules/next/dist/client/dev/error-overlay/websocket.js:45
[  673046ms] [ERROR] Failed to load resource: the server responded with a status of 404 (Not Found) @ http://localhost:3002/_next/static/webpack/94d8359e3a18fee8.webpack.hot-update.json:0
[  673052ms] [LOG] %c[Vercel Web Analytics]%c Debug mode is enabled by default in development. No requests will be sent to the server. color: rgb(120, 120, 120) color: inherit @ https://va.vercel-scripts.com/v1/script.debug.js:0
[  673052ms] [LOG] %c[Vercel Web Analytics]%c [view] http://localhost:3002/landing-ko-vf color: rgb(120, 120, 120) color: inherit {o: http://localhost:3002/landing-ko-vf, sv: 0.1.3, sdkn: @vercel/analytics/react, sdkv: 1.6.1, ts: 1777531531646} /_vercel/insights/view @ https://va.vercel-scripts.com/v1/script.debug.js:0
[  673247ms] [INFO] %cDownload the React DevTools for a better development experience: https://reactjs.org/link/react-devtools font-weight:bold @ webpack-internal:///./node_modules/react-dom/cjs/react-dom.development.js:29889
[  673296ms] [LOG] [HMR] connected @ webpack-internal:///./node_modules/next/dist/client/dev/error-overlay/websocket.js:45
[  673329ms] [ERROR] Failed to load resource: the server responded with a status of 404 (Not Found) @ http://localhost:3002/_next/static/webpack/94d8359e3a18fee8.webpack.hot-update.json:0
[  673336ms] [LOG] %c[Vercel Web Analytics]%c Debug mode is enabled by default in development. No requests will be sent to the server. color: rgb(120, 120, 120) color: inherit @ https://va.vercel-scripts.com/v1/script.debug.js:0
[  673336ms] [LOG] %c[Vercel Web Analytics]%c [view] http://localhost:3002/landing-ko-vf color: rgb(120, 120, 120) color: inherit {o: http://localhost:3002/landing-ko-vf, sv: 0.1.3, sdkn: @vercel/analytics/react, sdkv: 1.6.1, ts: 1777531531930} /_vercel/insights/view @ https://va.vercel-scripts.com/v1/script.debug.js:0
[  673656ms] [INFO] %cDownload the React DevTools for a better development experience: https://reactjs.org/link/react-devtools font-weight:bold @ webpack-internal:///./node_modules/react-dom/cjs/react-dom.development.js:29889
[  673709ms] [LOG] [HMR] connected @ webpack-internal:///./node_modules/next/dist/client/dev/error-overlay/websocket.js:45
[  673751ms] [LOG] %c[Vercel Web Analytics]%c Debug mode is enabled by default in development. No requests will be sent to the server. color: rgb(120, 120, 120) color: inherit @ https://va.vercel-scripts.com/v1/script.debug.js:0
[  673751ms] [LOG] %c[Vercel Web Analytics]%c [view] http://localhost:3002/landing-ko-vf color: rgb(120, 120, 120) color: inherit {o: http://localhost:3002/landing-ko-vf, sv: 0.1.3, sdkn: @vercel/analytics/react, sdkv: 1.6.1, ts: 1777531532344} /_vercel/insights/view @ https://va.vercel-scripts.com/v1/script.debug.js:0
[  673836ms] [ERROR] Failed to load resource: the server responded with a status of 404 (Not Found) @ http://localhost:3002/_next/static/webpack/94d8359e3a18fee8.webpack.hot-update.json:0
[  674068ms] [INFO] %cDownload the React DevTools for a better development experience: https://reactjs.org/link/react-devtools font-weight:bold @ webpack-internal:///./node_modules/react-dom/cjs/react-dom.development.js:29889
[  674143ms] [LOG] [HMR] connected @ webpack-internal:///./node_modules/next/dist/client/dev/error-overlay/websocket.js:45
[  674179ms] [ERROR] Failed to load resource: the server responded with a status of 404 (Not Found) @ http://localhost:3002/_next/static/webpack/94d8359e3a18fee8.webpack.hot-update.json:0
[  674190ms] [LOG] %c[Vercel Web Analytics]%c Debug mode is enabled by default in development. No requests will be sent to the server. color: rgb(120, 120, 120) color: inherit @ https://va.vercel-scripts.com/v1/script.debug.js:0
[  674190ms] [LOG] %c[Vercel Web Analytics]%c [view] http://localhost:3002/landing-ko-vf color: rgb(120, 120, 120) color: inherit {o: http://localhost:3002/landing-ko-vf, sv: 0.1.3, sdkn: @vercel/analytics/react, sdkv: 1.6.1, ts: 1777531532783} /_vercel/insights/view @ https://va.vercel-scripts.com/v1/script.debug.js:0
[  674574ms] [INFO] %cDownload the React DevTools for a better development experience: https://reactjs.org/link/react-devtools font-weight:bold @ webpack-internal:///./node_modules/react-dom/cjs/react-dom.development.js:29889
[  674628ms] [LOG] [HMR] connected @ webpack-internal:///./node_modules/next/dist/client/dev/error-overlay/websocket.js:45
[  674671ms] [LOG] %c[Vercel Web Analytics]%c Debug mode is enabled by default in development. No requests will be sent to the server. color: rgb(120, 120, 120) color: inherit @ https://va.vercel-scripts.com/v1/script.debug.js:0
[  674672ms] [LOG] %c[Vercel Web Analytics]%c [view] http://localhost:3002/landing-ko-vf color: rgb(120, 120, 120) color: inherit {o: http://localhost:3002/landing-ko-vf, sv: 0.1.3, sdkn: @vercel/analytics/react, sdkv: 1.6.1, ts: 1777531533265} /_vercel/insights/view @ https://va.vercel-scripts.com/v1/script.debug.js:0
[  674672ms] [ERROR] Failed to load resource: the server responded with a status of 404 (Not Found) @ http://localhost:3002/_next/static/webpack/94d8359e3a18fee8.webpack.hot-update.json:0
[  674890ms] [INFO] %cDownload the React DevTools for a better development experience: https://reactjs.org/link/react-devtools font-weight:bold @ webpack-internal:///./node_modules/react-dom/cjs/react-dom.development.js:29889
[  674942ms] [LOG] [HMR] connected @ webpack-internal:///./node_modules/next/dist/client/dev/error-overlay/websocket.js:45
[  674975ms] [ERROR] Failed to load resource: the server responded with a status of 404 (Not Found) @ http://localhost:3002/_next/static/webpack/94d8359e3a18fee8.webpack.hot-update.json:0
[  674987ms] [LOG] %c[Vercel Web Analytics]%c Debug mode is enabled by default in development. No requests will be sent to the server. color: rgb(120, 120, 120) color: inherit @ https://va.vercel-scripts.com/v1/script.debug.js:0
[  674987ms] [LOG] %c[Vercel Web Analytics]%c [view] http://localhost:3002/landing-ko-vf color: rgb(120, 120, 120) color: inherit {o: http://localhost:3002/landing-ko-vf, sv: 0.1.3, sdkn: @vercel/analytics/react, sdkv: 1.6.1, ts: 1777531533581} /_vercel/insights/view @ https://va.vercel-scripts.com/v1/script.debug.js:0
[  675404ms] [INFO] %cDownload the React DevTools for a better development experience: https://reactjs.org/link/react-devtools font-weight:bold @ webpack-internal:///./node_modules/react-dom/cjs/react-dom.development.js:29889
[  675477ms] [LOG] [HMR] connected @ webpack-internal:///./node_modules/next/dist/client/dev/error-overlay/websocket.js:45
[  675507ms] [ERROR] Failed to load resource: the server responded with a status of 404 (Not Found) @ http://localhost:3002/_next/static/webpack/94d8359e3a18fee8.webpack.hot-update.json:0
[  675522ms] [LOG] %c[Vercel Web Analytics]%c Debug mode is enabled by default in development. No requests will be sent to the server. color: rgb(120, 120, 120) color: inherit @ https://va.vercel-scripts.com/v1/script.debug.js:0
[  675522ms] [LOG] %c[Vercel Web Analytics]%c [view] http://localhost:3002/landing-ko-vf color: rgb(120, 120, 120) color: inherit {o: http://localhost:3002/landing-ko-vf, sv: 0.1.3, sdkn: @vercel/analytics/react, sdkv: 1.6.1, ts: 1777531534115} /_vercel/insights/view @ https://va.vercel-scripts.com/v1/script.debug.js:0
[  675767ms] [INFO] %cDownload the React DevTools for a better development experience: https://reactjs.org/link/react-devtools font-weight:bold @ webpack-internal:///./node_modules/react-dom/cjs/react-dom.development.js:29889
[  675818ms] [LOG] [HMR] connected @ webpack-internal:///./node_modules/next/dist/client/dev/error-overlay/websocket.js:45
[  675848ms] [ERROR] Failed to load resource: the server responded with a status of 404 (Not Found) @ http://localhost:3002/_next/static/webpack/94d8359e3a18fee8.webpack.hot-update.json:0
[  675859ms] [LOG] %c[Vercel Web Analytics]%c Debug mode is enabled by default in development. No requests will be sent to the server. color: rgb(120, 120, 120) color: inherit @ https://va.vercel-scripts.com/v1/script.debug.js:0
[  675860ms] [LOG] %c[Vercel Web Analytics]%c [view] http://localhost:3002/landing-ko-vf color: rgb(120, 120, 120) color: inherit {o: http://localhost:3002/landing-ko-vf, sv: 0.1.3, sdkn: @vercel/analytics/react, sdkv: 1.6.1, ts: 1777531534453} /_vercel/insights/view @ https://va.vercel-scripts.com/v1/script.debug.js:0
[  676858ms] [INFO] %cDownload the React DevTools for a better development experience: https://reactjs.org/link/react-devtools font-weight:bold @ webpack-internal:///./node_modules/react-dom/cjs/react-dom.development.js:29889
[  676983ms] [LOG] [HMR] connected @ webpack-internal:///./node_modules/next/dist/client/dev/error-overlay/websocket.js:45
[  677064ms] [LOG] %c[Vercel Web Analytics]%c Debug mode is enabled by default in development. No requests will be sent to the server. color: rgb(120, 120, 120) color: inherit @ https://va.vercel-scripts.com/v1/script.debug.js:0
[  677064ms] [LOG] %c[Vercel Web Analytics]%c [view] http://localhost:3002/landing-ko-vf color: rgb(120, 120, 120) color: inherit {o: http://localhost:3002/landing-ko-vf, sv: 0.1.3, sdkn: @vercel/analytics/react, sdkv: 1.6.1, ts: 1777531535657} /_vercel/insights/view @ https://va.vercel-scripts.com/v1/script.debug.js:0
[  677126ms] [ERROR] Failed to load resource: the server responded with a status of 404 (Not Found) @ http://localhost:3002/_next/static/webpack/94d8359e3a18fee8.webpack.hot-update.json:0
[  677454ms] [INFO] %cDownload the React DevTools for a better development experience: https://reactjs.org/link/react-devtools font-weight:bold @ webpack-internal:///./node_modules/react-dom/cjs/react-dom.development.js:29889
[  677541ms] [LOG] [HMR] connected @ webpack-internal:///./node_modules/next/dist/client/dev/error-overlay/websocket.js:45
[  677577ms] [ERROR] Failed to load resource: the server responded with a status of 404 (Not Found) @ http://localhost:3002/_next/static/webpack/94d8359e3a18fee8.webpack.hot-update.json:0
[  677592ms] [LOG] %c[Vercel Web Analytics]%c Debug mode is enabled by default in development. No requests will be sent to the server. color: rgb(120, 120, 120) color: inherit @ https://va.vercel-scripts.com/v1/script.debug.js:0
[  677592ms] [LOG] %c[Vercel Web Analytics]%c [view] http://localhost:3002/landing-ko-vf color: rgb(120, 120, 120) color: inherit {o: http://localhost:3002/landing-ko-vf, sv: 0.1.3, sdkn: @vercel/analytics/react, sdkv: 1.6.1, ts: 1777531536186} /_vercel/insights/view @ https://va.vercel-scripts.com/v1/script.debug.js:0
[  678111ms] [INFO] %cDownload the React DevTools for a better development experience: https://reactjs.org/link/react-devtools font-weight:bold @ webpack-internal:///./node_modules/react-dom/cjs/react-dom.development.js:29889
[  678166ms] [LOG] [HMR] connected @ webpack-internal:///./node_modules/next/dist/client/dev/error-overlay/websocket.js:45
[  678202ms] [LOG] %c[Vercel Web Analytics]%c Debug mode is enabled by default in development. No requests will be sent to the server. color: rgb(120, 120, 120) color: inherit @ https://va.vercel-scripts.com/v1/script.debug.js:0
[  678203ms] [LOG] %c[Vercel Web Analytics]%c [view] http://localhost:3002/landing-ko-vf color: rgb(120, 120, 120) color: inherit {o: http://localhost:3002/landing-ko-vf, sv: 0.1.3, sdkn: @vercel/analytics/react, sdkv: 1.6.1, ts: 1777531536796} /_vercel/insights/view @ https://va.vercel-scripts.com/v1/script.debug.js:0
[  678203ms] [ERROR] Failed to load resource: the server responded with a status of 404 (Not Found) @ http://localhost:3002/_next/static/webpack/94d8359e3a18fee8.webpack.hot-update.json:0
[  678428ms] [INFO] %cDownload the React DevTools for a better development experience: https://reactjs.org/link/react-devtools font-weight:bold @ webpack-internal:///./node_modules/react-dom/cjs/react-dom.development.js:29889
[  678494ms] [LOG] [HMR] connected @ webpack-internal:///./node_modules/next/dist/client/dev/error-overlay/websocket.js:45
[  678619ms] [LOG] %c[Vercel Web Analytics]%c Debug mode is enabled by default in development. No requests will be sent to the server. color: rgb(120, 120, 120) color: inherit @ https://va.vercel-scripts.com/v1/script.debug.js:0
[  678619ms] [LOG] %c[Vercel Web Analytics]%c [view] http://localhost:3002/landing-ko-vf color: rgb(120, 120, 120) color: inherit {o: http://localhost:3002/landing-ko-vf, sv: 0.1.3, sdkn: @vercel/analytics/react, sdkv: 1.6.1, ts: 1777531537212} /_vercel/insights/view @ https://va.vercel-scripts.com/v1/script.debug.js:0
[  678778ms] [ERROR] Failed to load resource: the server responded with a status of 404 (Not Found) @ http://localhost:3002/_next/static/webpack/94d8359e3a18fee8.webpack.hot-update.json:0
[  679025ms] [INFO] %cDownload the React DevTools for a better development experience: https://reactjs.org/link/react-devtools font-weight:bold @ webpack-internal:///./node_modules/react-dom/cjs/react-dom.development.js:29889
[  679098ms] [LOG] [HMR] connected @ webpack-internal:///./node_modules/next/dist/client/dev/error-overlay/websocket.js:45
[  679130ms] [ERROR] Failed to load resource: the server responded with a status of 404 (Not Found) @ http://localhost:3002/_next/static/webpack/94d8359e3a18fee8.webpack.hot-update.json:0
[  679142ms] [LOG] %c[Vercel Web Analytics]%c Debug mode is enabled by default in development. No requests will be sent to the server. color: rgb(120, 120, 120) color: inherit @ https://va.vercel-scripts.com/v1/script.debug.js:0
[  679142ms] [LOG] %c[Vercel Web Analytics]%c [view] http://localhost:3002/landing-ko-vf color: rgb(120, 120, 120) color: inherit {o: http://localhost:3002/landing-ko-vf, sv: 0.1.3, sdkn: @vercel/analytics/react, sdkv: 1.6.1, ts: 1777531537735} /_vercel/insights/view @ https://va.vercel-scripts.com/v1/script.debug.js:0
[  679439ms] [INFO] %cDownload the React DevTools for a better development experience: https://reactjs.org/link/react-devtools font-weight:bold @ webpack-internal:///./node_modules/react-dom/cjs/react-dom.development.js:29889
[  679491ms] [LOG] [HMR] connected @ webpack-internal:///./node_modules/next/dist/client/dev/error-overlay/websocket.js:45
[  679528ms] [ERROR] Failed to load resource: the server responded with a status of 404 (Not Found) @ http://localhost:3002/_next/static/webpack/94d8359e3a18fee8.webpack.hot-update.json:0
[  679534ms] [LOG] %c[Vercel Web Analytics]%c Debug mode is enabled by default in development. No requests will be sent to the server. color: rgb(120, 120, 120) color: inherit @ https://va.vercel-scripts.com/v1/script.debug.js:0
[  679535ms] [LOG] %c[Vercel Web Analytics]%c [view] http://localhost:3002/landing-ko-vf color: rgb(120, 120, 120) color: inherit {o: http://localhost:3002/landing-ko-vf, sv: 0.1.3, sdkn: @vercel/analytics/react, sdkv: 1.6.1, ts: 1777531538128} /_vercel/insights/view @ https://va.vercel-scripts.com/v1/script.debug.js:0
[  679794ms] [INFO] %cDownload the React DevTools for a better development experience: https://reactjs.org/link/react-devtools font-weight:bold @ webpack-internal:///./node_modules/react-dom/cjs/react-dom.development.js:29889
[  679846ms] [LOG] [HMR] connected @ webpack-internal:///./node_modules/next/dist/client/dev/error-overlay/websocket.js:45
[  679887ms] [LOG] %c[Vercel Web Analytics]%c Debug mode is enabled by default in development. No requests will be sent to the server. color: rgb(120, 120, 120) color: inherit @ https://va.vercel-scripts.com/v1/script.debug.js:0
[  679887ms] [LOG] %c[Vercel Web Analytics]%c [view] http://localhost:3002/landing-ko-vf color: rgb(120, 120, 120) color: inherit {o: http://localhost:3002/landing-ko-vf, sv: 0.1.3, sdkn: @vercel/analytics/react, sdkv: 1.6.1, ts: 1777531538481} /_vercel/insights/view @ https://va.vercel-scripts.com/v1/script.debug.js:0
[  679907ms] [ERROR] Failed to load resource: the server responded with a status of 404 (Not Found) @ http://localhost:3002/_next/static/webpack/94d8359e3a18fee8.webpack.hot-update.json:0
[  680173ms] [INFO] %cDownload the React DevTools for a better development experience: https://reactjs.org/link/react-devtools font-weight:bold @ webpack-internal:///./node_modules/react-dom/cjs/react-dom.development.js:29889
[  680225ms] [LOG] [HMR] connected @ webpack-internal:///./node_modules/next/dist/client/dev/error-overlay/websocket.js:45
[  680257ms] [ERROR] Failed to load resource: the server responded with a status of 404 (Not Found) @ http://localhost:3002/_next/static/webpack/94d8359e3a18fee8.webpack.hot-update.json:0
[  680269ms] [LOG] %c[Vercel Web Analytics]%c Debug mode is enabled by default in development. No requests will be sent to the server. color: rgb(120, 120, 120) color: inherit @ https://va.vercel-scripts.com/v1/script.debug.js:0
[  680269ms] [LOG] %c[Vercel Web Analytics]%c [view] http://localhost:3002/landing-ko-vf color: rgb(120, 120, 120) color: inherit {o: http://localhost:3002/landing-ko-vf, sv: 0.1.3, sdkn: @vercel/analytics/react, sdkv: 1.6.1, ts: 1777531538862} /_vercel/insights/view @ https://va.vercel-scripts.com/v1/script.debug.js:0
[  680514ms] [INFO] %cDownload the React DevTools for a better development experience: https://reactjs.org/link/react-devtools font-weight:bold @ webpack-internal:///./node_modules/react-dom/cjs/react-dom.development.js:29889
[  680565ms] [LOG] [HMR] connected @ webpack-internal:///./node_modules/next/dist/client/dev/error-overlay/websocket.js:45
[  680596ms] [ERROR] Failed to load resource: the server responded with a status of 404 (Not Found) @ http://localhost:3002/_next/static/webpack/94d8359e3a18fee8.webpack.hot-update.json:0
[  680608ms] [LOG] %c[Vercel Web Analytics]%c Debug mode is enabled by default in development. No requests will be sent to the server. color: rgb(120, 120, 120) color: inherit @ https://va.vercel-scripts.com/v1/script.debug.js:0
[  680608ms] [LOG] %c[Vercel Web Analytics]%c [view] http://localhost:3002/landing-ko-vf color: rgb(120, 120, 120) color: inherit {o: http://localhost:3002/landing-ko-vf, sv: 0.1.3, sdkn: @vercel/analytics/react, sdkv: 1.6.1, ts: 1777531539201} /_vercel/insights/view @ https://va.vercel-scripts.com/v1/script.debug.js:0
[  680819ms] [INFO] %cDownload the React DevTools for a better development experience: https://reactjs.org/link/react-devtools font-weight:bold @ webpack-internal:///./node_modules/react-dom/cjs/react-dom.development.js:29889
[  680868ms] [LOG] [HMR] connected @ webpack-internal:///./node_modules/next/dist/client/dev/error-overlay/websocket.js:45
[  680942ms] [LOG] %c[Vercel Web Analytics]%c Debug mode is enabled by default in development. No requests will be sent to the server. color: rgb(120, 120, 120) color: inherit @ https://va.vercel-scripts.com/v1/script.debug.js:0
[  680942ms] [LOG] %c[Vercel Web Analytics]%c [view] http://localhost:3002/landing-ko-vf color: rgb(120, 120, 120) color: inherit {o: http://localhost:3002/landing-ko-vf, sv: 0.1.3, sdkn: @vercel/analytics/react, sdkv: 1.6.1, ts: 1777531539535} /_vercel/insights/view @ https://va.vercel-scripts.com/v1/script.debug.js:0
[  681031ms] [ERROR] Failed to load resource: the server responded with a status of 404 (Not Found) @ http://localhost:3002/_next/static/webpack/94d8359e3a18fee8.webpack.hot-update.json:0
[  681341ms] [INFO] %cDownload the React DevTools for a better development experience: https://reactjs.org/link/react-devtools font-weight:bold @ webpack-internal:///./node_modules/react-dom/cjs/react-dom.development.js:29889
[  681399ms] [LOG] [HMR] connected @ webpack-internal:///./node_modules/next/dist/client/dev/error-overlay/websocket.js:45
[  681432ms] [ERROR] Failed to load resource: the server responded with a status of 404 (Not Found) @ http://localhost:3002/_next/static/webpack/94d8359e3a18fee8.webpack.hot-update.json:0
[  681444ms] [LOG] %c[Vercel Web Analytics]%c Debug mode is enabled by default in development. No requests will be sent to the server. color: rgb(120, 120, 120) color: inherit @ https://va.vercel-scripts.com/v1/script.debug.js:0
[  681444ms] [LOG] %c[Vercel Web Analytics]%c [view] http://localhost:3002/landing-ko-vf color: rgb(120, 120, 120) color: inherit {o: http://localhost:3002/landing-ko-vf, sv: 0.1.3, sdkn: @vercel/analytics/react, sdkv: 1.6.1, ts: 1777531540037} /_vercel/insights/view @ https://va.vercel-scripts.com/v1/script.debug.js:0
[  681652ms] [INFO] %cDownload the React DevTools for a better development experience: https://reactjs.org/link/react-devtools font-weight:bold @ webpack-internal:///./node_modules/react-dom/cjs/react-dom.development.js:29889
[  681703ms] [LOG] [HMR] connected @ webpack-internal:///./node_modules/next/dist/client/dev/error-overlay/websocket.js:45
[  681748ms] [LOG] %c[Vercel Web Analytics]%c Debug mode is enabled by default in development. No requests will be sent to the server. color: rgb(120, 120, 120) color: inherit @ https://va.vercel-scripts.com/v1/script.debug.js:0
[  681748ms] [LOG] %c[Vercel Web Analytics]%c [view] http://localhost:3002/landing-ko-vf color: rgb(120, 120, 120) color: inherit {o: http://localhost:3002/landing-ko-vf, sv: 0.1.3, sdkn: @vercel/analytics/react, sdkv: 1.6.1, ts: 1777531540341} /_vercel/insights/view @ https://va.vercel-scripts.com/v1/script.debug.js:0
[  681790ms] [ERROR] Failed to load resource: the server responded with a status of 404 (Not Found) @ http://localhost:3002/_next/static/webpack/94d8359e3a18fee8.webpack.hot-update.json:0
[  682049ms] [INFO] %cDownload the React DevTools for a better development experience: https://reactjs.org/link/react-devtools font-weight:bold @ webpack-internal:///./node_modules/react-dom/cjs/react-dom.development.js:29889
[  682098ms] [LOG] [HMR] connected @ webpack-internal:///./node_modules/next/dist/client/dev/error-overlay/websocket.js:45
[  682131ms] [ERROR] Failed to load resource: the server responded with a status of 404 (Not Found) @ http://localhost:3002/_next/static/webpack/94d8359e3a18fee8.webpack.hot-update.json:0
[  682141ms] [LOG] %c[Vercel Web Analytics]%c Debug mode is enabled by default in development. No requests will be sent to the server. color: rgb(120, 120, 120) color: inherit @ https://va.vercel-scripts.com/v1/script.debug.js:0
[  682141ms] [LOG] %c[Vercel Web Analytics]%c [view] http://localhost:3002/landing-ko-vf color: rgb(120, 120, 120) color: inherit {o: http://localhost:3002/landing-ko-vf, sv: 0.1.3, sdkn: @vercel/analytics/react, sdkv: 1.6.1, ts: 1777531540735} /_vercel/insights/view @ https://va.vercel-scripts.com/v1/script.debug.js:0
[  682538ms] [INFO] %cDownload the React DevTools for a better development experience: https://reactjs.org/link/react-devtools font-weight:bold @ webpack-internal:///./node_modules/react-dom/cjs/react-dom.development.js:29889
[  682613ms] [LOG] [HMR] connected @ webpack-internal:///./node_modules/next/dist/client/dev/error-overlay/websocket.js:45
[  682651ms] [LOG] %c[Vercel Web Analytics]%c Debug mode is enabled by default in development. No requests will be sent to the server. color: rgb(120, 120, 120) color: inherit @ https://va.vercel-scripts.com/v1/script.debug.js:0
[  682651ms] [LOG] %c[Vercel Web Analytics]%c [view] http://localhost:3002/landing-ko-vf color: rgb(120, 120, 120) color: inherit {o: http://localhost:3002/landing-ko-vf, sv: 0.1.3, sdkn: @vercel/analytics/react, sdkv: 1.6.1, ts: 1777531541245} /_vercel/insights/view @ https://va.vercel-scripts.com/v1/script.debug.js:0
[  682652ms] [ERROR] Failed to load resource: the server responded with a status of 404 (Not Found) @ http://localhost:3002/_next/static/webpack/94d8359e3a18fee8.webpack.hot-update.json:0
[  682878ms] [INFO] %cDownload the React DevTools for a better development experience: https://reactjs.org/link/react-devtools font-weight:bold @ webpack-internal:///./node_modules/react-dom/cjs/react-dom.development.js:29889
[  682943ms] [LOG] [HMR] connected @ webpack-internal:///./node_modules/next/dist/client/dev/error-overlay/websocket.js:45
[  682979ms] [ERROR] Failed to load resource: the server responded with a status of 404 (Not Found) @ http://localhost:3002/_next/static/webpack/94d8359e3a18fee8.webpack.hot-update.json:0
[  682992ms] [LOG] %c[Vercel Web Analytics]%c Debug mode is enabled by default in development. No requests will be sent to the server. color: rgb(120, 120, 120) color: inherit @ https://va.vercel-scripts.com/v1/script.debug.js:0
[  682992ms] [LOG] %c[Vercel Web Analytics]%c [view] http://localhost:3002/landing-ko-vf color: rgb(120, 120, 120) color: inherit {o: http://localhost:3002/landing-ko-vf, sv: 0.1.3, sdkn: @vercel/analytics/react, sdkv: 1.6.1, ts: 1777531541586} /_vercel/insights/view @ https://va.vercel-scripts.com/v1/script.debug.js:0
[  683280ms] [INFO] %cDownload the React DevTools for a better development experience: https://reactjs.org/link/react-devtools font-weight:bold @ webpack-internal:///./node_modules/react-dom/cjs/react-dom.development.js:29889
[  683331ms] [LOG] [HMR] connected @ webpack-internal:///./node_modules/next/dist/client/dev/error-overlay/websocket.js:45
[  683366ms] [ERROR] Failed to load resource: the server responded with a status of 404 (Not Found) @ http://localhost:3002/_next/static/webpack/94d8359e3a18fee8.webpack.hot-update.json:0
[  683377ms] [LOG] %c[Vercel Web Analytics]%c Debug mode is enabled by default in development. No requests will be sent to the server. color: rgb(120, 120, 120) color: inherit @ https://va.vercel-scripts.com/v1/script.debug.js:0
[  683377ms] [LOG] %c[Vercel Web Analytics]%c [view] http://localhost:3002/landing-ko-vf color: rgb(120, 120, 120) color: inherit {o: http://localhost:3002/landing-ko-vf, sv: 0.1.3, sdkn: @vercel/analytics/react, sdkv: 1.6.1, ts: 1777531541971} /_vercel/insights/view @ https://va.vercel-scripts.com/v1/script.debug.js:0
[  683772ms] [INFO] %cDownload the React DevTools for a better development experience: https://reactjs.org/link/react-devtools font-weight:bold @ webpack-internal:///./node_modules/react-dom/cjs/react-dom.development.js:29889
[  683831ms] [LOG] [HMR] connected @ webpack-internal:///./node_modules/next/dist/client/dev/error-overlay/websocket.js:45
[  683995ms] [LOG] %c[Vercel Web Analytics]%c Debug mode is enabled by default in development. No requests will be sent to the server. color: rgb(120, 120, 120) color: inherit @ https://va.vercel-scripts.com/v1/script.debug.js:0
[  683995ms] [LOG] %c[Vercel Web Analytics]%c [view] http://localhost:3002/landing-ko-vf color: rgb(120, 120, 120) color: inherit {o: http://localhost:3002/landing-ko-vf, sv: 0.1.3, sdkn: @vercel/analytics/react, sdkv: 1.6.1, ts: 1777531542589} /_vercel/insights/view @ https://va.vercel-scripts.com/v1/script.debug.js:0
[  684032ms] [ERROR] Failed to load resource: the server responded with a status of 404 (Not Found) @ http://localhost:3002/_next/static/webpack/94d8359e3a18fee8.webpack.hot-update.json:0
[  684262ms] [INFO] %cDownload the React DevTools for a better development experience: https://reactjs.org/link/react-devtools font-weight:bold @ webpack-internal:///./node_modules/react-dom/cjs/react-dom.development.js:29889
[  684317ms] [LOG] [HMR] connected @ webpack-internal:///./node_modules/next/dist/client/dev/error-overlay/websocket.js:45
[  684348ms] [ERROR] Failed to load resource: the server responded with a status of 404 (Not Found) @ http://localhost:3002/_next/static/webpack/94d8359e3a18fee8.webpack.hot-update.json:0
[  684359ms] [LOG] %c[Vercel Web Analytics]%c Debug mode is enabled by default in development. No requests will be sent to the server. color: rgb(120, 120, 120) color: inherit @ https://va.vercel-scripts.com/v1/script.debug.js:0
[  684359ms] [LOG] %c[Vercel Web Analytics]%c [view] http://localhost:3002/landing-ko-vf color: rgb(120, 120, 120) color: inherit {o: http://localhost:3002/landing-ko-vf, sv: 0.1.3, sdkn: @vercel/analytics/react, sdkv: 1.6.1, ts: 1777531542953} /_vercel/insights/view @ https://va.vercel-scripts.com/v1/script.debug.js:0
[  684607ms] [INFO] %cDownload the React DevTools for a better development experience: https://reactjs.org/link/react-devtools font-weight:bold @ webpack-internal:///./node_modules/react-dom/cjs/react-dom.development.js:29889
[  684662ms] [LOG] [HMR] connected @ webpack-internal:///./node_modules/next/dist/client/dev/error-overlay/websocket.js:45
[  684699ms] [ERROR] Failed to load resource: the server responded with a status of 404 (Not Found) @ http://localhost:3002/_next/static/webpack/94d8359e3a18fee8.webpack.hot-update.json:0
[  684713ms] [LOG] %c[Vercel Web Analytics]%c Debug mode is enabled by default in development. No requests will be sent to the server. color: rgb(120, 120, 120) color: inherit @ https://va.vercel-scripts.com/v1/script.debug.js:0
[  684713ms] [LOG] %c[Vercel Web Analytics]%c [view] http://localhost:3002/landing-ko-vf color: rgb(120, 120, 120) color: inherit {o: http://localhost:3002/landing-ko-vf, sv: 0.1.3, sdkn: @vercel/analytics/react, sdkv: 1.6.1, ts: 1777531543306} /_vercel/insights/view @ https://va.vercel-scripts.com/v1/script.debug.js:0
[  684978ms] [INFO] %cDownload the React DevTools for a better development experience: https://reactjs.org/link/react-devtools font-weight:bold @ webpack-internal:///./node_modules/react-dom/cjs/react-dom.development.js:29889
[  685053ms] [LOG] [HMR] connected @ webpack-internal:///./node_modules/next/dist/client/dev/error-overlay/websocket.js:45
[  685088ms] [ERROR] Failed to load resource: the server responded with a status of 404 (Not Found) @ http://localhost:3002/_next/static/webpack/94d8359e3a18fee8.webpack.hot-update.json:0
[  685094ms] [LOG] %c[Vercel Web Analytics]%c Debug mode is enabled by default in development. No requests will be sent to the server. color: rgb(120, 120, 120) color: inherit @ https://va.vercel-scripts.com/v1/script.debug.js:0
[  685094ms] [LOG] %c[Vercel Web Analytics]%c [view] http://localhost:3002/landing-ko-vf color: rgb(120, 120, 120) color: inherit {o: http://localhost:3002/landing-ko-vf, sv: 0.1.3, sdkn: @vercel/analytics/react, sdkv: 1.6.1, ts: 1777531543688} /_vercel/insights/view @ https://va.vercel-scripts.com/v1/script.debug.js:0
[  685387ms] [INFO] %cDownload the React DevTools for a better development experience: https://reactjs.org/link/react-devtools font-weight:bold @ webpack-internal:///./node_modules/react-dom/cjs/react-dom.development.js:29889
[  685436ms] [LOG] [HMR] connected @ webpack-internal:///./node_modules/next/dist/client/dev/error-overlay/websocket.js:45
[  685465ms] [ERROR] Failed to load resource: the server responded with a status of 404 (Not Found) @ http://localhost:3002/_next/static/webpack/94d8359e3a18fee8.webpack.hot-update.json:0
[  685476ms] [LOG] %c[Vercel Web Analytics]%c Debug mode is enabled by default in development. No requests will be sent to the server. color: rgb(120, 120, 120) color: inherit @ https://va.vercel-scripts.com/v1/script.debug.js:0
[  685476ms] [LOG] %c[Vercel Web Analytics]%c [view] http://localhost:3002/landing-ko-vf color: rgb(120, 120, 120) color: inherit {o: http://localhost:3002/landing-ko-vf, sv: 0.1.3, sdkn: @vercel/analytics/react, sdkv: 1.6.1, ts: 1777531544070} /_vercel/insights/view @ https://va.vercel-scripts.com/v1/script.debug.js:0
[  685705ms] [INFO] %cDownload the React DevTools for a better development experience: https://reactjs.org/link/react-devtools font-weight:bold @ webpack-internal:///./node_modules/react-dom/cjs/react-dom.development.js:29889
[  685757ms] [LOG] [HMR] connected @ webpack-internal:///./node_modules/next/dist/client/dev/error-overlay/websocket.js:45
[  685812ms] [LOG] %c[Vercel Web Analytics]%c Debug mode is enabled by default in development. No requests will be sent to the server. color: rgb(120, 120, 120) color: inherit @ https://va.vercel-scripts.com/v1/script.debug.js:0
[  685812ms] [LOG] %c[Vercel Web Analytics]%c [view] http://localhost:3002/landing-ko-vf color: rgb(120, 120, 120) color: inherit {o: http://localhost:3002/landing-ko-vf, sv: 0.1.3, sdkn: @vercel/analytics/react, sdkv: 1.6.1, ts: 1777531544405} /_vercel/insights/view @ https://va.vercel-scripts.com/v1/script.debug.js:0
[  685840ms] [ERROR] Failed to load resource: the server responded with a status of 404 (Not Found) @ http://localhost:3002/_next/static/webpack/94d8359e3a18fee8.webpack.hot-update.json:0
[  686302ms] [INFO] %cDownload the React DevTools for a better development experience: https://reactjs.org/link/react-devtools font-weight:bold @ webpack-internal:///./node_modules/react-dom/cjs/react-dom.development.js:29889
[  686379ms] [LOG] [HMR] connected @ webpack-internal:///./node_modules/next/dist/client/dev/error-overlay/websocket.js:45
[  686439ms] [LOG] %c[Vercel Web Analytics]%c Debug mode is enabled by default in development. No requests will be sent to the server. color: rgb(120, 120, 120) color: inherit @ https://va.vercel-scripts.com/v1/script.debug.js:0
[  686440ms] [LOG] %c[Vercel Web Analytics]%c [view] http://localhost:3002/landing-ko-vf color: rgb(120, 120, 120) color: inherit {o: http://localhost:3002/landing-ko-vf, sv: 0.1.3, sdkn: @vercel/analytics/react, sdkv: 1.6.1, ts: 1777531545033} /_vercel/insights/view @ https://va.vercel-scripts.com/v1/script.debug.js:0
[  686475ms] [ERROR] Failed to load resource: the server responded with a status of 404 (Not Found) @ http://localhost:3002/_next/static/webpack/94d8359e3a18fee8.webpack.hot-update.json:0
[  686810ms] [INFO] %cDownload the React DevTools for a better development experience: https://reactjs.org/link/react-devtools font-weight:bold @ webpack-internal:///./node_modules/react-dom/cjs/react-dom.development.js:29889
[  686867ms] [LOG] [HMR] connected @ webpack-internal:///./node_modules/next/dist/client/dev/error-overlay/websocket.js:45
[  686899ms] [ERROR] Failed to load resource: the server responded with a status of 404 (Not Found) @ http://localhost:3002/_next/static/webpack/94d8359e3a18fee8.webpack.hot-update.json:0
[  686912ms] [LOG] %c[Vercel Web Analytics]%c Debug mode is enabled by default in development. No requests will be sent to the server. color: rgb(120, 120, 120) color: inherit @ https://va.vercel-scripts.com/v1/script.debug.js:0
[  686912ms] [LOG] %c[Vercel Web Analytics]%c [view] http://localhost:3002/landing-ko-vf color: rgb(120, 120, 120) color: inherit {o: http://localhost:3002/landing-ko-vf, sv: 0.1.3, sdkn: @vercel/analytics/react, sdkv: 1.6.1, ts: 1777531545505} /_vercel/insights/view @ https://va.vercel-scripts.com/v1/script.debug.js:0
[  687171ms] [INFO] %cDownload the React DevTools for a better development experience: https://reactjs.org/link/react-devtools font-weight:bold @ webpack-internal:///./node_modules/react-dom/cjs/react-dom.development.js:29889
[  687223ms] [LOG] [HMR] connected @ webpack-internal:///./node_modules/next/dist/client/dev/error-overlay/websocket.js:45
[  687258ms] [ERROR] Failed to load resource: the server responded with a status of 404 (Not Found) @ http://localhost:3002/_next/static/webpack/94d8359e3a18fee8.webpack.hot-update.json:0
[  687270ms] [LOG] %c[Vercel Web Analytics]%c Debug mode is enabled by default in development. No requests will be sent to the server. color: rgb(120, 120, 120) color: inherit @ https://va.vercel-scripts.com/v1/script.debug.js:0
[  687270ms] [LOG] %c[Vercel Web Analytics]%c [view] http://localhost:3002/landing-ko-vf color: rgb(120, 120, 120) color: inherit {o: http://localhost:3002/landing-ko-vf, sv: 0.1.3, sdkn: @vercel/analytics/react, sdkv: 1.6.1, ts: 1777531545864} /_vercel/insights/view @ https://va.vercel-scripts.com/v1/script.debug.js:0
[  687908ms] [INFO] %cDownload the React DevTools for a better development experience: https://reactjs.org/link/react-devtools font-weight:bold @ webpack-internal:///./node_modules/react-dom/cjs/react-dom.development.js:29889
[  688009ms] [LOG] [HMR] connected @ webpack-internal:///./node_modules/next/dist/client/dev/error-overlay/websocket.js:45
[  688056ms] [LOG] %c[Vercel Web Analytics]%c Debug mode is enabled by default in development. No requests will be sent to the server. color: rgb(120, 120, 120) color: inherit @ https://va.vercel-scripts.com/v1/script.debug.js:0
[  688056ms] [LOG] %c[Vercel Web Analytics]%c [view] http://localhost:3002/landing-ko-vf color: rgb(120, 120, 120) color: inherit {o: http://localhost:3002/landing-ko-vf, sv: 0.1.3, sdkn: @vercel/analytics/react, sdkv: 1.6.1, ts: 1777531546649} /_vercel/insights/view @ https://va.vercel-scripts.com/v1/script.debug.js:0
[  688078ms] [ERROR] Failed to load resource: the server responded with a status of 404 (Not Found) @ http://localhost:3002/_next/static/webpack/94d8359e3a18fee8.webpack.hot-update.json:0
[  688293ms] [INFO] %cDownload the React DevTools for a better development experience: https://reactjs.org/link/react-devtools font-weight:bold @ webpack-internal:///./node_modules/react-dom/cjs/react-dom.development.js:29889
[  688370ms] [LOG] [HMR] connected @ webpack-internal:///./node_modules/next/dist/client/dev/error-overlay/websocket.js:45
[  688404ms] [LOG] %c[Vercel Web Analytics]%c Debug mode is enabled by default in development. No requests will be sent to the server. color: rgb(120, 120, 120) color: inherit @ https://va.vercel-scripts.com/v1/script.debug.js:0
[  688405ms] [LOG] %c[Vercel Web Analytics]%c [view] http://localhost:3002/landing-ko-vf color: rgb(120, 120, 120) color: inherit {o: http://localhost:3002/landing-ko-vf, sv: 0.1.3, sdkn: @vercel/analytics/react, sdkv: 1.6.1, ts: 1777531546998} /_vercel/insights/view @ https://va.vercel-scripts.com/v1/script.debug.js:0
[  688436ms] [ERROR] Failed to load resource: the server responded with a status of 404 (Not Found) @ http://localhost:3002/_next/static/webpack/94d8359e3a18fee8.webpack.hot-update.json:0
[  688649ms] [INFO] %cDownload the React DevTools for a better development experience: https://reactjs.org/link/react-devtools font-weight:bold @ webpack-internal:///./node_modules/react-dom/cjs/react-dom.development.js:29889
[  688704ms] [LOG] [HMR] connected @ webpack-internal:///./node_modules/next/dist/client/dev/error-overlay/websocket.js:45
[  688740ms] [ERROR] Failed to load resource: the server responded with a status of 404 (Not Found) @ http://localhost:3002/_next/static/webpack/94d8359e3a18fee8.webpack.hot-update.json:0
[  688753ms] [LOG] %c[Vercel Web Analytics]%c Debug mode is enabled by default in development. No requests will be sent to the server. color: rgb(120, 120, 120) color: inherit @ https://va.vercel-scripts.com/v1/script.debug.js:0
[  688753ms] [LOG] %c[Vercel Web Analytics]%c [view] http://localhost:3002/landing-ko-vf color: rgb(120, 120, 120) color: inherit {o: http://localhost:3002/landing-ko-vf, sv: 0.1.3, sdkn: @vercel/analytics/react, sdkv: 1.6.1, ts: 1777531547346} /_vercel/insights/view @ https://va.vercel-scripts.com/v1/script.debug.js:0
[  689055ms] [INFO] %cDownload the React DevTools for a better development experience: https://reactjs.org/link/react-devtools font-weight:bold @ webpack-internal:///./node_modules/react-dom/cjs/react-dom.development.js:29889
[  689122ms] [LOG] [HMR] connected @ webpack-internal:///./node_modules/next/dist/client/dev/error-overlay/websocket.js:45
[  689167ms] [LOG] %c[Vercel Web Analytics]%c Debug mode is enabled by default in development. No requests will be sent to the server. color: rgb(120, 120, 120) color: inherit @ https://va.vercel-scripts.com/v1/script.debug.js:0
[  689167ms] [LOG] %c[Vercel Web Analytics]%c [view] http://localhost:3002/landing-ko-vf color: rgb(120, 120, 120) color: inherit {o: http://localhost:3002/landing-ko-vf, sv: 0.1.3, sdkn: @vercel/analytics/react, sdkv: 1.6.1, ts: 1777531547761} /_vercel/insights/view @ https://va.vercel-scripts.com/v1/script.debug.js:0
[  689193ms] [ERROR] Failed to load resource: the server responded with a status of 404 (Not Found) @ http://localhost:3002/_next/static/webpack/94d8359e3a18fee8.webpack.hot-update.json:0
[  689398ms] [INFO] %cDownload the React DevTools for a better development experience: https://reactjs.org/link/react-devtools font-weight:bold @ webpack-internal:///./node_modules/react-dom/cjs/react-dom.development.js:29889
[  689450ms] [LOG] [HMR] connected @ webpack-internal:///./node_modules/next/dist/client/dev/error-overlay/websocket.js:45
[  689484ms] [LOG] %c[Vercel Web Analytics]%c Debug mode is enabled by default in development. No requests will be sent to the server. color: rgb(120, 120, 120) color: inherit @ https://va.vercel-scripts.com/v1/script.debug.js:0
[  689484ms] [LOG] %c[Vercel Web Analytics]%c [view] http://localhost:3002/landing-ko-vf color: rgb(120, 120, 120) color: inherit {o: http://localhost:3002/landing-ko-vf, sv: 0.1.3, sdkn: @vercel/analytics/react, sdkv: 1.6.1, ts: 1777531548078} /_vercel/insights/view @ https://va.vercel-scripts.com/v1/script.debug.js:0
[  689503ms] [ERROR] Failed to load resource: the server responded with a status of 404 (Not Found) @ http://localhost:3002/_next/static/webpack/94d8359e3a18fee8.webpack.hot-update.json:0
[  689875ms] [INFO] %cDownload the React DevTools for a better development experience: https://reactjs.org/link/react-devtools font-weight:bold @ webpack-internal:///./node_modules/react-dom/cjs/react-dom.development.js:29889
[  689952ms] [LOG] [HMR] connected @ webpack-internal:///./node_modules/next/dist/client/dev/error-overlay/websocket.js:45
[  690014ms] [LOG] %c[Vercel Web Analytics]%c Debug mode is enabled by default in development. No requests will be sent to the server. color: rgb(120, 120, 120) color: inherit @ https://va.vercel-scripts.com/v1/script.debug.js:0
[  690014ms] [LOG] %c[Vercel Web Analytics]%c [view] http://localhost:3002/landing-ko-vf color: rgb(120, 120, 120) color: inherit {o: http://localhost:3002/landing-ko-vf, sv: 0.1.3, sdkn: @vercel/analytics/react, sdkv: 1.6.1, ts: 1777531548607} /_vercel/insights/view @ https://va.vercel-scripts.com/v1/script.debug.js:0
[  690017ms] [ERROR] Failed to load resource: the server responded with a status of 404 (Not Found) @ http://localhost:3002/_next/static/webpack/94d8359e3a18fee8.webpack.hot-update.json:0
[  690343ms] [INFO] %cDownload the React DevTools for a better development experience: https://reactjs.org/link/react-devtools font-weight:bold @ webpack-internal:///./node_modules/react-dom/cjs/react-dom.development.js:29889
[  690392ms] [LOG] [HMR] connected @ webpack-internal:///./node_modules/next/dist/client/dev/error-overlay/websocket.js:45
[  690425ms] [LOG] %c[Vercel Web Analytics]%c Debug mode is enabled by default in development. No requests will be sent to the server. color: rgb(120, 120, 120) color: inherit @ https://va.vercel-scripts.com/v1/script.debug.js:0
[  690425ms] [LOG] %c[Vercel Web Analytics]%c [view] http://localhost:3002/landing-ko-vf color: rgb(120, 120, 120) color: inherit {o: http://localhost:3002/landing-ko-vf, sv: 0.1.3, sdkn: @vercel/analytics/react, sdkv: 1.6.1, ts: 1777531549019} /_vercel/insights/view @ https://va.vercel-scripts.com/v1/script.debug.js:0
[  690612ms] [ERROR] Failed to load resource: the server responded with a status of 404 (Not Found) @ http://localhost:3002/_next/static/webpack/94d8359e3a18fee8.webpack.hot-update.json:0
[  690873ms] [INFO] %cDownload the React DevTools for a better development experience: https://reactjs.org/link/react-devtools font-weight:bold @ webpack-internal:///./node_modules/react-dom/cjs/react-dom.development.js:29889
[  690926ms] [LOG] [HMR] connected @ webpack-internal:///./node_modules/next/dist/client/dev/error-overlay/websocket.js:45
[  690964ms] [ERROR] Failed to load resource: the server responded with a status of 404 (Not Found) @ http://localhost:3002/_next/static/webpack/94d8359e3a18fee8.webpack.hot-update.json:0
[  690971ms] [LOG] %c[Vercel Web Analytics]%c Debug mode is enabled by default in development. No requests will be sent to the server. color: rgb(120, 120, 120) color: inherit @ https://va.vercel-scripts.com/v1/script.debug.js:0
[  690971ms] [LOG] %c[Vercel Web Analytics]%c [view] http://localhost:3002/landing-ko-vf color: rgb(120, 120, 120) color: inherit {o: http://localhost:3002/landing-ko-vf, sv: 0.1.3, sdkn: @vercel/analytics/react, sdkv: 1.6.1, ts: 1777531549565} /_vercel/insights/view @ https://va.vercel-scripts.com/v1/script.debug.js:0
[  691206ms] [INFO] %cDownload the React DevTools for a better development experience: https://reactjs.org/link/react-devtools font-weight:bold @ webpack-internal:///./node_modules/react-dom/cjs/react-dom.development.js:29889
[  691288ms] [LOG] [HMR] connected @ webpack-internal:///./node_modules/next/dist/client/dev/error-overlay/websocket.js:45
[  691380ms] [LOG] %c[Vercel Web Analytics]%c Debug mode is enabled by default in development. No requests will be sent to the server. color: rgb(120, 120, 120) color: inherit @ https://va.vercel-scripts.com/v1/script.debug.js:0
[  691380ms] [LOG] %c[Vercel Web Analytics]%c [view] http://localhost:3002/landing-ko-vf color: rgb(120, 120, 120) color: inherit {o: http://localhost:3002/landing-ko-vf, sv: 0.1.3, sdkn: @vercel/analytics/react, sdkv: 1.6.1, ts: 1777531549974} /_vercel/insights/view @ https://va.vercel-scripts.com/v1/script.debug.js:0
[  691403ms] [ERROR] Failed to load resource: the server responded with a status of 404 (Not Found) @ http://localhost:3002/_next/static/webpack/94d8359e3a18fee8.webpack.hot-update.json:0
[  691646ms] [INFO] %cDownload the React DevTools for a better development experience: https://reactjs.org/link/react-devtools font-weight:bold @ webpack-internal:///./node_modules/react-dom/cjs/react-dom.development.js:29889
[  691713ms] [LOG] [HMR] connected @ webpack-internal:///./node_modules/next/dist/client/dev/error-overlay/websocket.js:45
[  691786ms] [LOG] %c[Vercel Web Analytics]%c Debug mode is enabled by default in development. No requests will be sent to the server. color: rgb(120, 120, 120) color: inherit @ https://va.vercel-scripts.com/v1/script.debug.js:0
[  691786ms] [LOG] %c[Vercel Web Analytics]%c [view] http://localhost:3002/landing-ko-vf color: rgb(120, 120, 120) color: inherit {o: http://localhost:3002/landing-ko-vf, sv: 0.1.3, sdkn: @vercel/analytics/react, sdkv: 1.6.1, ts: 1777531550380} /_vercel/insights/view @ https://va.vercel-scripts.com/v1/script.debug.js:0
[  691807ms] [ERROR] Failed to load resource: the server responded with a status of 404 (Not Found) @ http://localhost:3002/_next/static/webpack/94d8359e3a18fee8.webpack.hot-update.json:0
[  692007ms] [INFO] %cDownload the React DevTools for a better development experience: https://reactjs.org/link/react-devtools font-weight:bold @ webpack-internal:///./node_modules/react-dom/cjs/react-dom.development.js:29889
[  692071ms] [LOG] [HMR] connected @ webpack-internal:///./node_modules/next/dist/client/dev/error-overlay/websocket.js:45
[  692193ms] [LOG] %c[Vercel Web Analytics]%c Debug mode is enabled by default in development. No requests will be sent to the server. color: rgb(120, 120, 120) color: inherit @ https://va.vercel-scripts.com/v1/script.debug.js:0
[  692194ms] [LOG] %c[Vercel Web Analytics]%c [view] http://localhost:3002/landing-ko-vf color: rgb(120, 120, 120) color: inherit {o: http://localhost:3002/landing-ko-vf, sv: 0.1.3, sdkn: @vercel/analytics/react, sdkv: 1.6.1, ts: 1777531550787} /_vercel/insights/view @ https://va.vercel-scripts.com/v1/script.debug.js:0
[  692215ms] [ERROR] Failed to load resource: the server responded with a status of 404 (Not Found) @ http://localhost:3002/_next/static/webpack/94d8359e3a18fee8.webpack.hot-update.json:0
[  692467ms] [INFO] %cDownload the React DevTools for a better development experience: https://reactjs.org/link/react-devtools font-weight:bold @ webpack-internal:///./node_modules/react-dom/cjs/react-dom.development.js:29889
[  692532ms] [LOG] [HMR] connected @ webpack-internal:///./node_modules/next/dist/client/dev/error-overlay/websocket.js:45
[  692570ms] [LOG] %c[Vercel Web Analytics]%c Debug mode is enabled by default in development. No requests will be sent to the server. color: rgb(120, 120, 120) color: inherit @ https://va.vercel-scripts.com/v1/script.debug.js:0
[  692570ms] [LOG] %c[Vercel Web Analytics]%c [view] http://localhost:3002/landing-ko-vf color: rgb(120, 120, 120) color: inherit {o: http://localhost:3002/landing-ko-vf, sv: 0.1.3, sdkn: @vercel/analytics/react, sdkv: 1.6.1, ts: 1777531551164} /_vercel/insights/view @ https://va.vercel-scripts.com/v1/script.debug.js:0
[  692581ms] [ERROR] Failed to load resource: the server responded with a status of 404 (Not Found) @ http://localhost:3002/_next/static/webpack/94d8359e3a18fee8.webpack.hot-update.json:0
[  692867ms] [INFO] %cDownload the React DevTools for a better development experience: https://reactjs.org/link/react-devtools font-weight:bold @ webpack-internal:///./node_modules/react-dom/cjs/react-dom.development.js:29889
[  692917ms] [LOG] [HMR] connected @ webpack-internal:///./node_modules/next/dist/client/dev/error-overlay/websocket.js:45
[  692951ms] [ERROR] Failed to load resource: the server responded with a status of 404 (Not Found) @ http://localhost:3002/_next/static/webpack/94d8359e3a18fee8.webpack.hot-update.json:0
[  692952ms] [LOG] %c[Vercel Web Analytics]%c Debug mode is enabled by default in development. No requests will be sent to the server. color: rgb(120, 120, 120) color: inherit @ https://va.vercel-scripts.com/v1/script.debug.js:0
[  692952ms] [LOG] %c[Vercel Web Analytics]%c [view] http://localhost:3002/landing-ko-vf color: rgb(120, 120, 120) color: inherit {o: http://localhost:3002/landing-ko-vf, sv: 0.1.3, sdkn: @vercel/analytics/react, sdkv: 1.6.1, ts: 1777531551545} /_vercel/insights/view @ https://va.vercel-scripts.com/v1/script.debug.js:0
[  693215ms] [INFO] %cDownload the React DevTools for a better development experience: https://reactjs.org/link/react-devtools font-weight:bold @ webpack-internal:///./node_modules/react-dom/cjs/react-dom.development.js:29889
[  693266ms] [LOG] [HMR] connected @ webpack-internal:///./node_modules/next/dist/client/dev/error-overlay/websocket.js:45
[  693301ms] [ERROR] Failed to load resource: the server responded with a status of 404 (Not Found) @ http://localhost:3002/_next/static/webpack/94d8359e3a18fee8.webpack.hot-update.json:0
[  693302ms] [LOG] %c[Vercel Web Analytics]%c Debug mode is enabled by default in development. No requests will be sent to the server. color: rgb(120, 120, 120) color: inherit @ https://va.vercel-scripts.com/v1/script.debug.js:0
[  693302ms] [LOG] %c[Vercel Web Analytics]%c [view] http://localhost:3002/landing-ko-vf color: rgb(120, 120, 120) color: inherit {o: http://localhost:3002/landing-ko-vf, sv: 0.1.3, sdkn: @vercel/analytics/react, sdkv: 1.6.1, ts: 1777531551895} /_vercel/insights/view @ https://va.vercel-scripts.com/v1/script.debug.js:0
[  693587ms] [INFO] %cDownload the React DevTools for a better development experience: https://reactjs.org/link/react-devtools font-weight:bold @ webpack-internal:///./node_modules/react-dom/cjs/react-dom.development.js:29889
[  693642ms] [LOG] [HMR] connected @ webpack-internal:///./node_modules/next/dist/client/dev/error-overlay/websocket.js:45
[  693683ms] [ERROR] Failed to load resource: the server responded with a status of 404 (Not Found) @ http://localhost:3002/_next/static/webpack/94d8359e3a18fee8.webpack.hot-update.json:0
[  693694ms] [LOG] %c[Vercel Web Analytics]%c Debug mode is enabled by default in development. No requests will be sent to the server. color: rgb(120, 120, 120) color: inherit @ https://va.vercel-scripts.com/v1/script.debug.js:0
[  693694ms] [LOG] %c[Vercel Web Analytics]%c [view] http://localhost:3002/landing-ko-vf color: rgb(120, 120, 120) color: inherit {o: http://localhost:3002/landing-ko-vf, sv: 0.1.3, sdkn: @vercel/analytics/react, sdkv: 1.6.1, ts: 1777531552288} /_vercel/insights/view @ https://va.vercel-scripts.com/v1/script.debug.js:0
[  693893ms] [INFO] %cDownload the React DevTools for a better development experience: https://reactjs.org/link/react-devtools font-weight:bold @ webpack-internal:///./node_modules/react-dom/cjs/react-dom.development.js:29889
[  693943ms] [LOG] [HMR] connected @ webpack-internal:///./node_modules/next/dist/client/dev/error-overlay/websocket.js:45
[  693979ms] [LOG] %c[Vercel Web Analytics]%c Debug mode is enabled by default in development. No requests will be sent to the server. color: rgb(120, 120, 120) color: inherit @ https://va.vercel-scripts.com/v1/script.debug.js:0
[  693979ms] [LOG] %c[Vercel Web Analytics]%c [view] http://localhost:3002/landing-ko-vf color: rgb(120, 120, 120) color: inherit {o: http://localhost:3002/landing-ko-vf, sv: 0.1.3, sdkn: @vercel/analytics/react, sdkv: 1.6.1, ts: 1777531552573} /_vercel/insights/view @ https://va.vercel-scripts.com/v1/script.debug.js:0
[  694031ms] [ERROR] Failed to load resource: the server responded with a status of 404 (Not Found) @ http://localhost:3002/_next/static/webpack/94d8359e3a18fee8.webpack.hot-update.json:0
[  694276ms] [INFO] %cDownload the React DevTools for a better development experience: https://reactjs.org/link/react-devtools font-weight:bold @ webpack-internal:///./node_modules/react-dom/cjs/react-dom.development.js:29889
[  694332ms] [LOG] [HMR] connected @ webpack-internal:///./node_modules/next/dist/client/dev/error-overlay/websocket.js:45
[  694368ms] [LOG] %c[Vercel Web Analytics]%c Debug mode is enabled by default in development. No requests will be sent to the server. color: rgb(120, 120, 120) color: inherit @ https://va.vercel-scripts.com/v1/script.debug.js:0
[  694368ms] [LOG] %c[Vercel Web Analytics]%c [view] http://localhost:3002/landing-ko-vf color: rgb(120, 120, 120) color: inherit {o: http://localhost:3002/landing-ko-vf, sv: 0.1.3, sdkn: @vercel/analytics/react, sdkv: 1.6.1, ts: 1777531552962} /_vercel/insights/view @ https://va.vercel-scripts.com/v1/script.debug.js:0
[  694371ms] [ERROR] Failed to load resource: the server responded with a status of 404 (Not Found) @ http://localhost:3002/_next/static/webpack/94d8359e3a18fee8.webpack.hot-update.json:0
[  694575ms] [INFO] %cDownload the React DevTools for a better development experience: https://reactjs.org/link/react-devtools font-weight:bold @ webpack-internal:///./node_modules/react-dom/cjs/react-dom.development.js:29889
[  694630ms] [LOG] [HMR] connected @ webpack-internal:///./node_modules/next/dist/client/dev/error-overlay/websocket.js:45
[  694677ms] [LOG] %c[Vercel Web Analytics]%c Debug mode is enabled by default in development. No requests will be sent to the server. color: rgb(120, 120, 120) color: inherit @ https://va.vercel-scripts.com/v1/script.debug.js:0
[  694677ms] [LOG] %c[Vercel Web Analytics]%c [view] http://localhost:3002/landing-ko-vf color: rgb(120, 120, 120) color: inherit {o: http://localhost:3002/landing-ko-vf, sv: 0.1.3, sdkn: @vercel/analytics/react, sdkv: 1.6.1, ts: 1777531553271} /_vercel/insights/view @ https://va.vercel-scripts.com/v1/script.debug.js:0
[  694812ms] [ERROR] Failed to load resource: the server responded with a status of 404 (Not Found) @ http://localhost:3002/_next/static/webpack/94d8359e3a18fee8.webpack.hot-update.json:0
[  695032ms] [INFO] %cDownload the React DevTools for a better development experience: https://reactjs.org/link/react-devtools font-weight:bold @ webpack-internal:///./node_modules/react-dom/cjs/react-dom.development.js:29889
[  695085ms] [LOG] [HMR] connected @ webpack-internal:///./node_modules/next/dist/client/dev/error-overlay/websocket.js:45
[  695116ms] [ERROR] Failed to load resource: the server responded with a status of 404 (Not Found) @ http://localhost:3002/_next/static/webpack/94d8359e3a18fee8.webpack.hot-update.json:0
[  695128ms] [LOG] %c[Vercel Web Analytics]%c Debug mode is enabled by default in development. No requests will be sent to the server. color: rgb(120, 120, 120) color: inherit @ https://va.vercel-scripts.com/v1/script.debug.js:0
[  695128ms] [LOG] %c[Vercel Web Analytics]%c [view] http://localhost:3002/landing-ko-vf color: rgb(120, 120, 120) color: inherit {o: http://localhost:3002/landing-ko-vf, sv: 0.1.3, sdkn: @vercel/analytics/react, sdkv: 1.6.1, ts: 1777531553722} /_vercel/insights/view @ https://va.vercel-scripts.com/v1/script.debug.js:0
[  695329ms] [INFO] %cDownload the React DevTools for a better development experience: https://reactjs.org/link/react-devtools font-weight:bold @ webpack-internal:///./node_modules/react-dom/cjs/react-dom.development.js:29889
[  695391ms] [LOG] [HMR] connected @ webpack-internal:///./node_modules/next/dist/client/dev/error-overlay/websocket.js:45
[  695439ms] [LOG] %c[Vercel Web Analytics]%c Debug mode is enabled by default in development. No requests will be sent to the server. color: rgb(120, 120, 120) color: inherit @ https://va.vercel-scripts.com/v1/script.debug.js:0
[  695439ms] [LOG] %c[Vercel Web Analytics]%c [view] http://localhost:3002/landing-ko-vf color: rgb(120, 120, 120) color: inherit {o: http://localhost:3002/landing-ko-vf, sv: 0.1.3, sdkn: @vercel/analytics/react, sdkv: 1.6.1, ts: 1777531554033} /_vercel/insights/view @ https://va.vercel-scripts.com/v1/script.debug.js:0
[  695440ms] [ERROR] Failed to load resource: the server responded with a status of 404 (Not Found) @ http://localhost:3002/_next/static/webpack/94d8359e3a18fee8.webpack.hot-update.json:0
[  695708ms] [INFO] %cDownload the React DevTools for a better development experience: https://reactjs.org/link/react-devtools font-weight:bold @ webpack-internal:///./node_modules/react-dom/cjs/react-dom.development.js:29889
[  695770ms] [LOG] [HMR] connected @ webpack-internal:///./node_modules/next/dist/client/dev/error-overlay/websocket.js:45
[  695807ms] [ERROR] Failed to load resource: the server responded with a status of 404 (Not Found) @ http://localhost:3002/_next/static/webpack/94d8359e3a18fee8.webpack.hot-update.json:0
[  695818ms] [LOG] %c[Vercel Web Analytics]%c Debug mode is enabled by default in development. No requests will be sent to the server. color: rgb(120, 120, 120) color: inherit @ https://va.vercel-scripts.com/v1/script.debug.js:0
[  695818ms] [LOG] %c[Vercel Web Analytics]%c [view] http://localhost:3002/landing-ko-vf color: rgb(120, 120, 120) color: inherit {o: http://localhost:3002/landing-ko-vf, sv: 0.1.3, sdkn: @vercel/analytics/react, sdkv: 1.6.1, ts: 1777531554411} /_vercel/insights/view @ https://va.vercel-scripts.com/v1/script.debug.js:0
[  696011ms] [INFO] %cDownload the React DevTools for a better development experience: https://reactjs.org/link/react-devtools font-weight:bold @ webpack-internal:///./node_modules/react-dom/cjs/react-dom.development.js:29889
[  696062ms] [LOG] [HMR] connected @ webpack-internal:///./node_modules/next/dist/client/dev/error-overlay/websocket.js:45
[  696095ms] [ERROR] Failed to load resource: the server responded with a status of 404 (Not Found) @ http://localhost:3002/_next/static/webpack/94d8359e3a18fee8.webpack.hot-update.json:0
[  696105ms] [LOG] %c[Vercel Web Analytics]%c Debug mode is enabled by default in development. No requests will be sent to the server. color: rgb(120, 120, 120) color: inherit @ https://va.vercel-scripts.com/v1/script.debug.js:0
[  696105ms] [LOG] %c[Vercel Web Analytics]%c [view] http://localhost:3002/landing-ko-vf color: rgb(120, 120, 120) color: inherit {o: http://localhost:3002/landing-ko-vf, sv: 0.1.3, sdkn: @vercel/analytics/react, sdkv: 1.6.1, ts: 1777531554699} /_vercel/insights/view @ https://va.vercel-scripts.com/v1/script.debug.js:0
[  696286ms] [INFO] %cDownload the React DevTools for a better development experience: https://reactjs.org/link/react-devtools font-weight:bold @ webpack-internal:///./node_modules/react-dom/cjs/react-dom.development.js:29889
[  696335ms] [LOG] [HMR] connected @ webpack-internal:///./node_modules/next/dist/client/dev/error-overlay/websocket.js:45
[  696364ms] [ERROR] Failed to load resource: the server responded with a status of 404 (Not Found) @ http://localhost:3002/_next/static/webpack/94d8359e3a18fee8.webpack.hot-update.json:0
[  696375ms] [LOG] %c[Vercel Web Analytics]%c Debug mode is enabled by default in development. No requests will be sent to the server. color: rgb(120, 120, 120) color: inherit @ https://va.vercel-scripts.com/v1/script.debug.js:0
[  696375ms] [LOG] %c[Vercel Web Analytics]%c [view] http://localhost:3002/landing-ko-vf color: rgb(120, 120, 120) color: inherit {o: http://localhost:3002/landing-ko-vf, sv: 0.1.3, sdkn: @vercel/analytics/react, sdkv: 1.6.1, ts: 1777531554969} /_vercel/insights/view @ https://va.vercel-scripts.com/v1/script.debug.js:0
[  696631ms] [INFO] %cDownload the React DevTools for a better development experience: https://reactjs.org/link/react-devtools font-weight:bold @ webpack-internal:///./node_modules/react-dom/cjs/react-dom.development.js:29889
[  696686ms] [LOG] [HMR] connected @ webpack-internal:///./node_modules/next/dist/client/dev/error-overlay/websocket.js:45
[  696734ms] [ERROR] Failed to load resource: the server responded with a status of 404 (Not Found) @ http://localhost:3002/_next/static/webpack/94d8359e3a18fee8.webpack.hot-update.json:0
[  696740ms] [LOG] %c[Vercel Web Analytics]%c Debug mode is enabled by default in development. No requests will be sent to the server. color: rgb(120, 120, 120) color: inherit @ https://va.vercel-scripts.com/v1/script.debug.js:0
[  696740ms] [LOG] %c[Vercel Web Analytics]%c [view] http://localhost:3002/landing-ko-vf color: rgb(120, 120, 120) color: inherit {o: http://localhost:3002/landing-ko-vf, sv: 0.1.3, sdkn: @vercel/analytics/react, sdkv: 1.6.1, ts: 1777531555334} /_vercel/insights/view @ https://va.vercel-scripts.com/v1/script.debug.js:0
[  696944ms] [INFO] %cDownload the React DevTools for a better development experience: https://reactjs.org/link/react-devtools font-weight:bold @ webpack-internal:///./node_modules/react-dom/cjs/react-dom.development.js:29889
[  696994ms] [LOG] [HMR] connected @ webpack-internal:///./node_modules/next/dist/client/dev/error-overlay/websocket.js:45
[  697022ms] [ERROR] Failed to load resource: the server responded with a status of 404 (Not Found) @ http://localhost:3002/_next/static/webpack/94d8359e3a18fee8.webpack.hot-update.json:0
[  697033ms] [LOG] %c[Vercel Web Analytics]%c Debug mode is enabled by default in development. No requests will be sent to the server. color: rgb(120, 120, 120) color: inherit @ https://va.vercel-scripts.com/v1/script.debug.js:0
[  697033ms] [LOG] %c[Vercel Web Analytics]%c [view] http://localhost:3002/landing-ko-vf color: rgb(120, 120, 120) color: inherit {o: http://localhost:3002/landing-ko-vf, sv: 0.1.3, sdkn: @vercel/analytics/react, sdkv: 1.6.1, ts: 1777531555626} /_vercel/insights/view @ https://va.vercel-scripts.com/v1/script.debug.js:0
[  697322ms] [INFO] %cDownload the React DevTools for a better development experience: https://reactjs.org/link/react-devtools font-weight:bold @ webpack-internal:///./node_modules/react-dom/cjs/react-dom.development.js:29889
[  697376ms] [LOG] [HMR] connected @ webpack-internal:///./node_modules/next/dist/client/dev/error-overlay/websocket.js:45
[  697406ms] [ERROR] Failed to load resource: the server responded with a status of 404 (Not Found) @ http://localhost:3002/_next/static/webpack/94d8359e3a18fee8.webpack.hot-update.json:0
[  697417ms] [LOG] %c[Vercel Web Analytics]%c Debug mode is enabled by default in development. No requests will be sent to the server. color: rgb(120, 120, 120) color: inherit @ https://va.vercel-scripts.com/v1/script.debug.js:0
[  697417ms] [LOG] %c[Vercel Web Analytics]%c [view] http://localhost:3002/landing-ko-vf color: rgb(120, 120, 120) color: inherit {o: http://localhost:3002/landing-ko-vf, sv: 0.1.3, sdkn: @vercel/analytics/react, sdkv: 1.6.1, ts: 1777531556011} /_vercel/insights/view @ https://va.vercel-scripts.com/v1/script.debug.js:0
[  697615ms] [INFO] %cDownload the React DevTools for a better development experience: https://reactjs.org/link/react-devtools font-weight:bold @ webpack-internal:///./node_modules/react-dom/cjs/react-dom.development.js:29889
[  697672ms] [LOG] [HMR] connected @ webpack-internal:///./node_modules/next/dist/client/dev/error-overlay/websocket.js:45
[  697721ms] [LOG] %c[Vercel Web Analytics]%c Debug mode is enabled by default in development. No requests will be sent to the server. color: rgb(120, 120, 120) color: inherit @ https://va.vercel-scripts.com/v1/script.debug.js:0
[  697721ms] [LOG] %c[Vercel Web Analytics]%c [view] http://localhost:3002/landing-ko-vf color: rgb(120, 120, 120) color: inherit {o: http://localhost:3002/landing-ko-vf, sv: 0.1.3, sdkn: @vercel/analytics/react, sdkv: 1.6.1, ts: 1777531556315} /_vercel/insights/view @ https://va.vercel-scripts.com/v1/script.debug.js:0
[  697813ms] [ERROR] Failed to load resource: the server responded with a status of 404 (Not Found) @ http://localhost:3002/_next/static/webpack/94d8359e3a18fee8.webpack.hot-update.json:0
[  698007ms] [INFO] %cDownload the React DevTools for a better development experience: https://reactjs.org/link/react-devtools font-weight:bold @ webpack-internal:///./node_modules/react-dom/cjs/react-dom.development.js:29889
[  698055ms] [LOG] [HMR] connected @ webpack-internal:///./node_modules/next/dist/client/dev/error-overlay/websocket.js:45
[  698080ms] [ERROR] Failed to load resource: the server responded with a status of 404 (Not Found) @ http://localhost:3002/_next/static/webpack/94d8359e3a18fee8.webpack.hot-update.json:0
[  698091ms] [LOG] %c[Vercel Web Analytics]%c Debug mode is enabled by default in development. No requests will be sent to the server. color: rgb(120, 120, 120) color: inherit @ https://va.vercel-scripts.com/v1/script.debug.js:0
[  698091ms] [LOG] %c[Vercel Web Analytics]%c [view] http://localhost:3002/landing-ko-vf color: rgb(120, 120, 120) color: inherit {o: http://localhost:3002/landing-ko-vf, sv: 0.1.3, sdkn: @vercel/analytics/react, sdkv: 1.6.1, ts: 1777531556685} /_vercel/insights/view @ https://va.vercel-scripts.com/v1/script.debug.js:0
[  698275ms] [INFO] %cDownload the React DevTools for a better development experience: https://reactjs.org/link/react-devtools font-weight:bold @ webpack-internal:///./node_modules/react-dom/cjs/react-dom.development.js:29889
[  698330ms] [LOG] [HMR] connected @ webpack-internal:///./node_modules/next/dist/client/dev/error-overlay/websocket.js:45
[  698423ms] [LOG] %c[Vercel Web Analytics]%c Debug mode is enabled by default in development. No requests will be sent to the server. color: rgb(120, 120, 120) color: inherit @ https://va.vercel-scripts.com/v1/script.debug.js:0
[  698423ms] [LOG] %c[Vercel Web Analytics]%c [view] http://localhost:3002/landing-ko-vf color: rgb(120, 120, 120) color: inherit {o: http://localhost:3002/landing-ko-vf, sv: 0.1.3, sdkn: @vercel/analytics/react, sdkv: 1.6.1, ts: 1777531557016} /_vercel/insights/view @ https://va.vercel-scripts.com/v1/script.debug.js:0
[  698449ms] [ERROR] Failed to load resource: the server responded with a status of 404 (Not Found) @ http://localhost:3002/_next/static/webpack/94d8359e3a18fee8.webpack.hot-update.json:0
[  698711ms] [INFO] %cDownload the React DevTools for a better development experience: https://reactjs.org/link/react-devtools font-weight:bold @ webpack-internal:///./node_modules/react-dom/cjs/react-dom.development.js:29889
[  698770ms] [LOG] [HMR] connected @ webpack-internal:///./node_modules/next/dist/client/dev/error-overlay/websocket.js:45
[  698803ms] [ERROR] Failed to load resource: the server responded with a status of 404 (Not Found) @ http://localhost:3002/_next/static/webpack/94d8359e3a18fee8.webpack.hot-update.json:0
[  698810ms] [LOG] %c[Vercel Web Analytics]%c Debug mode is enabled by default in development. No requests will be sent to the server. color: rgb(120, 120, 120) color: inherit @ https://va.vercel-scripts.com/v1/script.debug.js:0
[  698810ms] [LOG] %c[Vercel Web Analytics]%c [view] http://localhost:3002/landing-ko-vf color: rgb(120, 120, 120) color: inherit {o: http://localhost:3002/landing-ko-vf, sv: 0.1.3, sdkn: @vercel/analytics/react, sdkv: 1.6.1, ts: 1777531557404} /_vercel/insights/view @ https://va.vercel-scripts.com/v1/script.debug.js:0
[  699273ms] [INFO] %cDownload the React DevTools for a better development experience: https://reactjs.org/link/react-devtools font-weight:bold @ webpack-internal:///./node_modules/react-dom/cjs/react-dom.development.js:29889
[  699342ms] [LOG] [HMR] connected @ webpack-internal:///./node_modules/next/dist/client/dev/error-overlay/websocket.js:45
[  699399ms] [LOG] %c[Vercel Web Analytics]%c Debug mode is enabled by default in development. No requests will be sent to the server. color: rgb(120, 120, 120) color: inherit @ https://va.vercel-scripts.com/v1/script.debug.js:0
[  699399ms] [LOG] %c[Vercel Web Analytics]%c [view] http://localhost:3002/landing-ko-vf color: rgb(120, 120, 120) color: inherit {o: http://localhost:3002/landing-ko-vf, sv: 0.1.3, sdkn: @vercel/analytics/react, sdkv: 1.6.1, ts: 1777531557993} /_vercel/insights/view @ https://va.vercel-scripts.com/v1/script.debug.js:0
[  699425ms] [ERROR] Failed to load resource: the server responded with a status of 404 (Not Found) @ http://localhost:3002/_next/static/webpack/94d8359e3a18fee8.webpack.hot-update.json:0
[  699647ms] [INFO] %cDownload the React DevTools for a better development experience: https://reactjs.org/link/react-devtools font-weight:bold @ webpack-internal:///./node_modules/react-dom/cjs/react-dom.development.js:29889
[  699698ms] [LOG] [HMR] connected @ webpack-internal:///./node_modules/next/dist/client/dev/error-overlay/websocket.js:45
[  699737ms] [LOG] %c[Vercel Web Analytics]%c Debug mode is enabled by default in development. No requests will be sent to the server. color: rgb(120, 120, 120) color: inherit @ https://va.vercel-scripts.com/v1/script.debug.js:0
[  699737ms] [LOG] %c[Vercel Web Analytics]%c [view] http://localhost:3002/landing-ko-vf color: rgb(120, 120, 120) color: inherit {o: http://localhost:3002/landing-ko-vf, sv: 0.1.3, sdkn: @vercel/analytics/react, sdkv: 1.6.1, ts: 1777531558331} /_vercel/insights/view @ https://va.vercel-scripts.com/v1/script.debug.js:0
[  699737ms] [ERROR] Failed to load resource: the server responded with a status of 404 (Not Found) @ http://localhost:3002/_next/static/webpack/94d8359e3a18fee8.webpack.hot-update.json:0
[  700034ms] [INFO] %cDownload the React DevTools for a better development experience: https://reactjs.org/link/react-devtools font-weight:bold @ webpack-internal:///./node_modules/react-dom/cjs/react-dom.development.js:29889
[  700093ms] [LOG] [HMR] connected @ webpack-internal:///./node_modules/next/dist/client/dev/error-overlay/websocket.js:45
[  700132ms] [ERROR] Failed to load resource: the server responded with a status of 404 (Not Found) @ http://localhost:3002/_next/static/webpack/94d8359e3a18fee8.webpack.hot-update.json:0
[  700143ms] [LOG] %c[Vercel Web Analytics]%c Debug mode is enabled by default in development. No requests will be sent to the server. color: rgb(120, 120, 120) color: inherit @ https://va.vercel-scripts.com/v1/script.debug.js:0
[  700143ms] [LOG] %c[Vercel Web Analytics]%c [view] http://localhost:3002/landing-ko-vf color: rgb(120, 120, 120) color: inherit {o: http://localhost:3002/landing-ko-vf, sv: 0.1.3, sdkn: @vercel/analytics/react, sdkv: 1.6.1, ts: 1777531558737} /_vercel/insights/view @ https://va.vercel-scripts.com/v1/script.debug.js:0
[  700330ms] [INFO] %cDownload the React DevTools for a better development experience: https://reactjs.org/link/react-devtools font-weight:bold @ webpack-internal:///./node_modules/react-dom/cjs/react-dom.development.js:29889
[  700380ms] [LOG] [HMR] connected @ webpack-internal:///./node_modules/next/dist/client/dev/error-overlay/websocket.js:45
[  700435ms] [LOG] %c[Vercel Web Analytics]%c Debug mode is enabled by default in development. No requests will be sent to the server. color: rgb(120, 120, 120) color: inherit @ https://va.vercel-scripts.com/v1/script.debug.js:0
[  700436ms] [LOG] %c[Vercel Web Analytics]%c [view] http://localhost:3002/landing-ko-vf color: rgb(120, 120, 120) color: inherit {o: http://localhost:3002/landing-ko-vf, sv: 0.1.3, sdkn: @vercel/analytics/react, sdkv: 1.6.1, ts: 1777531559029} /_vercel/insights/view @ https://va.vercel-scripts.com/v1/script.debug.js:0
[  700438ms] [ERROR] Failed to load resource: the server responded with a status of 404 (Not Found) @ http://localhost:3002/_next/static/webpack/94d8359e3a18fee8.webpack.hot-update.json:0
[  700722ms] [INFO] %cDownload the React DevTools for a better development experience: https://reactjs.org/link/react-devtools font-weight:bold @ webpack-internal:///./node_modules/react-dom/cjs/react-dom.development.js:29889
[  700772ms] [LOG] [HMR] connected @ webpack-internal:///./node_modules/next/dist/client/dev/error-overlay/websocket.js:45
[  700799ms] [ERROR] Failed to load resource: the server responded with a status of 404 (Not Found) @ http://localhost:3002/_next/static/webpack/94d8359e3a18fee8.webpack.hot-update.json:0
[  700812ms] [LOG] %c[Vercel Web Analytics]%c Debug mode is enabled by default in development. No requests will be sent to the server. color: rgb(120, 120, 120) color: inherit @ https://va.vercel-scripts.com/v1/script.debug.js:0
[  700812ms] [LOG] %c[Vercel Web Analytics]%c [view] http://localhost:3002/landing-ko-vf color: rgb(120, 120, 120) color: inherit {o: http://localhost:3002/landing-ko-vf, sv: 0.1.3, sdkn: @vercel/analytics/react, sdkv: 1.6.1, ts: 1777531559405} /_vercel/insights/view @ https://va.vercel-scripts.com/v1/script.debug.js:0
[  701041ms] [INFO] %cDownload the React DevTools for a better development experience: https://reactjs.org/link/react-devtools font-weight:bold @ webpack-internal:///./node_modules/react-dom/cjs/react-dom.development.js:29889
[  701134ms] [LOG] [HMR] connected @ webpack-internal:///./node_modules/next/dist/client/dev/error-overlay/websocket.js:45
[  701206ms] [LOG] %c[Vercel Web Analytics]%c Debug mode is enabled by default in development. No requests will be sent to the server. color: rgb(120, 120, 120) color: inherit @ https://va.vercel-scripts.com/v1/script.debug.js:0
[  701206ms] [LOG] %c[Vercel Web Analytics]%c [view] http://localhost:3002/landing-ko-vf color: rgb(120, 120, 120) color: inherit {o: http://localhost:3002/landing-ko-vf, sv: 0.1.3, sdkn: @vercel/analytics/react, sdkv: 1.6.1, ts: 1777531559800} /_vercel/insights/view @ https://va.vercel-scripts.com/v1/script.debug.js:0
[  701230ms] [ERROR] Failed to load resource: the server responded with a status of 404 (Not Found) @ http://localhost:3002/_next/static/webpack/94d8359e3a18fee8.webpack.hot-update.json:0
[  701439ms] [INFO] %cDownload the React DevTools for a better development experience: https://reactjs.org/link/react-devtools font-weight:bold @ webpack-internal:///./node_modules/react-dom/cjs/react-dom.development.js:29889
[  701491ms] [LOG] [HMR] connected @ webpack-internal:///./node_modules/next/dist/client/dev/error-overlay/websocket.js:45
[  701523ms] [ERROR] Failed to load resource: the server responded with a status of 404 (Not Found) @ http://localhost:3002/_next/static/webpack/94d8359e3a18fee8.webpack.hot-update.json:0
[  701534ms] [LOG] %c[Vercel Web Analytics]%c Debug mode is enabled by default in development. No requests will be sent to the server. color: rgb(120, 120, 120) color: inherit @ https://va.vercel-scripts.com/v1/script.debug.js:0
[  701535ms] [LOG] %c[Vercel Web Analytics]%c [view] http://localhost:3002/landing-ko-vf color: rgb(120, 120, 120) color: inherit {o: http://localhost:3002/landing-ko-vf, sv: 0.1.3, sdkn: @vercel/analytics/react, sdkv: 1.6.1, ts: 1777531560128} /_vercel/insights/view @ https://va.vercel-scripts.com/v1/script.debug.js:0
[  701804ms] [INFO] %cDownload the React DevTools for a better development experience: https://reactjs.org/link/react-devtools font-weight:bold @ webpack-internal:///./node_modules/react-dom/cjs/react-dom.development.js:29889
[  701857ms] [LOG] [HMR] connected @ webpack-internal:///./node_modules/next/dist/client/dev/error-overlay/websocket.js:45
[  701887ms] [ERROR] Failed to load resource: the server responded with a status of 404 (Not Found) @ http://localhost:3002/_next/static/webpack/94d8359e3a18fee8.webpack.hot-update.json:0
[  701894ms] [LOG] %c[Vercel Web Analytics]%c Debug mode is enabled by default in development. No requests will be sent to the server. color: rgb(120, 120, 120) color: inherit @ https://va.vercel-scripts.com/v1/script.debug.js:0
[  701894ms] [LOG] %c[Vercel Web Analytics]%c [view] http://localhost:3002/landing-ko-vf color: rgb(120, 120, 120) color: inherit {o: http://localhost:3002/landing-ko-vf, sv: 0.1.3, sdkn: @vercel/analytics/react, sdkv: 1.6.1, ts: 1777531560487} /_vercel/insights/view @ https://va.vercel-scripts.com/v1/script.debug.js:0
[  702105ms] [INFO] %cDownload the React DevTools for a better development experience: https://reactjs.org/link/react-devtools font-weight:bold @ webpack-internal:///./node_modules/react-dom/cjs/react-dom.development.js:29889
[  702170ms] [LOG] [HMR] connected @ webpack-internal:///./node_modules/next/dist/client/dev/error-overlay/websocket.js:45
[  702198ms] [ERROR] Failed to load resource: the server responded with a status of 404 (Not Found) @ http://localhost:3002/_next/static/webpack/94d8359e3a18fee8.webpack.hot-update.json:0
[  702210ms] [LOG] %c[Vercel Web Analytics]%c Debug mode is enabled by default in development. No requests will be sent to the server. color: rgb(120, 120, 120) color: inherit @ https://va.vercel-scripts.com/v1/script.debug.js:0
[  702210ms] [LOG] %c[Vercel Web Analytics]%c [view] http://localhost:3002/landing-ko-vf color: rgb(120, 120, 120) color: inherit {o: http://localhost:3002/landing-ko-vf, sv: 0.1.3, sdkn: @vercel/analytics/react, sdkv: 1.6.1, ts: 1777531560803} /_vercel/insights/view @ https://va.vercel-scripts.com/v1/script.debug.js:0
[  702417ms] [INFO] %cDownload the React DevTools for a better development experience: https://reactjs.org/link/react-devtools font-weight:bold @ webpack-internal:///./node_modules/react-dom/cjs/react-dom.development.js:29889
[  702475ms] [LOG] [HMR] connected @ webpack-internal:///./node_modules/next/dist/client/dev/error-overlay/websocket.js:45
[  702507ms] [ERROR] Failed to load resource: the server responded with a status of 404 (Not Found) @ http://localhost:3002/_next/static/webpack/94d8359e3a18fee8.webpack.hot-update.json:0
[  702519ms] [LOG] %c[Vercel Web Analytics]%c Debug mode is enabled by default in development. No requests will be sent to the server. color: rgb(120, 120, 120) color: inherit @ https://va.vercel-scripts.com/v1/script.debug.js:0
[  702519ms] [LOG] %c[Vercel Web Analytics]%c [view] http://localhost:3002/landing-ko-vf color: rgb(120, 120, 120) color: inherit {o: http://localhost:3002/landing-ko-vf, sv: 0.1.3, sdkn: @vercel/analytics/react, sdkv: 1.6.1, ts: 1777531561112} /_vercel/insights/view @ https://va.vercel-scripts.com/v1/script.debug.js:0
[  702729ms] [INFO] %cDownload the React DevTools for a better development experience: https://reactjs.org/link/react-devtools font-weight:bold @ webpack-internal:///./node_modules/react-dom/cjs/react-dom.development.js:29889
[  702779ms] [LOG] [HMR] connected @ webpack-internal:///./node_modules/next/dist/client/dev/error-overlay/websocket.js:45
[  702816ms] [LOG] %c[Vercel Web Analytics]%c Debug mode is enabled by default in development. No requests will be sent to the server. color: rgb(120, 120, 120) color: inherit @ https://va.vercel-scripts.com/v1/script.debug.js:0
[  702816ms] [LOG] %c[Vercel Web Analytics]%c [view] http://localhost:3002/landing-ko-vf color: rgb(120, 120, 120) color: inherit {o: http://localhost:3002/landing-ko-vf, sv: 0.1.3, sdkn: @vercel/analytics/react, sdkv: 1.6.1, ts: 1777531561410} /_vercel/insights/view @ https://va.vercel-scripts.com/v1/script.debug.js:0
[  702857ms] [ERROR] Failed to load resource: the server responded with a status of 404 (Not Found) @ http://localhost:3002/_next/static/webpack/94d8359e3a18fee8.webpack.hot-update.json:0
[  703120ms] [INFO] %cDownload the React DevTools for a better development experience: https://reactjs.org/link/react-devtools font-weight:bold @ webpack-internal:///./node_modules/react-dom/cjs/react-dom.development.js:29889
[  703230ms] [LOG] [HMR] connected @ webpack-internal:///./node_modules/next/dist/client/dev/error-overlay/websocket.js:45
[  703274ms] [ERROR] Failed to load resource: the server responded with a status of 404 (Not Found) @ http://localhost:3002/_next/static/webpack/94d8359e3a18fee8.webpack.hot-update.json:0
[  703279ms] [LOG] %c[Vercel Web Analytics]%c Debug mode is enabled by default in development. No requests will be sent to the server. color: rgb(120, 120, 120) color: inherit @ https://va.vercel-scripts.com/v1/script.debug.js:0
[  703279ms] [LOG] %c[Vercel Web Analytics]%c [view] http://localhost:3002/landing-ko-vf color: rgb(120, 120, 120) color: inherit {o: http://localhost:3002/landing-ko-vf, sv: 0.1.3, sdkn: @vercel/analytics/react, sdkv: 1.6.1, ts: 1777531561873} /_vercel/insights/view @ https://va.vercel-scripts.com/v1/script.debug.js:0
[  703506ms] [INFO] %cDownload the React DevTools for a better development experience: https://reactjs.org/link/react-devtools font-weight:bold @ webpack-internal:///./node_modules/react-dom/cjs/react-dom.development.js:29889
[  703556ms] [LOG] [HMR] connected @ webpack-internal:///./node_modules/next/dist/client/dev/error-overlay/websocket.js:45
[  703587ms] [ERROR] Failed to load resource: the server responded with a status of 404 (Not Found) @ http://localhost:3002/_next/static/webpack/94d8359e3a18fee8.webpack.hot-update.json:0
[  703600ms] [LOG] %c[Vercel Web Analytics]%c Debug mode is enabled by default in development. No requests will be sent to the server. color: rgb(120, 120, 120) color: inherit @ https://va.vercel-scripts.com/v1/script.debug.js:0
[  703600ms] [LOG] %c[Vercel Web Analytics]%c [view] http://localhost:3002/landing-ko-vf color: rgb(120, 120, 120) color: inherit {o: http://localhost:3002/landing-ko-vf, sv: 0.1.3, sdkn: @vercel/analytics/react, sdkv: 1.6.1, ts: 1777531562193} /_vercel/insights/view @ https://va.vercel-scripts.com/v1/script.debug.js:0
[  703823ms] [INFO] %cDownload the React DevTools for a better development experience: https://reactjs.org/link/react-devtools font-weight:bold @ webpack-internal:///./node_modules/react-dom/cjs/react-dom.development.js:29889
[  703879ms] [LOG] [HMR] connected @ webpack-internal:///./node_modules/next/dist/client/dev/error-overlay/websocket.js:45
[  703925ms] [ERROR] Failed to load resource: the server responded with a status of 404 (Not Found) @ http://localhost:3002/_next/static/webpack/94d8359e3a18fee8.webpack.hot-update.json:0
[  703939ms] [LOG] %c[Vercel Web Analytics]%c Debug mode is enabled by default in development. No requests will be sent to the server. color: rgb(120, 120, 120) color: inherit @ https://va.vercel-scripts.com/v1/script.debug.js:0
[  703939ms] [LOG] %c[Vercel Web Analytics]%c [view] http://localhost:3002/landing-ko-vf color: rgb(120, 120, 120) color: inherit {o: http://localhost:3002/landing-ko-vf, sv: 0.1.3, sdkn: @vercel/analytics/react, sdkv: 1.6.1, ts: 1777531562533} /_vercel/insights/view @ https://va.vercel-scripts.com/v1/script.debug.js:0
[  704156ms] [INFO] %cDownload the React DevTools for a better development experience: https://reactjs.org/link/react-devtools font-weight:bold @ webpack-internal:///./node_modules/react-dom/cjs/react-dom.development.js:29889
[  704235ms] [LOG] [HMR] connected @ webpack-internal:///./node_modules/next/dist/client/dev/error-overlay/websocket.js:45
[  704300ms] [LOG] %c[Vercel Web Analytics]%c Debug mode is enabled by default in development. No requests will be sent to the server. color: rgb(120, 120, 120) color: inherit @ https://va.vercel-scripts.com/v1/script.debug.js:0
[  704300ms] [LOG] %c[Vercel Web Analytics]%c [view] http://localhost:3002/landing-ko-vf color: rgb(120, 120, 120) color: inherit {o: http://localhost:3002/landing-ko-vf, sv: 0.1.3, sdkn: @vercel/analytics/react, sdkv: 1.6.1, ts: 1777531562894} /_vercel/insights/view @ https://va.vercel-scripts.com/v1/script.debug.js:0
[  704320ms] [ERROR] Failed to load resource: the server responded with a status of 404 (Not Found) @ http://localhost:3002/_next/static/webpack/94d8359e3a18fee8.webpack.hot-update.json:0
[  704527ms] [INFO] %cDownload the React DevTools for a better development experience: https://reactjs.org/link/react-devtools font-weight:bold @ webpack-internal:///./node_modules/react-dom/cjs/react-dom.development.js:29889
[  704578ms] [LOG] [HMR] connected @ webpack-internal:///./node_modules/next/dist/client/dev/error-overlay/websocket.js:45
[  704647ms] [LOG] %c[Vercel Web Analytics]%c Debug mode is enabled by default in development. No requests will be sent to the server. color: rgb(120, 120, 120) color: inherit @ https://va.vercel-scripts.com/v1/script.debug.js:0
[  704647ms] [LOG] %c[Vercel Web Analytics]%c [view] http://localhost:3002/landing-ko-vf color: rgb(120, 120, 120) color: inherit {o: http://localhost:3002/landing-ko-vf, sv: 0.1.3, sdkn: @vercel/analytics/react, sdkv: 1.6.1, ts: 1777531563240} /_vercel/insights/view @ https://va.vercel-scripts.com/v1/script.debug.js:0
[  704647ms] [ERROR] Failed to load resource: the server responded with a status of 404 (Not Found) @ http://localhost:3002/_next/static/webpack/94d8359e3a18fee8.webpack.hot-update.json:0
[  704941ms] [INFO] %cDownload the React DevTools for a better development experience: https://reactjs.org/link/react-devtools font-weight:bold @ webpack-internal:///./node_modules/react-dom/cjs/react-dom.development.js:29889
[  704994ms] [LOG] [HMR] connected @ webpack-internal:///./node_modules/next/dist/client/dev/error-overlay/websocket.js:45
[  705023ms] [ERROR] Failed to load resource: the server responded with a status of 404 (Not Found) @ http://localhost:3002/_next/static/webpack/94d8359e3a18fee8.webpack.hot-update.json:0
[  705035ms] [LOG] %c[Vercel Web Analytics]%c Debug mode is enabled by default in development. No requests will be sent to the server. color: rgb(120, 120, 120) color: inherit @ https://va.vercel-scripts.com/v1/script.debug.js:0
[  705035ms] [LOG] %c[Vercel Web Analytics]%c [view] http://localhost:3002/landing-ko-vf color: rgb(120, 120, 120) color: inherit {o: http://localhost:3002/landing-ko-vf, sv: 0.1.3, sdkn: @vercel/analytics/react, sdkv: 1.6.1, ts: 1777531563628} /_vercel/insights/view @ https://va.vercel-scripts.com/v1/script.debug.js:0
[  705229ms] [INFO] %cDownload the React DevTools for a better development experience: https://reactjs.org/link/react-devtools font-weight:bold @ webpack-internal:///./node_modules/react-dom/cjs/react-dom.development.js:29889
[  705348ms] [LOG] [HMR] connected @ webpack-internal:///./node_modules/next/dist/client/dev/error-overlay/websocket.js:45
[  705410ms] [LOG] %c[Vercel Web Analytics]%c Debug mode is enabled by default in development. No requests will be sent to the server. color: rgb(120, 120, 120) color: inherit @ https://va.vercel-scripts.com/v1/script.debug.js:0
[  705410ms] [LOG] %c[Vercel Web Analytics]%c [view] http://localhost:3002/landing-ko-vf color: rgb(120, 120, 120) color: inherit {o: http://localhost:3002/landing-ko-vf, sv: 0.1.3, sdkn: @vercel/analytics/react, sdkv: 1.6.1, ts: 1777531564004} /_vercel/insights/view @ https://va.vercel-scripts.com/v1/script.debug.js:0
[  705431ms] [ERROR] Failed to load resource: the server responded with a status of 404 (Not Found) @ http://localhost:3002/_next/static/webpack/94d8359e3a18fee8.webpack.hot-update.json:0
[  705748ms] [INFO] %cDownload the React DevTools for a better development experience: https://reactjs.org/link/react-devtools font-weight:bold @ webpack-internal:///./node_modules/react-dom/cjs/react-dom.development.js:29889
[  705799ms] [LOG] [HMR] connected @ webpack-internal:///./node_modules/next/dist/client/dev/error-overlay/websocket.js:45
[  705823ms] [ERROR] Failed to load resource: the server responded with a status of 404 (Not Found) @ http://localhost:3002/_next/static/webpack/94d8359e3a18fee8.webpack.hot-update.json:0
[  705834ms] [LOG] %c[Vercel Web Analytics]%c Debug mode is enabled by default in development. No requests will be sent to the server. color: rgb(120, 120, 120) color: inherit @ https://va.vercel-scripts.com/v1/script.debug.js:0
[  705835ms] [LOG] %c[Vercel Web Analytics]%c [view] http://localhost:3002/landing-ko-vf color: rgb(120, 120, 120) color: inherit {o: http://localhost:3002/landing-ko-vf, sv: 0.1.3, sdkn: @vercel/analytics/react, sdkv: 1.6.1, ts: 1777531564428} /_vercel/insights/view @ https://va.vercel-scripts.com/v1/script.debug.js:0
[  706033ms] [INFO] %cDownload the React DevTools for a better development experience: https://reactjs.org/link/react-devtools font-weight:bold @ webpack-internal:///./node_modules/react-dom/cjs/react-dom.development.js:29889
[  706087ms] [LOG] [HMR] connected @ webpack-internal:///./node_modules/next/dist/client/dev/error-overlay/websocket.js:45
[  706128ms] [LOG] %c[Vercel Web Analytics]%c Debug mode is enabled by default in development. No requests will be sent to the server. color: rgb(120, 120, 120) color: inherit @ https://va.vercel-scripts.com/v1/script.debug.js:0
[  706128ms] [LOG] %c[Vercel Web Analytics]%c [view] http://localhost:3002/landing-ko-vf color: rgb(120, 120, 120) color: inherit {o: http://localhost:3002/landing-ko-vf, sv: 0.1.3, sdkn: @vercel/analytics/react, sdkv: 1.6.1, ts: 1777531564722} /_vercel/insights/view @ https://va.vercel-scripts.com/v1/script.debug.js:0
[  706128ms] [ERROR] Failed to load resource: the server responded with a status of 404 (Not Found) @ http://localhost:3002/_next/static/webpack/94d8359e3a18fee8.webpack.hot-update.json:0
[  706347ms] [INFO] %cDownload the React DevTools for a better development experience: https://reactjs.org/link/react-devtools font-weight:bold @ webpack-internal:///./node_modules/react-dom/cjs/react-dom.development.js:29889
[  706421ms] [LOG] [HMR] connected @ webpack-internal:///./node_modules/next/dist/client/dev/error-overlay/websocket.js:45
[  706447ms] [ERROR] Failed to load resource: the server responded with a status of 404 (Not Found) @ http://localhost:3002/_next/static/webpack/94d8359e3a18fee8.webpack.hot-update.json:0
[  706459ms] [LOG] %c[Vercel Web Analytics]%c Debug mode is enabled by default in development. No requests will be sent to the server. color: rgb(120, 120, 120) color: inherit @ https://va.vercel-scripts.com/v1/script.debug.js:0
[  706459ms] [LOG] %c[Vercel Web Analytics]%c [view] http://localhost:3002/landing-ko-vf color: rgb(120, 120, 120) color: inherit {o: http://localhost:3002/landing-ko-vf, sv: 0.1.3, sdkn: @vercel/analytics/react, sdkv: 1.6.1, ts: 1777531565052} /_vercel/insights/view @ https://va.vercel-scripts.com/v1/script.debug.js:0
[  706807ms] [INFO] %cDownload the React DevTools for a better development experience: https://reactjs.org/link/react-devtools font-weight:bold @ webpack-internal:///./node_modules/react-dom/cjs/react-dom.development.js:29889
[  706860ms] [LOG] [HMR] connected @ webpack-internal:///./node_modules/next/dist/client/dev/error-overlay/websocket.js:45
[  706889ms] [ERROR] Failed to load resource: the server responded with a status of 404 (Not Found) @ http://localhost:3002/_next/static/webpack/94d8359e3a18fee8.webpack.hot-update.json:0
[  706901ms] [LOG] %c[Vercel Web Analytics]%c Debug mode is enabled by default in development. No requests will be sent to the server. color: rgb(120, 120, 120) color: inherit @ https://va.vercel-scripts.com/v1/script.debug.js:0
[  706901ms] [LOG] %c[Vercel Web Analytics]%c [view] http://localhost:3002/landing-ko-vf color: rgb(120, 120, 120) color: inherit {o: http://localhost:3002/landing-ko-vf, sv: 0.1.3, sdkn: @vercel/analytics/react, sdkv: 1.6.1, ts: 1777531565494} /_vercel/insights/view @ https://va.vercel-scripts.com/v1/script.debug.js:0
[  707098ms] [INFO] %cDownload the React DevTools for a better development experience: https://reactjs.org/link/react-devtools font-weight:bold @ webpack-internal:///./node_modules/react-dom/cjs/react-dom.development.js:29889
[  707149ms] [LOG] [HMR] connected @ webpack-internal:///./node_modules/next/dist/client/dev/error-overlay/websocket.js:45
[  707181ms] [ERROR] Failed to load resource: the server responded with a status of 404 (Not Found) @ http://localhost:3002/_next/static/webpack/94d8359e3a18fee8.webpack.hot-update.json:0
[  707192ms] [LOG] %c[Vercel Web Analytics]%c Debug mode is enabled by default in development. No requests will be sent to the server. color: rgb(120, 120, 120) color: inherit @ https://va.vercel-scripts.com/v1/script.debug.js:0
[  707192ms] [LOG] %c[Vercel Web Analytics]%c [view] http://localhost:3002/landing-ko-vf color: rgb(120, 120, 120) color: inherit {o: http://localhost:3002/landing-ko-vf, sv: 0.1.3, sdkn: @vercel/analytics/react, sdkv: 1.6.1, ts: 1777531565786} /_vercel/insights/view @ https://va.vercel-scripts.com/v1/script.debug.js:0
[  707507ms] [INFO] %cDownload the React DevTools for a better development experience: https://reactjs.org/link/react-devtools font-weight:bold @ webpack-internal:///./node_modules/react-dom/cjs/react-dom.development.js:29889
[  707598ms] [LOG] [HMR] connected @ webpack-internal:///./node_modules/next/dist/client/dev/error-overlay/websocket.js:45
[  707631ms] [ERROR] Failed to load resource: the server responded with a status of 404 (Not Found) @ http://localhost:3002/_next/static/webpack/94d8359e3a18fee8.webpack.hot-update.json:0
[  707643ms] [LOG] %c[Vercel Web Analytics]%c Debug mode is enabled by default in development. No requests will be sent to the server. color: rgb(120, 120, 120) color: inherit @ https://va.vercel-scripts.com/v1/script.debug.js:0
[  707643ms] [LOG] %c[Vercel Web Analytics]%c [view] http://localhost:3002/landing-ko-vf color: rgb(120, 120, 120) color: inherit {o: http://localhost:3002/landing-ko-vf, sv: 0.1.3, sdkn: @vercel/analytics/react, sdkv: 1.6.1, ts: 1777531566237} /_vercel/insights/view @ https://va.vercel-scripts.com/v1/script.debug.js:0
[  707848ms] [INFO] %cDownload the React DevTools for a better development experience: https://reactjs.org/link/react-devtools font-weight:bold @ webpack-internal:///./node_modules/react-dom/cjs/react-dom.development.js:29889
[  707897ms] [LOG] [HMR] connected @ webpack-internal:///./node_modules/next/dist/client/dev/error-overlay/websocket.js:45
[  707943ms] [LOG] %c[Vercel Web Analytics]%c Debug mode is enabled by default in development. No requests will be sent to the server. color: rgb(120, 120, 120) color: inherit @ https://va.vercel-scripts.com/v1/script.debug.js:0
[  707944ms] [LOG] %c[Vercel Web Analytics]%c [view] http://localhost:3002/landing-ko-vf color: rgb(120, 120, 120) color: inherit {o: http://localhost:3002/landing-ko-vf, sv: 0.1.3, sdkn: @vercel/analytics/react, sdkv: 1.6.1, ts: 1777531566537} /_vercel/insights/view @ https://va.vercel-scripts.com/v1/script.debug.js:0
[  708091ms] [ERROR] Failed to load resource: the server responded with a status of 404 (Not Found) @ http://localhost:3002/_next/static/webpack/94d8359e3a18fee8.webpack.hot-update.json:0
[  708279ms] [INFO] %cDownload the React DevTools for a better development experience: https://reactjs.org/link/react-devtools font-weight:bold @ webpack-internal:///./node_modules/react-dom/cjs/react-dom.development.js:29889
[  708329ms] [LOG] [HMR] connected @ webpack-internal:///./node_modules/next/dist/client/dev/error-overlay/websocket.js:45
[  708356ms] [ERROR] Failed to load resource: the server responded with a status of 404 (Not Found) @ http://localhost:3002/_next/static/webpack/94d8359e3a18fee8.webpack.hot-update.json:0
[  708368ms] [LOG] %c[Vercel Web Analytics]%c Debug mode is enabled by default in development. No requests will be sent to the server. color: rgb(120, 120, 120) color: inherit @ https://va.vercel-scripts.com/v1/script.debug.js:0
[  708368ms] [LOG] %c[Vercel Web Analytics]%c [view] http://localhost:3002/landing-ko-vf color: rgb(120, 120, 120) color: inherit {o: http://localhost:3002/landing-ko-vf, sv: 0.1.3, sdkn: @vercel/analytics/react, sdkv: 1.6.1, ts: 1777531566962} /_vercel/insights/view @ https://va.vercel-scripts.com/v1/script.debug.js:0
[  708572ms] [INFO] %cDownload the React DevTools for a better development experience: https://reactjs.org/link/react-devtools font-weight:bold @ webpack-internal:///./node_modules/react-dom/cjs/react-dom.development.js:29889
[  708652ms] [LOG] [HMR] connected @ webpack-internal:///./node_modules/next/dist/client/dev/error-overlay/websocket.js:45
[  708681ms] [ERROR] Failed to load resource: the server responded with a status of 404 (Not Found) @ http://localhost:3002/_next/static/webpack/94d8359e3a18fee8.webpack.hot-update.json:0
[  708693ms] [LOG] %c[Vercel Web Analytics]%c Debug mode is enabled by default in development. No requests will be sent to the server. color: rgb(120, 120, 120) color: inherit @ https://va.vercel-scripts.com/v1/script.debug.js:0
[  708693ms] [LOG] %c[Vercel Web Analytics]%c [view] http://localhost:3002/landing-ko-vf color: rgb(120, 120, 120) color: inherit {o: http://localhost:3002/landing-ko-vf, sv: 0.1.3, sdkn: @vercel/analytics/react, sdkv: 1.6.1, ts: 1777531567287} /_vercel/insights/view @ https://va.vercel-scripts.com/v1/script.debug.js:0
[  708890ms] [INFO] %cDownload the React DevTools for a better development experience: https://reactjs.org/link/react-devtools font-weight:bold @ webpack-internal:///./node_modules/react-dom/cjs/react-dom.development.js:29889
[  708940ms] [LOG] [HMR] connected @ webpack-internal:///./node_modules/next/dist/client/dev/error-overlay/websocket.js:45
[  708964ms] [ERROR] Failed to load resource: the server responded with a status of 404 (Not Found) @ http://localhost:3002/_next/static/webpack/94d8359e3a18fee8.webpack.hot-update.json:0
[  708975ms] [LOG] %c[Vercel Web Analytics]%c Debug mode is enabled by default in development. No requests will be sent to the server. color: rgb(120, 120, 120) color: inherit @ https://va.vercel-scripts.com/v1/script.debug.js:0
[  708975ms] [LOG] %c[Vercel Web Analytics]%c [view] http://localhost:3002/landing-ko-vf color: rgb(120, 120, 120) color: inherit {o: http://localhost:3002/landing-ko-vf, sv: 0.1.3, sdkn: @vercel/analytics/react, sdkv: 1.6.1, ts: 1777531567568} /_vercel/insights/view @ https://va.vercel-scripts.com/v1/script.debug.js:0
[  709275ms] [INFO] %cDownload the React DevTools for a better development experience: https://reactjs.org/link/react-devtools font-weight:bold @ webpack-internal:///./node_modules/react-dom/cjs/react-dom.development.js:29889
[  709325ms] [LOG] [HMR] connected @ webpack-internal:///./node_modules/next/dist/client/dev/error-overlay/websocket.js:45
[  709357ms] [ERROR] Failed to load resource: the server responded with a status of 404 (Not Found) @ http://localhost:3002/_next/static/webpack/94d8359e3a18fee8.webpack.hot-update.json:0
[  709369ms] [LOG] %c[Vercel Web Analytics]%c Debug mode is enabled by default in development. No requests will be sent to the server. color: rgb(120, 120, 120) color: inherit @ https://va.vercel-scripts.com/v1/script.debug.js:0
[  709369ms] [LOG] %c[Vercel Web Analytics]%c [view] http://localhost:3002/landing-ko-vf color: rgb(120, 120, 120) color: inherit {o: http://localhost:3002/landing-ko-vf, sv: 0.1.3, sdkn: @vercel/analytics/react, sdkv: 1.6.1, ts: 1777531567963} /_vercel/insights/view @ https://va.vercel-scripts.com/v1/script.debug.js:0
[  709578ms] [INFO] %cDownload the React DevTools for a better development experience: https://reactjs.org/link/react-devtools font-weight:bold @ webpack-internal:///./node_modules/react-dom/cjs/react-dom.development.js:29889
[  709653ms] [LOG] [HMR] connected @ webpack-internal:///./node_modules/next/dist/client/dev/error-overlay/websocket.js:45
[  709686ms] [ERROR] Failed to load resource: the server responded with a status of 404 (Not Found) @ http://localhost:3002/_next/static/webpack/94d8359e3a18fee8.webpack.hot-update.json:0
[  709692ms] [LOG] %c[Vercel Web Analytics]%c Debug mode is enabled by default in development. No requests will be sent to the server. color: rgb(120, 120, 120) color: inherit @ https://va.vercel-scripts.com/v1/script.debug.js:0
[  709692ms] [LOG] %c[Vercel Web Analytics]%c [view] http://localhost:3002/landing-ko-vf color: rgb(120, 120, 120) color: inherit {o: http://localhost:3002/landing-ko-vf, sv: 0.1.3, sdkn: @vercel/analytics/react, sdkv: 1.6.1, ts: 1777531568286} /_vercel/insights/view @ https://va.vercel-scripts.com/v1/script.debug.js:0
[  709986ms] [INFO] %cDownload the React DevTools for a better development experience: https://reactjs.org/link/react-devtools font-weight:bold @ webpack-internal:///./node_modules/react-dom/cjs/react-dom.development.js:29889
[  710037ms] [LOG] [HMR] connected @ webpack-internal:///./node_modules/next/dist/client/dev/error-overlay/websocket.js:45
[  710064ms] [ERROR] Failed to load resource: the server responded with a status of 404 (Not Found) @ http://localhost:3002/_next/static/webpack/94d8359e3a18fee8.webpack.hot-update.json:0
[  710075ms] [LOG] %c[Vercel Web Analytics]%c Debug mode is enabled by default in development. No requests will be sent to the server. color: rgb(120, 120, 120) color: inherit @ https://va.vercel-scripts.com/v1/script.debug.js:0
[  710075ms] [LOG] %c[Vercel Web Analytics]%c [view] http://localhost:3002/landing-ko-vf color: rgb(120, 120, 120) color: inherit {o: http://localhost:3002/landing-ko-vf, sv: 0.1.3, sdkn: @vercel/analytics/react, sdkv: 1.6.1, ts: 1777531568668} /_vercel/insights/view @ https://va.vercel-scripts.com/v1/script.debug.js:0
[  710270ms] [INFO] %cDownload the React DevTools for a better development experience: https://reactjs.org/link/react-devtools font-weight:bold @ webpack-internal:///./node_modules/react-dom/cjs/react-dom.development.js:29889
[  710323ms] [LOG] [HMR] connected @ webpack-internal:///./node_modules/next/dist/client/dev/error-overlay/websocket.js:45
[  710370ms] [ERROR] Failed to load resource: the server responded with a status of 404 (Not Found) @ http://localhost:3002/_next/static/webpack/94d8359e3a18fee8.webpack.hot-update.json:0
[  710377ms] [LOG] %c[Vercel Web Analytics]%c Debug mode is enabled by default in development. No requests will be sent to the server. color: rgb(120, 120, 120) color: inherit @ https://va.vercel-scripts.com/v1/script.debug.js:0
[  710377ms] [LOG] %c[Vercel Web Analytics]%c [view] http://localhost:3002/landing-ko-vf color: rgb(120, 120, 120) color: inherit {o: http://localhost:3002/landing-ko-vf, sv: 0.1.3, sdkn: @vercel/analytics/react, sdkv: 1.6.1, ts: 1777531568971} /_vercel/insights/view @ https://va.vercel-scripts.com/v1/script.debug.js:0
[  710665ms] [INFO] %cDownload the React DevTools for a better development experience: https://reactjs.org/link/react-devtools font-weight:bold @ webpack-internal:///./node_modules/react-dom/cjs/react-dom.development.js:29889
[  710742ms] [LOG] [HMR] connected @ webpack-internal:///./node_modules/next/dist/client/dev/error-overlay/websocket.js:45
[  710773ms] [ERROR] Failed to load resource: the server responded with a status of 404 (Not Found) @ http://localhost:3002/_next/static/webpack/94d8359e3a18fee8.webpack.hot-update.json:0
[  710784ms] [LOG] %c[Vercel Web Analytics]%c Debug mode is enabled by default in development. No requests will be sent to the server. color: rgb(120, 120, 120) color: inherit @ https://va.vercel-scripts.com/v1/script.debug.js:0
[  710785ms] [LOG] %c[Vercel Web Analytics]%c [view] http://localhost:3002/landing-ko-vf color: rgb(120, 120, 120) color: inherit {o: http://localhost:3002/landing-ko-vf, sv: 0.1.3, sdkn: @vercel/analytics/react, sdkv: 1.6.1, ts: 1777531569378} /_vercel/insights/view @ https://va.vercel-scripts.com/v1/script.debug.js:0
[  710976ms] [INFO] %cDownload the React DevTools for a better development experience: https://reactjs.org/link/react-devtools font-weight:bold @ webpack-internal:///./node_modules/react-dom/cjs/react-dom.development.js:29889
[  711026ms] [LOG] [HMR] connected @ webpack-internal:///./node_modules/next/dist/client/dev/error-overlay/websocket.js:45
[  711105ms] [LOG] %c[Vercel Web Analytics]%c Debug mode is enabled by default in development. No requests will be sent to the server. color: rgb(120, 120, 120) color: inherit @ https://va.vercel-scripts.com/v1/script.debug.js:0
[  711105ms] [LOG] %c[Vercel Web Analytics]%c [view] http://localhost:3002/landing-ko-vf color: rgb(120, 120, 120) color: inherit {o: http://localhost:3002/landing-ko-vf, sv: 0.1.3, sdkn: @vercel/analytics/react, sdkv: 1.6.1, ts: 1777531569699} /_vercel/insights/view @ https://va.vercel-scripts.com/v1/script.debug.js:0
[  711105ms] [ERROR] Failed to load resource: the server responded with a status of 404 (Not Found) @ http://localhost:3002/_next/static/webpack/94d8359e3a18fee8.webpack.hot-update.json:0
[  711326ms] [INFO] %cDownload the React DevTools for a better development experience: https://reactjs.org/link/react-devtools font-weight:bold @ webpack-internal:///./node_modules/react-dom/cjs/react-dom.development.js:29889
[  711377ms] [LOG] [HMR] connected @ webpack-internal:///./node_modules/next/dist/client/dev/error-overlay/websocket.js:45
[  711406ms] [ERROR] Failed to load resource: the server responded with a status of 404 (Not Found) @ http://localhost:3002/_next/static/webpack/94d8359e3a18fee8.webpack.hot-update.json:0
[  711417ms] [LOG] %c[Vercel Web Analytics]%c Debug mode is enabled by default in development. No requests will be sent to the server. color: rgb(120, 120, 120) color: inherit @ https://va.vercel-scripts.com/v1/script.debug.js:0
[  711418ms] [LOG] %c[Vercel Web Analytics]%c [view] http://localhost:3002/landing-ko-vf color: rgb(120, 120, 120) color: inherit {o: http://localhost:3002/landing-ko-vf, sv: 0.1.3, sdkn: @vercel/analytics/react, sdkv: 1.6.1, ts: 1777531570011} /_vercel/insights/view @ https://va.vercel-scripts.com/v1/script.debug.js:0
[  711755ms] [INFO] %cDownload the React DevTools for a better development experience: https://reactjs.org/link/react-devtools font-weight:bold @ webpack-internal:///./node_modules/react-dom/cjs/react-dom.development.js:29889
[  711829ms] [LOG] [HMR] connected @ webpack-internal:///./node_modules/next/dist/client/dev/error-overlay/websocket.js:45
[  711862ms] [ERROR] Failed to load resource: the server responded with a status of 404 (Not Found) @ http://localhost:3002/_next/static/webpack/94d8359e3a18fee8.webpack.hot-update.json:0
[  711874ms] [LOG] %c[Vercel Web Analytics]%c Debug mode is enabled by default in development. No requests will be sent to the server. color: rgb(120, 120, 120) color: inherit @ https://va.vercel-scripts.com/v1/script.debug.js:0
[  711874ms] [LOG] %c[Vercel Web Analytics]%c [view] http://localhost:3002/landing-ko-vf color: rgb(120, 120, 120) color: inherit {o: http://localhost:3002/landing-ko-vf, sv: 0.1.3, sdkn: @vercel/analytics/react, sdkv: 1.6.1, ts: 1777531570468} /_vercel/insights/view @ https://va.vercel-scripts.com/v1/script.debug.js:0
[  712064ms] [INFO] %cDownload the React DevTools for a better development experience: https://reactjs.org/link/react-devtools font-weight:bold @ webpack-internal:///./node_modules/react-dom/cjs/react-dom.development.js:29889
[  712117ms] [LOG] [HMR] connected @ webpack-internal:///./node_modules/next/dist/client/dev/error-overlay/websocket.js:45
[  712152ms] [LOG] %c[Vercel Web Analytics]%c Debug mode is enabled by default in development. No requests will be sent to the server. color: rgb(120, 120, 120) color: inherit @ https://va.vercel-scripts.com/v1/script.debug.js:0
[  712152ms] [LOG] %c[Vercel Web Analytics]%c [view] http://localhost:3002/landing-ko-vf color: rgb(120, 120, 120) color: inherit {o: http://localhost:3002/landing-ko-vf, sv: 0.1.3, sdkn: @vercel/analytics/react, sdkv: 1.6.1, ts: 1777531570745} /_vercel/insights/view @ https://va.vercel-scripts.com/v1/script.debug.js:0
[  712156ms] [ERROR] Failed to load resource: the server responded with a status of 404 (Not Found) @ http://localhost:3002/_next/static/webpack/94d8359e3a18fee8.webpack.hot-update.json:0
[  712465ms] [INFO] %cDownload the React DevTools for a better development experience: https://reactjs.org/link/react-devtools font-weight:bold @ webpack-internal:///./node_modules/react-dom/cjs/react-dom.development.js:29889
[  712518ms] [LOG] [HMR] connected @ webpack-internal:///./node_modules/next/dist/client/dev/error-overlay/websocket.js:45
[  712560ms] [LOG] %c[Vercel Web Analytics]%c Debug mode is enabled by default in development. No requests will be sent to the server. color: rgb(120, 120, 120) color: inherit @ https://va.vercel-scripts.com/v1/script.debug.js:0
[  712560ms] [LOG] %c[Vercel Web Analytics]%c [view] http://localhost:3002/landing-ko-vf color: rgb(120, 120, 120) color: inherit {o: http://localhost:3002/landing-ko-vf, sv: 0.1.3, sdkn: @vercel/analytics/react, sdkv: 1.6.1, ts: 1777531571154} /_vercel/insights/view @ https://va.vercel-scripts.com/v1/script.debug.js:0
[  712560ms] [ERROR] Failed to load resource: the server responded with a status of 404 (Not Found) @ http://localhost:3002/_next/static/webpack/94d8359e3a18fee8.webpack.hot-update.json:0
[  712806ms] [INFO] %cDownload the React DevTools for a better development experience: https://reactjs.org/link/react-devtools font-weight:bold @ webpack-internal:///./node_modules/react-dom/cjs/react-dom.development.js:29889
[  712897ms] [LOG] [HMR] connected @ webpack-internal:///./node_modules/next/dist/client/dev/error-overlay/websocket.js:45
[  712946ms] [ERROR] Failed to load resource: the server responded with a status of 404 (Not Found) @ http://localhost:3002/_next/static/webpack/94d8359e3a18fee8.webpack.hot-update.json:0
[  712953ms] [LOG] %c[Vercel Web Analytics]%c Debug mode is enabled by default in development. No requests will be sent to the server. color: rgb(120, 120, 120) color: inherit @ https://va.vercel-scripts.com/v1/script.debug.js:0
[  712953ms] [LOG] %c[Vercel Web Analytics]%c [view] http://localhost:3002/landing-ko-vf color: rgb(120, 120, 120) color: inherit {o: http://localhost:3002/landing-ko-vf, sv: 0.1.3, sdkn: @vercel/analytics/react, sdkv: 1.6.1, ts: 1777531571546} /_vercel/insights/view @ https://va.vercel-scripts.com/v1/script.debug.js:0
[  713340ms] [INFO] %cDownload the React DevTools for a better development experience: https://reactjs.org/link/react-devtools font-weight:bold @ webpack-internal:///./node_modules/react-dom/cjs/react-dom.development.js:29889
[  713404ms] [LOG] [HMR] connected @ webpack-internal:///./node_modules/next/dist/client/dev/error-overlay/websocket.js:45
[  713445ms] [LOG] %c[Vercel Web Analytics]%c Debug mode is enabled by default in development. No requests will be sent to the server. color: rgb(120, 120, 120) color: inherit @ https://va.vercel-scripts.com/v1/script.debug.js:0
[  713445ms] [LOG] %c[Vercel Web Analytics]%c [view] http://localhost:3002/landing-ko-vf color: rgb(120, 120, 120) color: inherit {o: http://localhost:3002/landing-ko-vf, sv: 0.1.3, sdkn: @vercel/analytics/react, sdkv: 1.6.1, ts: 1777531572039} /_vercel/insights/view @ https://va.vercel-scripts.com/v1/script.debug.js:0
[  713445ms] [ERROR] Failed to load resource: the server responded with a status of 404 (Not Found) @ http://localhost:3002/_next/static/webpack/94d8359e3a18fee8.webpack.hot-update.json:0
[  713666ms] [INFO] %cDownload the React DevTools for a better development experience: https://reactjs.org/link/react-devtools font-weight:bold @ webpack-internal:///./node_modules/react-dom/cjs/react-dom.development.js:29889
[  713719ms] [LOG] [HMR] connected @ webpack-internal:///./node_modules/next/dist/client/dev/error-overlay/websocket.js:45
[  713805ms] [LOG] %c[Vercel Web Analytics]%c Debug mode is enabled by default in development. No requests will be sent to the server. color: rgb(120, 120, 120) color: inherit @ https://va.vercel-scripts.com/v1/script.debug.js:0
[  713805ms] [LOG] %c[Vercel Web Analytics]%c [view] http://localhost:3002/landing-ko-vf color: rgb(120, 120, 120) color: inherit {o: http://localhost:3002/landing-ko-vf, sv: 0.1.3, sdkn: @vercel/analytics/react, sdkv: 1.6.1, ts: 1777531572398} /_vercel/insights/view @ https://va.vercel-scripts.com/v1/script.debug.js:0
[  713824ms] [ERROR] Failed to load resource: the server responded with a status of 404 (Not Found) @ http://localhost:3002/_next/static/webpack/94d8359e3a18fee8.webpack.hot-update.json:0
[  714065ms] [INFO] %cDownload the React DevTools for a better development experience: https://reactjs.org/link/react-devtools font-weight:bold @ webpack-internal:///./node_modules/react-dom/cjs/react-dom.development.js:29889
[  714115ms] [LOG] [HMR] connected @ webpack-internal:///./node_modules/next/dist/client/dev/error-overlay/websocket.js:45
[  714194ms] [LOG] %c[Vercel Web Analytics]%c Debug mode is enabled by default in development. No requests will be sent to the server. color: rgb(120, 120, 120) color: inherit @ https://va.vercel-scripts.com/v1/script.debug.js:0
[  714194ms] [LOG] %c[Vercel Web Analytics]%c [view] http://localhost:3002/landing-ko-vf color: rgb(120, 120, 120) color: inherit {o: http://localhost:3002/landing-ko-vf, sv: 0.1.3, sdkn: @vercel/analytics/react, sdkv: 1.6.1, ts: 1777531572787} /_vercel/insights/view @ https://va.vercel-scripts.com/v1/script.debug.js:0
[  714243ms] [ERROR] Failed to load resource: the server responded with a status of 404 (Not Found) @ http://localhost:3002/_next/static/webpack/94d8359e3a18fee8.webpack.hot-update.json:0
[  714462ms] [INFO] %cDownload the React DevTools for a better development experience: https://reactjs.org/link/react-devtools font-weight:bold @ webpack-internal:///./node_modules/react-dom/cjs/react-dom.development.js:29889
[  714534ms] [LOG] [HMR] connected @ webpack-internal:///./node_modules/next/dist/client/dev/error-overlay/websocket.js:45
[  714626ms] [LOG] %c[Vercel Web Analytics]%c Debug mode is enabled by default in development. No requests will be sent to the server. color: rgb(120, 120, 120) color: inherit @ https://va.vercel-scripts.com/v1/script.debug.js:0
[  714626ms] [LOG] %c[Vercel Web Analytics]%c [view] http://localhost:3002/landing-ko-vf color: rgb(120, 120, 120) color: inherit {o: http://localhost:3002/landing-ko-vf, sv: 0.1.3, sdkn: @vercel/analytics/react, sdkv: 1.6.1, ts: 1777531573219} /_vercel/insights/view @ https://va.vercel-scripts.com/v1/script.debug.js:0
[  714629ms] [ERROR] Failed to load resource: the server responded with a status of 404 (Not Found) @ http://localhost:3002/_next/static/webpack/94d8359e3a18fee8.webpack.hot-update.json:0
[  714858ms] [INFO] %cDownload the React DevTools for a better development experience: https://reactjs.org/link/react-devtools font-weight:bold @ webpack-internal:///./node_modules/react-dom/cjs/react-dom.development.js:29889
[  714918ms] [LOG] [HMR] connected @ webpack-internal:///./node_modules/next/dist/client/dev/error-overlay/websocket.js:45
[  714967ms] [LOG] %c[Vercel Web Analytics]%c Debug mode is enabled by default in development. No requests will be sent to the server. color: rgb(120, 120, 120) color: inherit @ https://va.vercel-scripts.com/v1/script.debug.js:0
[  714967ms] [LOG] %c[Vercel Web Analytics]%c [view] http://localhost:3002/landing-ko-vf color: rgb(120, 120, 120) color: inherit {o: http://localhost:3002/landing-ko-vf, sv: 0.1.3, sdkn: @vercel/analytics/react, sdkv: 1.6.1, ts: 1777531573561} /_vercel/insights/view @ https://va.vercel-scripts.com/v1/script.debug.js:0
[  714970ms] [ERROR] Failed to load resource: the server responded with a status of 404 (Not Found) @ http://localhost:3002/_next/static/webpack/94d8359e3a18fee8.webpack.hot-update.json:0
[  715172ms] [INFO] %cDownload the React DevTools for a better development experience: https://reactjs.org/link/react-devtools font-weight:bold @ webpack-internal:///./node_modules/react-dom/cjs/react-dom.development.js:29889
[  715224ms] [LOG] [HMR] connected @ webpack-internal:///./node_modules/next/dist/client/dev/error-overlay/websocket.js:45
[  715273ms] [LOG] %c[Vercel Web Analytics]%c Debug mode is enabled by default in development. No requests will be sent to the server. color: rgb(120, 120, 120) color: inherit @ https://va.vercel-scripts.com/v1/script.debug.js:0
[  715273ms] [LOG] %c[Vercel Web Analytics]%c [view] http://localhost:3002/landing-ko-vf color: rgb(120, 120, 120) color: inherit {o: http://localhost:3002/landing-ko-vf, sv: 0.1.3, sdkn: @vercel/analytics/react, sdkv: 1.6.1, ts: 1777531573866} /_vercel/insights/view @ https://va.vercel-scripts.com/v1/script.debug.js:0
[  715274ms] [ERROR] Failed to load resource: the server responded with a status of 404 (Not Found) @ http://localhost:3002/_next/static/webpack/94d8359e3a18fee8.webpack.hot-update.json:0
[  715480ms] [INFO] %cDownload the React DevTools for a better development experience: https://reactjs.org/link/react-devtools font-weight:bold @ webpack-internal:///./node_modules/react-dom/cjs/react-dom.development.js:29889
[  715541ms] [LOG] [HMR] connected @ webpack-internal:///./node_modules/next/dist/client/dev/error-overlay/websocket.js:45
[  715678ms] [LOG] %c[Vercel Web Analytics]%c Debug mode is enabled by default in development. No requests will be sent to the server. color: rgb(120, 120, 120) color: inherit @ https://va.vercel-scripts.com/v1/script.debug.js:0
[  715678ms] [LOG] %c[Vercel Web Analytics]%c [view] http://localhost:3002/landing-ko-vf color: rgb(120, 120, 120) color: inherit {o: http://localhost:3002/landing-ko-vf, sv: 0.1.3, sdkn: @vercel/analytics/react, sdkv: 1.6.1, ts: 1777531574271} /_vercel/insights/view @ https://va.vercel-scripts.com/v1/script.debug.js:0
[  715715ms] [ERROR] Failed to load resource: the server responded with a status of 404 (Not Found) @ http://localhost:3002/_next/static/webpack/94d8359e3a18fee8.webpack.hot-update.json:0
[  715969ms] [INFO] %cDownload the React DevTools for a better development experience: https://reactjs.org/link/react-devtools font-weight:bold @ webpack-internal:///./node_modules/react-dom/cjs/react-dom.development.js:29889
[  716061ms] [LOG] [HMR] connected @ webpack-internal:///./node_modules/next/dist/client/dev/error-overlay/websocket.js:45
[  716101ms] [LOG] %c[Vercel Web Analytics]%c Debug mode is enabled by default in development. No requests will be sent to the server. color: rgb(120, 120, 120) color: inherit @ https://va.vercel-scripts.com/v1/script.debug.js:0
[  716102ms] [LOG] %c[Vercel Web Analytics]%c [view] http://localhost:3002/landing-ko-vf color: rgb(120, 120, 120) color: inherit {o: http://localhost:3002/landing-ko-vf, sv: 0.1.3, sdkn: @vercel/analytics/react, sdkv: 1.6.1, ts: 1777531574695} /_vercel/insights/view @ https://va.vercel-scripts.com/v1/script.debug.js:0
[  716102ms] [ERROR] Failed to load resource: the server responded with a status of 404 (Not Found) @ http://localhost:3002/_next/static/webpack/94d8359e3a18fee8.webpack.hot-update.json:0
[  716329ms] [INFO] %cDownload the React DevTools for a better development experience: https://reactjs.org/link/react-devtools font-weight:bold @ webpack-internal:///./node_modules/react-dom/cjs/react-dom.development.js:29889
[  716383ms] [LOG] [HMR] connected @ webpack-internal:///./node_modules/next/dist/client/dev/error-overlay/websocket.js:45
[  716426ms] [LOG] %c[Vercel Web Analytics]%c Debug mode is enabled by default in development. No requests will be sent to the server. color: rgb(120, 120, 120) color: inherit @ https://va.vercel-scripts.com/v1/script.debug.js:0
[  716426ms] [LOG] %c[Vercel Web Analytics]%c [view] http://localhost:3002/landing-ko-vf color: rgb(120, 120, 120) color: inherit {o: http://localhost:3002/landing-ko-vf, sv: 0.1.3, sdkn: @vercel/analytics/react, sdkv: 1.6.1, ts: 1777531575020} /_vercel/insights/view @ https://va.vercel-scripts.com/v1/script.debug.js:0
[  716426ms] [ERROR] Failed to load resource: the server responded with a status of 404 (Not Found) @ http://localhost:3002/_next/static/webpack/94d8359e3a18fee8.webpack.hot-update.json:0
[  716823ms] [INFO] %cDownload the React DevTools for a better development experience: https://reactjs.org/link/react-devtools font-weight:bold @ webpack-internal:///./node_modules/react-dom/cjs/react-dom.development.js:29889
[  716876ms] [LOG] [HMR] connected @ webpack-internal:///./node_modules/next/dist/client/dev/error-overlay/websocket.js:45
[  716907ms] [ERROR] Failed to load resource: the server responded with a status of 404 (Not Found) @ http://localhost:3002/_next/static/webpack/94d8359e3a18fee8.webpack.hot-update.json:0
[  716919ms] [LOG] %c[Vercel Web Analytics]%c Debug mode is enabled by default in development. No requests will be sent to the server. color: rgb(120, 120, 120) color: inherit @ https://va.vercel-scripts.com/v1/script.debug.js:0
[  716919ms] [LOG] %c[Vercel Web Analytics]%c [view] http://localhost:3002/landing-ko-vf color: rgb(120, 120, 120) color: inherit {o: http://localhost:3002/landing-ko-vf, sv: 0.1.3, sdkn: @vercel/analytics/react, sdkv: 1.6.1, ts: 1777531575512} /_vercel/insights/view @ https://va.vercel-scripts.com/v1/script.debug.js:0
[  717208ms] [INFO] %cDownload the React DevTools for a better development experience: https://reactjs.org/link/react-devtools font-weight:bold @ webpack-internal:///./node_modules/react-dom/cjs/react-dom.development.js:29889
[  717291ms] [LOG] [HMR] connected @ webpack-internal:///./node_modules/next/dist/client/dev/error-overlay/websocket.js:45
[  717357ms] [LOG] %c[Vercel Web Analytics]%c Debug mode is enabled by default in development. No requests will be sent to the server. color: rgb(120, 120, 120) color: inherit @ https://va.vercel-scripts.com/v1/script.debug.js:0
[  717357ms] [LOG] %c[Vercel Web Analytics]%c [view] http://localhost:3002/landing-ko-vf color: rgb(120, 120, 120) color: inherit {o: http://localhost:3002/landing-ko-vf, sv: 0.1.3, sdkn: @vercel/analytics/react, sdkv: 1.6.1, ts: 1777531575951} /_vercel/insights/view @ https://va.vercel-scripts.com/v1/script.debug.js:0
[  717449ms] [ERROR] Failed to load resource: the server responded with a status of 404 (Not Found) @ http://localhost:3002/_next/static/webpack/94d8359e3a18fee8.webpack.hot-update.json:0
[  717716ms] [INFO] %cDownload the React DevTools for a better development experience: https://reactjs.org/link/react-devtools font-weight:bold @ webpack-internal:///./node_modules/react-dom/cjs/react-dom.development.js:29889
[  717769ms] [LOG] [HMR] connected @ webpack-internal:///./node_modules/next/dist/client/dev/error-overlay/websocket.js:45
[  717800ms] [ERROR] Failed to load resource: the server responded with a status of 404 (Not Found) @ http://localhost:3002/_next/static/webpack/94d8359e3a18fee8.webpack.hot-update.json:0
[  717812ms] [LOG] %c[Vercel Web Analytics]%c Debug mode is enabled by default in development. No requests will be sent to the server. color: rgb(120, 120, 120) color: inherit @ https://va.vercel-scripts.com/v1/script.debug.js:0
[  717812ms] [LOG] %c[Vercel Web Analytics]%c [view] http://localhost:3002/landing-ko-vf color: rgb(120, 120, 120) color: inherit {o: http://localhost:3002/landing-ko-vf, sv: 0.1.3, sdkn: @vercel/analytics/react, sdkv: 1.6.1, ts: 1777531576405} /_vercel/insights/view @ https://va.vercel-scripts.com/v1/script.debug.js:0
[  718053ms] [INFO] %cDownload the React DevTools for a better development experience: https://reactjs.org/link/react-devtools font-weight:bold @ webpack-internal:///./node_modules/react-dom/cjs/react-dom.development.js:29889
[  718107ms] [LOG] [HMR] connected @ webpack-internal:///./node_modules/next/dist/client/dev/error-overlay/websocket.js:45
[  718154ms] [LOG] %c[Vercel Web Analytics]%c Debug mode is enabled by default in development. No requests will be sent to the server. color: rgb(120, 120, 120) color: inherit @ https://va.vercel-scripts.com/v1/script.debug.js:0
[  718154ms] [LOG] %c[Vercel Web Analytics]%c [view] http://localhost:3002/landing-ko-vf color: rgb(120, 120, 120) color: inherit {o: http://localhost:3002/landing-ko-vf, sv: 0.1.3, sdkn: @vercel/analytics/react, sdkv: 1.6.1, ts: 1777531576747} /_vercel/insights/view @ https://va.vercel-scripts.com/v1/script.debug.js:0
[  718174ms] [ERROR] Failed to load resource: the server responded with a status of 404 (Not Found) @ http://localhost:3002/_next/static/webpack/94d8359e3a18fee8.webpack.hot-update.json:0
[  718487ms] [INFO] %cDownload the React DevTools for a better development experience: https://reactjs.org/link/react-devtools font-weight:bold @ webpack-internal:///./node_modules/react-dom/cjs/react-dom.development.js:29889
[  718554ms] [LOG] [HMR] connected @ webpack-internal:///./node_modules/next/dist/client/dev/error-overlay/websocket.js:45
[  718587ms] [ERROR] Failed to load resource: the server responded with a status of 404 (Not Found) @ http://localhost:3002/_next/static/webpack/94d8359e3a18fee8.webpack.hot-update.json:0
[  718594ms] [LOG] %c[Vercel Web Analytics]%c Debug mode is enabled by default in development. No requests will be sent to the server. color: rgb(120, 120, 120) color: inherit @ https://va.vercel-scripts.com/v1/script.debug.js:0
[  718594ms] [LOG] %c[Vercel Web Analytics]%c [view] http://localhost:3002/landing-ko-vf color: rgb(120, 120, 120) color: inherit {o: http://localhost:3002/landing-ko-vf, sv: 0.1.3, sdkn: @vercel/analytics/react, sdkv: 1.6.1, ts: 1777531577187} /_vercel/insights/view @ https://va.vercel-scripts.com/v1/script.debug.js:0
[  718918ms] [INFO] %cDownload the React DevTools for a better development experience: https://reactjs.org/link/react-devtools font-weight:bold @ webpack-internal:///./node_modules/react-dom/cjs/react-dom.development.js:29889
[  718977ms] [LOG] [HMR] connected @ webpack-internal:///./node_modules/next/dist/client/dev/error-overlay/websocket.js:45
[  719013ms] [ERROR] Failed to load resource: the server responded with a status of 404 (Not Found) @ http://localhost:3002/_next/static/webpack/94d8359e3a18fee8.webpack.hot-update.json:0
[  719020ms] [LOG] %c[Vercel Web Analytics]%c Debug mode is enabled by default in development. No requests will be sent to the server. color: rgb(120, 120, 120) color: inherit @ https://va.vercel-scripts.com/v1/script.debug.js:0
[  719020ms] [LOG] %c[Vercel Web Analytics]%c [view] http://localhost:3002/landing-ko-vf color: rgb(120, 120, 120) color: inherit {o: http://localhost:3002/landing-ko-vf, sv: 0.1.3, sdkn: @vercel/analytics/react, sdkv: 1.6.1, ts: 1777531577614} /_vercel/insights/view @ https://va.vercel-scripts.com/v1/script.debug.js:0
[  719308ms] [INFO] %cDownload the React DevTools for a better development experience: https://reactjs.org/link/react-devtools font-weight:bold @ webpack-internal:///./node_modules/react-dom/cjs/react-dom.development.js:29889
[  719362ms] [LOG] [HMR] connected @ webpack-internal:///./node_modules/next/dist/client/dev/error-overlay/websocket.js:45
[  719388ms] [ERROR] Failed to load resource: the server responded with a status of 404 (Not Found) @ http://localhost:3002/_next/static/webpack/94d8359e3a18fee8.webpack.hot-update.json:0
[  719400ms] [LOG] %c[Vercel Web Analytics]%c Debug mode is enabled by default in development. No requests will be sent to the server. color: rgb(120, 120, 120) color: inherit @ https://va.vercel-scripts.com/v1/script.debug.js:0
[  719400ms] [LOG] %c[Vercel Web Analytics]%c [view] http://localhost:3002/landing-ko-vf color: rgb(120, 120, 120) color: inherit {o: http://localhost:3002/landing-ko-vf, sv: 0.1.3, sdkn: @vercel/analytics/react, sdkv: 1.6.1, ts: 1777531577993} /_vercel/insights/view @ https://va.vercel-scripts.com/v1/script.debug.js:0
[  719769ms] [INFO] %cDownload the React DevTools for a better development experience: https://reactjs.org/link/react-devtools font-weight:bold @ webpack-internal:///./node_modules/react-dom/cjs/react-dom.development.js:29889
[  719847ms] [LOG] [HMR] connected @ webpack-internal:///./node_modules/next/dist/client/dev/error-overlay/websocket.js:45
[  719882ms] [ERROR] Failed to load resource: the server responded with a status of 404 (Not Found) @ http://localhost:3002/_next/static/webpack/94d8359e3a18fee8.webpack.hot-update.json:0
[  719894ms] [LOG] %c[Vercel Web Analytics]%c Debug mode is enabled by default in development. No requests will be sent to the server. color: rgb(120, 120, 120) color: inherit @ https://va.vercel-scripts.com/v1/script.debug.js:0
[  719894ms] [LOG] %c[Vercel Web Analytics]%c [view] http://localhost:3002/landing-ko-vf color: rgb(120, 120, 120) color: inherit {o: http://localhost:3002/landing-ko-vf, sv: 0.1.3, sdkn: @vercel/analytics/react, sdkv: 1.6.1, ts: 1777531578488} /_vercel/insights/view @ https://va.vercel-scripts.com/v1/script.debug.js:0
[  720118ms] [INFO] %cDownload the React DevTools for a better development experience: https://reactjs.org/link/react-devtools font-weight:bold @ webpack-internal:///./node_modules/react-dom/cjs/react-dom.development.js:29889
[  720174ms] [LOG] [HMR] connected @ webpack-internal:///./node_modules/next/dist/client/dev/error-overlay/websocket.js:45
[  720237ms] [LOG] %c[Vercel Web Analytics]%c Debug mode is enabled by default in development. No requests will be sent to the server. color: rgb(120, 120, 120) color: inherit @ https://va.vercel-scripts.com/v1/script.debug.js:0
[  720237ms] [LOG] %c[Vercel Web Analytics]%c [view] http://localhost:3002/landing-ko-vf color: rgb(120, 120, 120) color: inherit {o: http://localhost:3002/landing-ko-vf, sv: 0.1.3, sdkn: @vercel/analytics/react, sdkv: 1.6.1, ts: 1777531578830} /_vercel/insights/view @ https://va.vercel-scripts.com/v1/script.debug.js:0
[  720262ms] [ERROR] Failed to load resource: the server responded with a status of 404 (Not Found) @ http://localhost:3002/_next/static/webpack/94d8359e3a18fee8.webpack.hot-update.json:0
[  720488ms] [INFO] %cDownload the React DevTools for a better development experience: https://reactjs.org/link/react-devtools font-weight:bold @ webpack-internal:///./node_modules/react-dom/cjs/react-dom.development.js:29889
[  720540ms] [LOG] [HMR] connected @ webpack-internal:///./node_modules/next/dist/client/dev/error-overlay/websocket.js:45
[  720565ms] [ERROR] Failed to load resource: the server responded with a status of 404 (Not Found) @ http://localhost:3002/_next/static/webpack/94d8359e3a18fee8.webpack.hot-update.json:0
[  720577ms] [LOG] %c[Vercel Web Analytics]%c Debug mode is enabled by default in development. No requests will be sent to the server. color: rgb(120, 120, 120) color: inherit @ https://va.vercel-scripts.com/v1/script.debug.js:0
[  720578ms] [LOG] %c[Vercel Web Analytics]%c [view] http://localhost:3002/landing-ko-vf color: rgb(120, 120, 120) color: inherit {o: http://localhost:3002/landing-ko-vf, sv: 0.1.3, sdkn: @vercel/analytics/react, sdkv: 1.6.1, ts: 1777531579171} /_vercel/insights/view @ https://va.vercel-scripts.com/v1/script.debug.js:0
[  720805ms] [INFO] %cDownload the React DevTools for a better development experience: https://reactjs.org/link/react-devtools font-weight:bold @ webpack-internal:///./node_modules/react-dom/cjs/react-dom.development.js:29889
[  720967ms] [LOG] [HMR] connected @ webpack-internal:///./node_modules/next/dist/client/dev/error-overlay/websocket.js:45
[  721077ms] [ERROR] Failed to load resource: the server responded with a status of 404 (Not Found) @ http://localhost:3002/_next/static/webpack/94d8359e3a18fee8.webpack.hot-update.json:0
[  721091ms] [LOG] %c[Vercel Web Analytics]%c Debug mode is enabled by default in development. No requests will be sent to the server. color: rgb(120, 120, 120) color: inherit @ https://va.vercel-scripts.com/v1/script.debug.js:0
[  721091ms] [LOG] %c[Vercel Web Analytics]%c [view] http://localhost:3002/landing-ko-vf color: rgb(120, 120, 120) color: inherit {o: http://localhost:3002/landing-ko-vf, sv: 0.1.3, sdkn: @vercel/analytics/react, sdkv: 1.6.1, ts: 1777531579684} /_vercel/insights/view @ https://va.vercel-scripts.com/v1/script.debug.js:0
[  721375ms] [INFO] %cDownload the React DevTools for a better development experience: https://reactjs.org/link/react-devtools font-weight:bold @ webpack-internal:///./node_modules/react-dom/cjs/react-dom.development.js:29889
[  721430ms] [LOG] [HMR] connected @ webpack-internal:///./node_modules/next/dist/client/dev/error-overlay/websocket.js:45
[  721466ms] [ERROR] Failed to load resource: the server responded with a status of 404 (Not Found) @ http://localhost:3002/_next/static/webpack/94d8359e3a18fee8.webpack.hot-update.json:0
[  721479ms] [LOG] %c[Vercel Web Analytics]%c Debug mode is enabled by default in development. No requests will be sent to the server. color: rgb(120, 120, 120) color: inherit @ https://va.vercel-scripts.com/v1/script.debug.js:0
[  721479ms] [LOG] %c[Vercel Web Analytics]%c [view] http://localhost:3002/landing-ko-vf color: rgb(120, 120, 120) color: inherit {o: http://localhost:3002/landing-ko-vf, sv: 0.1.3, sdkn: @vercel/analytics/react, sdkv: 1.6.1, ts: 1777531580072} /_vercel/insights/view @ https://va.vercel-scripts.com/v1/script.debug.js:0
[  721724ms] [INFO] %cDownload the React DevTools for a better development experience: https://reactjs.org/link/react-devtools font-weight:bold @ webpack-internal:///./node_modules/react-dom/cjs/react-dom.development.js:29889
[  721782ms] [LOG] [HMR] connected @ webpack-internal:///./node_modules/next/dist/client/dev/error-overlay/websocket.js:45
[  721856ms] [LOG] %c[Vercel Web Analytics]%c Debug mode is enabled by default in development. No requests will be sent to the server. color: rgb(120, 120, 120) color: inherit @ https://va.vercel-scripts.com/v1/script.debug.js:0
[  721856ms] [LOG] %c[Vercel Web Analytics]%c [view] http://localhost:3002/landing-ko-vf color: rgb(120, 120, 120) color: inherit {o: http://localhost:3002/landing-ko-vf, sv: 0.1.3, sdkn: @vercel/analytics/react, sdkv: 1.6.1, ts: 1777531580449} /_vercel/insights/view @ https://va.vercel-scripts.com/v1/script.debug.js:0
[  721876ms] [ERROR] Failed to load resource: the server responded with a status of 404 (Not Found) @ http://localhost:3002/_next/static/webpack/94d8359e3a18fee8.webpack.hot-update.json:0
[  722104ms] [INFO] %cDownload the React DevTools for a better development experience: https://reactjs.org/link/react-devtools font-weight:bold @ webpack-internal:///./node_modules/react-dom/cjs/react-dom.development.js:29889
[  722192ms] [LOG] [HMR] connected @ webpack-internal:///./node_modules/next/dist/client/dev/error-overlay/websocket.js:45
[  722222ms] [ERROR] Failed to load resource: the server responded with a status of 404 (Not Found) @ http://localhost:3002/_next/static/webpack/94d8359e3a18fee8.webpack.hot-update.json:0
[  722235ms] [LOG] %c[Vercel Web Analytics]%c Debug mode is enabled by default in development. No requests will be sent to the server. color: rgb(120, 120, 120) color: inherit @ https://va.vercel-scripts.com/v1/script.debug.js:0
[  722235ms] [LOG] %c[Vercel Web Analytics]%c [view] http://localhost:3002/landing-ko-vf color: rgb(120, 120, 120) color: inherit {o: http://localhost:3002/landing-ko-vf, sv: 0.1.3, sdkn: @vercel/analytics/react, sdkv: 1.6.1, ts: 1777531580828} /_vercel/insights/view @ https://va.vercel-scripts.com/v1/script.debug.js:0
[  722587ms] [INFO] %cDownload the React DevTools for a better development experience: https://reactjs.org/link/react-devtools font-weight:bold @ webpack-internal:///./node_modules/react-dom/cjs/react-dom.development.js:29889
[  722664ms] [LOG] [HMR] connected @ webpack-internal:///./node_modules/next/dist/client/dev/error-overlay/websocket.js:45
[  722789ms] [LOG] %c[Vercel Web Analytics]%c Debug mode is enabled by default in development. No requests will be sent to the server. color: rgb(120, 120, 120) color: inherit @ https://va.vercel-scripts.com/v1/script.debug.js:0
[  722789ms] [LOG] %c[Vercel Web Analytics]%c [view] http://localhost:3002/landing-ko-vf color: rgb(120, 120, 120) color: inherit {o: http://localhost:3002/landing-ko-vf, sv: 0.1.3, sdkn: @vercel/analytics/react, sdkv: 1.6.1, ts: 1777531581383} /_vercel/insights/view @ https://va.vercel-scripts.com/v1/script.debug.js:0
[  722810ms] [ERROR] Failed to load resource: the server responded with a status of 404 (Not Found) @ http://localhost:3002/_next/static/webpack/94d8359e3a18fee8.webpack.hot-update.json:0
[  723032ms] [INFO] %cDownload the React DevTools for a better development experience: https://reactjs.org/link/react-devtools font-weight:bold @ webpack-internal:///./node_modules/react-dom/cjs/react-dom.development.js:29889
[  723084ms] [LOG] [HMR] connected @ webpack-internal:///./node_modules/next/dist/client/dev/error-overlay/websocket.js:45
[  723120ms] [ERROR] Failed to load resource: the server responded with a status of 404 (Not Found) @ http://localhost:3002/_next/static/webpack/94d8359e3a18fee8.webpack.hot-update.json:0
[  723128ms] [LOG] %c[Vercel Web Analytics]%c Debug mode is enabled by default in development. No requests will be sent to the server. color: rgb(120, 120, 120) color: inherit @ https://va.vercel-scripts.com/v1/script.debug.js:0
[  723128ms] [LOG] %c[Vercel Web Analytics]%c [view] http://localhost:3002/landing-ko-vf color: rgb(120, 120, 120) color: inherit {o: http://localhost:3002/landing-ko-vf, sv: 0.1.3, sdkn: @vercel/analytics/react, sdkv: 1.6.1, ts: 1777531581721} /_vercel/insights/view @ https://va.vercel-scripts.com/v1/script.debug.js:0
[  723340ms] [INFO] %cDownload the React DevTools for a better development experience: https://reactjs.org/link/react-devtools font-weight:bold @ webpack-internal:///./node_modules/react-dom/cjs/react-dom.development.js:29889
[  723421ms] [LOG] [HMR] connected @ webpack-internal:///./node_modules/next/dist/client/dev/error-overlay/websocket.js:45
[  723462ms] [LOG] %c[Vercel Web Analytics]%c Debug mode is enabled by default in development. No requests will be sent to the server. color: rgb(120, 120, 120) color: inherit @ https://va.vercel-scripts.com/v1/script.debug.js:0
[  723462ms] [LOG] %c[Vercel Web Analytics]%c [view] http://localhost:3002/landing-ko-vf color: rgb(120, 120, 120) color: inherit {o: http://localhost:3002/landing-ko-vf, sv: 0.1.3, sdkn: @vercel/analytics/react, sdkv: 1.6.1, ts: 1777531582056} /_vercel/insights/view @ https://va.vercel-scripts.com/v1/script.debug.js:0
[  723462ms] [ERROR] Failed to load resource: the server responded with a status of 404 (Not Found) @ http://localhost:3002/_next/static/webpack/94d8359e3a18fee8.webpack.hot-update.json:0
[  723723ms] [INFO] %cDownload the React DevTools for a better development experience: https://reactjs.org/link/react-devtools font-weight:bold @ webpack-internal:///./node_modules/react-dom/cjs/react-dom.development.js:29889
[  723776ms] [LOG] [HMR] connected @ webpack-internal:///./node_modules/next/dist/client/dev/error-overlay/websocket.js:45
[  723860ms] [LOG] %c[Vercel Web Analytics]%c Debug mode is enabled by default in development. No requests will be sent to the server. color: rgb(120, 120, 120) color: inherit @ https://va.vercel-scripts.com/v1/script.debug.js:0
[  723860ms] [LOG] %c[Vercel Web Analytics]%c [view] http://localhost:3002/landing-ko-vf color: rgb(120, 120, 120) color: inherit {o: http://localhost:3002/landing-ko-vf, sv: 0.1.3, sdkn: @vercel/analytics/react, sdkv: 1.6.1, ts: 1777531582454} /_vercel/insights/view @ https://va.vercel-scripts.com/v1/script.debug.js:0
[  723915ms] [ERROR] Failed to load resource: the server responded with a status of 404 (Not Found) @ http://localhost:3002/_next/static/webpack/94d8359e3a18fee8.webpack.hot-update.json:0
[  724221ms] [INFO] %cDownload the React DevTools for a better development experience: https://reactjs.org/link/react-devtools font-weight:bold @ webpack-internal:///./node_modules/react-dom/cjs/react-dom.development.js:29889
[  724334ms] [LOG] [HMR] connected @ webpack-internal:///./node_modules/next/dist/client/dev/error-overlay/websocket.js:45
[  724389ms] [LOG] %c[Vercel Web Analytics]%c Debug mode is enabled by default in development. No requests will be sent to the server. color: rgb(120, 120, 120) color: inherit @ https://va.vercel-scripts.com/v1/script.debug.js:0
[  724390ms] [LOG] %c[Vercel Web Analytics]%c [view] http://localhost:3002/landing-ko-vf color: rgb(120, 120, 120) color: inherit {o: http://localhost:3002/landing-ko-vf, sv: 0.1.3, sdkn: @vercel/analytics/react, sdkv: 1.6.1, ts: 1777531582983} /_vercel/insights/view @ https://va.vercel-scripts.com/v1/script.debug.js:0
[  724447ms] [ERROR] Failed to load resource: the server responded with a status of 404 (Not Found) @ http://localhost:3002/_next/static/webpack/94d8359e3a18fee8.webpack.hot-update.json:0
[  725136ms] [INFO] %cDownload the React DevTools for a better development experience: https://reactjs.org/link/react-devtools font-weight:bold @ webpack-internal:///./node_modules/react-dom/cjs/react-dom.development.js:29889
[  725235ms] [LOG] [HMR] connected @ webpack-internal:///./node_modules/next/dist/client/dev/error-overlay/websocket.js:45
[  725304ms] [LOG] %c[Vercel Web Analytics]%c Debug mode is enabled by default in development. No requests will be sent to the server. color: rgb(120, 120, 120) color: inherit @ https://va.vercel-scripts.com/v1/script.debug.js:0
[  725304ms] [LOG] %c[Vercel Web Analytics]%c [view] http://localhost:3002/landing-ko-vf color: rgb(120, 120, 120) color: inherit {o: http://localhost:3002/landing-ko-vf, sv: 0.1.3, sdkn: @vercel/analytics/react, sdkv: 1.6.1, ts: 1777531583898} /_vercel/insights/view @ https://va.vercel-scripts.com/v1/script.debug.js:0
[  725351ms] [ERROR] Failed to load resource: the server responded with a status of 404 (Not Found) @ http://localhost:3002/_next/static/webpack/94d8359e3a18fee8.webpack.hot-update.json:0
[  725880ms] [INFO] %cDownload the React DevTools for a better development experience: https://reactjs.org/link/react-devtools font-weight:bold @ webpack-internal:///./node_modules/react-dom/cjs/react-dom.development.js:29889
[  725952ms] [LOG] [HMR] connected @ webpack-internal:///./node_modules/next/dist/client/dev/error-overlay/websocket.js:45
[  726000ms] [LOG] %c[Vercel Web Analytics]%c Debug mode is enabled by default in development. No requests will be sent to the server. color: rgb(120, 120, 120) color: inherit @ https://va.vercel-scripts.com/v1/script.debug.js:0
[  726000ms] [LOG] %c[Vercel Web Analytics]%c [view] http://localhost:3002/landing-ko-vf color: rgb(120, 120, 120) color: inherit {o: http://localhost:3002/landing-ko-vf, sv: 0.1.3, sdkn: @vercel/analytics/react, sdkv: 1.6.1, ts: 1777531584594} /_vercel/insights/view @ https://va.vercel-scripts.com/v1/script.debug.js:0
[  726000ms] [ERROR] Failed to load resource: the server responded with a status of 404 (Not Found) @ http://localhost:3002/_next/static/webpack/94d8359e3a18fee8.webpack.hot-update.json:0
[  726466ms] [INFO] %cDownload the React DevTools for a better development experience: https://reactjs.org/link/react-devtools font-weight:bold @ webpack-internal:///./node_modules/react-dom/cjs/react-dom.development.js:29889
[  726521ms] [LOG] [HMR] connected @ webpack-internal:///./node_modules/next/dist/client/dev/error-overlay/websocket.js:45
[  726572ms] [ERROR] Failed to load resource: the server responded with a status of 404 (Not Found) @ http://localhost:3002/_next/static/webpack/94d8359e3a18fee8.webpack.hot-update.json:0
[  726581ms] [LOG] %c[Vercel Web Analytics]%c Debug mode is enabled by default in development. No requests will be sent to the server. color: rgb(120, 120, 120) color: inherit @ https://va.vercel-scripts.com/v1/script.debug.js:0
[  726581ms] [LOG] %c[Vercel Web Analytics]%c [view] http://localhost:3002/landing-ko-vf color: rgb(120, 120, 120) color: inherit {o: http://localhost:3002/landing-ko-vf, sv: 0.1.3, sdkn: @vercel/analytics/react, sdkv: 1.6.1, ts: 1777531585174} /_vercel/insights/view @ https://va.vercel-scripts.com/v1/script.debug.js:0
[  726800ms] [INFO] %cDownload the React DevTools for a better development experience: https://reactjs.org/link/react-devtools font-weight:bold @ webpack-internal:///./node_modules/react-dom/cjs/react-dom.development.js:29889
[  726874ms] [LOG] [HMR] connected @ webpack-internal:///./node_modules/next/dist/client/dev/error-overlay/websocket.js:45
[  726909ms] [ERROR] Failed to load resource: the server responded with a status of 404 (Not Found) @ http://localhost:3002/_next/static/webpack/94d8359e3a18fee8.webpack.hot-update.json:0
[  726926ms] [LOG] %c[Vercel Web Analytics]%c Debug mode is enabled by default in development. No requests will be sent to the server. color: rgb(120, 120, 120) color: inherit @ https://va.vercel-scripts.com/v1/script.debug.js:0
[  726926ms] [LOG] %c[Vercel Web Analytics]%c [view] http://localhost:3002/landing-ko-vf color: rgb(120, 120, 120) color: inherit {o: http://localhost:3002/landing-ko-vf, sv: 0.1.3, sdkn: @vercel/analytics/react, sdkv: 1.6.1, ts: 1777531585520} /_vercel/insights/view @ https://va.vercel-scripts.com/v1/script.debug.js:0
[  727495ms] [INFO] %cDownload the React DevTools for a better development experience: https://reactjs.org/link/react-devtools font-weight:bold @ webpack-internal:///./node_modules/react-dom/cjs/react-dom.development.js:29889
[  727549ms] [LOG] [HMR] connected @ webpack-internal:///./node_modules/next/dist/client/dev/error-overlay/websocket.js:45
[  727584ms] [ERROR] Failed to load resource: the server responded with a status of 404 (Not Found) @ http://localhost:3002/_next/static/webpack/94d8359e3a18fee8.webpack.hot-update.json:0
[  727599ms] [LOG] %c[Vercel Web Analytics]%c Debug mode is enabled by default in development. No requests will be sent to the server. color: rgb(120, 120, 120) color: inherit @ https://va.vercel-scripts.com/v1/script.debug.js:0
[  727599ms] [LOG] %c[Vercel Web Analytics]%c [view] http://localhost:3002/landing-ko-vf color: rgb(120, 120, 120) color: inherit {o: http://localhost:3002/landing-ko-vf, sv: 0.1.3, sdkn: @vercel/analytics/react, sdkv: 1.6.1, ts: 1777531586193} /_vercel/insights/view @ https://va.vercel-scripts.com/v1/script.debug.js:0
[  727824ms] [INFO] %cDownload the React DevTools for a better development experience: https://reactjs.org/link/react-devtools font-weight:bold @ webpack-internal:///./node_modules/react-dom/cjs/react-dom.development.js:29889
[  727918ms] [LOG] [HMR] connected @ webpack-internal:///./node_modules/next/dist/client/dev/error-overlay/websocket.js:45
[  728030ms] [LOG] %c[Vercel Web Analytics]%c Debug mode is enabled by default in development. No requests will be sent to the server. color: rgb(120, 120, 120) color: inherit @ https://va.vercel-scripts.com/v1/script.debug.js:0
[  728030ms] [LOG] %c[Vercel Web Analytics]%c [view] http://localhost:3002/landing-ko-vf color: rgb(120, 120, 120) color: inherit {o: http://localhost:3002/landing-ko-vf, sv: 0.1.3, sdkn: @vercel/analytics/react, sdkv: 1.6.1, ts: 1777531586623} /_vercel/insights/view @ https://va.vercel-scripts.com/v1/script.debug.js:0
[  728075ms] [ERROR] Failed to load resource: the server responded with a status of 404 (Not Found) @ http://localhost:3002/_next/static/webpack/94d8359e3a18fee8.webpack.hot-update.json:0
[  728317ms] [INFO] %cDownload the React DevTools for a better development experience: https://reactjs.org/link/react-devtools font-weight:bold @ webpack-internal:///./node_modules/react-dom/cjs/react-dom.development.js:29889
[  728394ms] [LOG] [HMR] connected @ webpack-internal:///./node_modules/next/dist/client/dev/error-overlay/websocket.js:45
[  728439ms] [LOG] %c[Vercel Web Analytics]%c Debug mode is enabled by default in development. No requests will be sent to the server. color: rgb(120, 120, 120) color: inherit @ https://va.vercel-scripts.com/v1/script.debug.js:0
[  728439ms] [LOG] %c[Vercel Web Analytics]%c [view] http://localhost:3002/landing-ko-vf color: rgb(120, 120, 120) color: inherit {o: http://localhost:3002/landing-ko-vf, sv: 0.1.3, sdkn: @vercel/analytics/react, sdkv: 1.6.1, ts: 1777531587033} /_vercel/insights/view @ https://va.vercel-scripts.com/v1/script.debug.js:0
[  728440ms] [ERROR] Failed to load resource: the server responded with a status of 404 (Not Found) @ http://localhost:3002/_next/static/webpack/94d8359e3a18fee8.webpack.hot-update.json:0
[  728708ms] [INFO] %cDownload the React DevTools for a better development experience: https://reactjs.org/link/react-devtools font-weight:bold @ webpack-internal:///./node_modules/react-dom/cjs/react-dom.development.js:29889
[  728841ms] [LOG] [HMR] connected @ webpack-internal:///./node_modules/next/dist/client/dev/error-overlay/websocket.js:45
[  728908ms] [LOG] %c[Vercel Web Analytics]%c Debug mode is enabled by default in development. No requests will be sent to the server. color: rgb(120, 120, 120) color: inherit @ https://va.vercel-scripts.com/v1/script.debug.js:0
[  728908ms] [LOG] %c[Vercel Web Analytics]%c [view] http://localhost:3002/landing-ko-vf color: rgb(120, 120, 120) color: inherit {o: http://localhost:3002/landing-ko-vf, sv: 0.1.3, sdkn: @vercel/analytics/react, sdkv: 1.6.1, ts: 1777531587501} /_vercel/insights/view @ https://va.vercel-scripts.com/v1/script.debug.js:0
[  728922ms] [ERROR] Failed to load resource: the server responded with a status of 404 (Not Found) @ http://localhost:3002/_next/static/webpack/94d8359e3a18fee8.webpack.hot-update.json:0
[  729127ms] [INFO] %cDownload the React DevTools for a better development experience: https://reactjs.org/link/react-devtools font-weight:bold @ webpack-internal:///./node_modules/react-dom/cjs/react-dom.development.js:29889
[  729176ms] [LOG] [HMR] connected @ webpack-internal:///./node_modules/next/dist/client/dev/error-overlay/websocket.js:45
[  729210ms] [ERROR] Failed to load resource: the server responded with a status of 404 (Not Found) @ http://localhost:3002/_next/static/webpack/94d8359e3a18fee8.webpack.hot-update.json:0
[  729217ms] [LOG] %c[Vercel Web Analytics]%c Debug mode is enabled by default in development. No requests will be sent to the server. color: rgb(120, 120, 120) color: inherit @ https://va.vercel-scripts.com/v1/script.debug.js:0
[  729218ms] [LOG] %c[Vercel Web Analytics]%c [view] http://localhost:3002/landing-ko-vf color: rgb(120, 120, 120) color: inherit {o: http://localhost:3002/landing-ko-vf, sv: 0.1.3, sdkn: @vercel/analytics/react, sdkv: 1.6.1, ts: 1777531587811} /_vercel/insights/view @ https://va.vercel-scripts.com/v1/script.debug.js:0
[  729459ms] [INFO] %cDownload the React DevTools for a better development experience: https://reactjs.org/link/react-devtools font-weight:bold @ webpack-internal:///./node_modules/react-dom/cjs/react-dom.development.js:29889
[  729532ms] [LOG] [HMR] connected @ webpack-internal:///./node_modules/next/dist/client/dev/error-overlay/websocket.js:45
[  729580ms] [LOG] %c[Vercel Web Analytics]%c Debug mode is enabled by default in development. No requests will be sent to the server. color: rgb(120, 120, 120) color: inherit @ https://va.vercel-scripts.com/v1/script.debug.js:0
[  729580ms] [LOG] %c[Vercel Web Analytics]%c [view] http://localhost:3002/landing-ko-vf color: rgb(120, 120, 120) color: inherit {o: http://localhost:3002/landing-ko-vf, sv: 0.1.3, sdkn: @vercel/analytics/react, sdkv: 1.6.1, ts: 1777531588173} /_vercel/insights/view @ https://va.vercel-scripts.com/v1/script.debug.js:0
[  729580ms] [ERROR] Failed to load resource: the server responded with a status of 404 (Not Found) @ http://localhost:3002/_next/static/webpack/94d8359e3a18fee8.webpack.hot-update.json:0
[  729853ms] [INFO] %cDownload the React DevTools for a better development experience: https://reactjs.org/link/react-devtools font-weight:bold @ webpack-internal:///./node_modules/react-dom/cjs/react-dom.development.js:29889
[  729907ms] [LOG] [HMR] connected @ webpack-internal:///./node_modules/next/dist/client/dev/error-overlay/websocket.js:45
[  729932ms] [ERROR] Failed to load resource: the server responded with a status of 404 (Not Found) @ http://localhost:3002/_next/static/webpack/94d8359e3a18fee8.webpack.hot-update.json:0
[  729943ms] [LOG] %c[Vercel Web Analytics]%c Debug mode is enabled by default in development. No requests will be sent to the server. color: rgb(120, 120, 120) color: inherit @ https://va.vercel-scripts.com/v1/script.debug.js:0
[  729943ms] [LOG] %c[Vercel Web Analytics]%c [view] http://localhost:3002/landing-ko-vf color: rgb(120, 120, 120) color: inherit {o: http://localhost:3002/landing-ko-vf, sv: 0.1.3, sdkn: @vercel/analytics/react, sdkv: 1.6.1, ts: 1777531588537} /_vercel/insights/view @ https://va.vercel-scripts.com/v1/script.debug.js:0
[  730224ms] [INFO] %cDownload the React DevTools for a better development experience: https://reactjs.org/link/react-devtools font-weight:bold @ webpack-internal:///./node_modules/react-dom/cjs/react-dom.development.js:29889
[  730349ms] [LOG] [HMR] connected @ webpack-internal:///./node_modules/next/dist/client/dev/error-overlay/websocket.js:45
[  730392ms] [ERROR] Failed to load resource: the server responded with a status of 404 (Not Found) @ http://localhost:3002/_next/static/webpack/94d8359e3a18fee8.webpack.hot-update.json:0
[  730403ms] [LOG] %c[Vercel Web Analytics]%c Debug mode is enabled by default in development. No requests will be sent to the server. color: rgb(120, 120, 120) color: inherit @ https://va.vercel-scripts.com/v1/script.debug.js:0
[  730404ms] [LOG] %c[Vercel Web Analytics]%c [view] http://localhost:3002/landing-ko-vf color: rgb(120, 120, 120) color: inherit {o: http://localhost:3002/landing-ko-vf, sv: 0.1.3, sdkn: @vercel/analytics/react, sdkv: 1.6.1, ts: 1777531588997} /_vercel/insights/view @ https://va.vercel-scripts.com/v1/script.debug.js:0
[  730606ms] [INFO] %cDownload the React DevTools for a better development experience: https://reactjs.org/link/react-devtools font-weight:bold @ webpack-internal:///./node_modules/react-dom/cjs/react-dom.development.js:29889
[  730655ms] [LOG] [HMR] connected @ webpack-internal:///./node_modules/next/dist/client/dev/error-overlay/websocket.js:45
[  730686ms] [ERROR] Failed to load resource: the server responded with a status of 404 (Not Found) @ http://localhost:3002/_next/static/webpack/94d8359e3a18fee8.webpack.hot-update.json:0
[  730693ms] [LOG] %c[Vercel Web Analytics]%c Debug mode is enabled by default in development. No requests will be sent to the server. color: rgb(120, 120, 120) color: inherit @ https://va.vercel-scripts.com/v1/script.debug.js:0
[  730693ms] [LOG] %c[Vercel Web Analytics]%c [view] http://localhost:3002/landing-ko-vf color: rgb(120, 120, 120) color: inherit {o: http://localhost:3002/landing-ko-vf, sv: 0.1.3, sdkn: @vercel/analytics/react, sdkv: 1.6.1, ts: 1777531589286} /_vercel/insights/view @ https://va.vercel-scripts.com/v1/script.debug.js:0
[  730882ms] [INFO] %cDownload the React DevTools for a better development experience: https://reactjs.org/link/react-devtools font-weight:bold @ webpack-internal:///./node_modules/react-dom/cjs/react-dom.development.js:29889
[  730964ms] [LOG] [HMR] connected @ webpack-internal:///./node_modules/next/dist/client/dev/error-overlay/websocket.js:45
[  730997ms] [ERROR] Failed to load resource: the server responded with a status of 404 (Not Found) @ http://localhost:3002/_next/static/webpack/94d8359e3a18fee8.webpack.hot-update.json:0
[  731010ms] [LOG] %c[Vercel Web Analytics]%c Debug mode is enabled by default in development. No requests will be sent to the server. color: rgb(120, 120, 120) color: inherit @ https://va.vercel-scripts.com/v1/script.debug.js:0
[  731010ms] [LOG] %c[Vercel Web Analytics]%c [view] http://localhost:3002/landing-ko-vf color: rgb(120, 120, 120) color: inherit {o: http://localhost:3002/landing-ko-vf, sv: 0.1.3, sdkn: @vercel/analytics/react, sdkv: 1.6.1, ts: 1777531589603} /_vercel/insights/view @ https://va.vercel-scripts.com/v1/script.debug.js:0
[  731230ms] [INFO] %cDownload the React DevTools for a better development experience: https://reactjs.org/link/react-devtools font-weight:bold @ webpack-internal:///./node_modules/react-dom/cjs/react-dom.development.js:29889
[  731289ms] [LOG] [HMR] connected @ webpack-internal:///./node_modules/next/dist/client/dev/error-overlay/websocket.js:45
[  731337ms] [LOG] %c[Vercel Web Analytics]%c Debug mode is enabled by default in development. No requests will be sent to the server. color: rgb(120, 120, 120) color: inherit @ https://va.vercel-scripts.com/v1/script.debug.js:0
[  731337ms] [LOG] %c[Vercel Web Analytics]%c [view] http://localhost:3002/landing-ko-vf color: rgb(120, 120, 120) color: inherit {o: http://localhost:3002/landing-ko-vf, sv: 0.1.3, sdkn: @vercel/analytics/react, sdkv: 1.6.1, ts: 1777531589930} /_vercel/insights/view @ https://va.vercel-scripts.com/v1/script.debug.js:0
[  731406ms] [ERROR] Failed to load resource: the server responded with a status of 404 (Not Found) @ http://localhost:3002/_next/static/webpack/94d8359e3a18fee8.webpack.hot-update.json:0
[  731603ms] [INFO] %cDownload the React DevTools for a better development experience: https://reactjs.org/link/react-devtools font-weight:bold @ webpack-internal:///./node_modules/react-dom/cjs/react-dom.development.js:29889
[  731659ms] [LOG] [HMR] connected @ webpack-internal:///./node_modules/next/dist/client/dev/error-overlay/websocket.js:45
[  731698ms] [ERROR] Failed to load resource: the server responded with a status of 404 (Not Found) @ http://localhost:3002/_next/static/webpack/94d8359e3a18fee8.webpack.hot-update.json:0
[  731710ms] [LOG] %c[Vercel Web Analytics]%c Debug mode is enabled by default in development. No requests will be sent to the server. color: rgb(120, 120, 120) color: inherit @ https://va.vercel-scripts.com/v1/script.debug.js:0
[  731710ms] [LOG] %c[Vercel Web Analytics]%c [view] http://localhost:3002/landing-ko-vf color: rgb(120, 120, 120) color: inherit {o: http://localhost:3002/landing-ko-vf, sv: 0.1.3, sdkn: @vercel/analytics/react, sdkv: 1.6.1, ts: 1777531590303} /_vercel/insights/view @ https://va.vercel-scripts.com/v1/script.debug.js:0
[  731915ms] [INFO] %cDownload the React DevTools for a better development experience: https://reactjs.org/link/react-devtools font-weight:bold @ webpack-internal:///./node_modules/react-dom/cjs/react-dom.development.js:29889
[  731963ms] [LOG] [HMR] connected @ webpack-internal:///./node_modules/next/dist/client/dev/error-overlay/websocket.js:45
[  731990ms] [ERROR] Failed to load resource: the server responded with a status of 404 (Not Found) @ http://localhost:3002/_next/static/webpack/94d8359e3a18fee8.webpack.hot-update.json:0
[  732001ms] [LOG] %c[Vercel Web Analytics]%c Debug mode is enabled by default in development. No requests will be sent to the server. color: rgb(120, 120, 120) color: inherit @ https://va.vercel-scripts.com/v1/script.debug.js:0
[  732001ms] [LOG] %c[Vercel Web Analytics]%c [view] http://localhost:3002/landing-ko-vf color: rgb(120, 120, 120) color: inherit {o: http://localhost:3002/landing-ko-vf, sv: 0.1.3, sdkn: @vercel/analytics/react, sdkv: 1.6.1, ts: 1777531590595} /_vercel/insights/view @ https://va.vercel-scripts.com/v1/script.debug.js:0
[  732281ms] [INFO] %cDownload the React DevTools for a better development experience: https://reactjs.org/link/react-devtools font-weight:bold @ webpack-internal:///./node_modules/react-dom/cjs/react-dom.development.js:29889
[  732359ms] [LOG] [HMR] connected @ webpack-internal:///./node_modules/next/dist/client/dev/error-overlay/websocket.js:45
[  732387ms] [ERROR] Failed to load resource: the server responded with a status of 404 (Not Found) @ http://localhost:3002/_next/static/webpack/94d8359e3a18fee8.webpack.hot-update.json:0
[  732398ms] [LOG] %c[Vercel Web Analytics]%c Debug mode is enabled by default in development. No requests will be sent to the server. color: rgb(120, 120, 120) color: inherit @ https://va.vercel-scripts.com/v1/script.debug.js:0
[  732398ms] [LOG] %c[Vercel Web Analytics]%c [view] http://localhost:3002/landing-ko-vf color: rgb(120, 120, 120) color: inherit {o: http://localhost:3002/landing-ko-vf, sv: 0.1.3, sdkn: @vercel/analytics/react, sdkv: 1.6.1, ts: 1777531590992} /_vercel/insights/view @ https://va.vercel-scripts.com/v1/script.debug.js:0
[  732792ms] [INFO] %cDownload the React DevTools for a better development experience: https://reactjs.org/link/react-devtools font-weight:bold @ webpack-internal:///./node_modules/react-dom/cjs/react-dom.development.js:29889
[  732851ms] [LOG] [HMR] connected @ webpack-internal:///./node_modules/next/dist/client/dev/error-overlay/websocket.js:45
[  732902ms] [LOG] %c[Vercel Web Analytics]%c Debug mode is enabled by default in development. No requests will be sent to the server. color: rgb(120, 120, 120) color: inherit @ https://va.vercel-scripts.com/v1/script.debug.js:0
[  732902ms] [LOG] %c[Vercel Web Analytics]%c [view] http://localhost:3002/landing-ko-vf color: rgb(120, 120, 120) color: inherit {o: http://localhost:3002/landing-ko-vf, sv: 0.1.3, sdkn: @vercel/analytics/react, sdkv: 1.6.1, ts: 1777531591496} /_vercel/insights/view @ https://va.vercel-scripts.com/v1/script.debug.js:0
[  732949ms] [ERROR] Failed to load resource: the server responded with a status of 404 (Not Found) @ http://localhost:3002/_next/static/webpack/94d8359e3a18fee8.webpack.hot-update.json:0
[  733341ms] [INFO] %cDownload the React DevTools for a better development experience: https://reactjs.org/link/react-devtools font-weight:bold @ webpack-internal:///./node_modules/react-dom/cjs/react-dom.development.js:29889
[  733399ms] [LOG] [HMR] connected @ webpack-internal:///./node_modules/next/dist/client/dev/error-overlay/websocket.js:45
[  733433ms] [ERROR] Failed to load resource: the server responded with a status of 404 (Not Found) @ http://localhost:3002/_next/static/webpack/94d8359e3a18fee8.webpack.hot-update.json:0
[  733446ms] [LOG] %c[Vercel Web Analytics]%c Debug mode is enabled by default in development. No requests will be sent to the server. color: rgb(120, 120, 120) color: inherit @ https://va.vercel-scripts.com/v1/script.debug.js:0
[  733446ms] [LOG] %c[Vercel Web Analytics]%c [view] http://localhost:3002/landing-ko-vf color: rgb(120, 120, 120) color: inherit {o: http://localhost:3002/landing-ko-vf, sv: 0.1.3, sdkn: @vercel/analytics/react, sdkv: 1.6.1, ts: 1777531592039} /_vercel/insights/view @ https://va.vercel-scripts.com/v1/script.debug.js:0
[  733693ms] [INFO] %cDownload the React DevTools for a better development experience: https://reactjs.org/link/react-devtools font-weight:bold @ webpack-internal:///./node_modules/react-dom/cjs/react-dom.development.js:29889
[  733775ms] [LOG] [HMR] connected @ webpack-internal:///./node_modules/next/dist/client/dev/error-overlay/websocket.js:45
[  733805ms] [ERROR] Failed to load resource: the server responded with a status of 404 (Not Found) @ http://localhost:3002/_next/static/webpack/94d8359e3a18fee8.webpack.hot-update.json:0
[  733816ms] [LOG] %c[Vercel Web Analytics]%c Debug mode is enabled by default in development. No requests will be sent to the server. color: rgb(120, 120, 120) color: inherit @ https://va.vercel-scripts.com/v1/script.debug.js:0
[  733816ms] [LOG] %c[Vercel Web Analytics]%c [view] http://localhost:3002/landing-ko-vf color: rgb(120, 120, 120) color: inherit {o: http://localhost:3002/landing-ko-vf, sv: 0.1.3, sdkn: @vercel/analytics/react, sdkv: 1.6.1, ts: 1777531592410} /_vercel/insights/view @ https://va.vercel-scripts.com/v1/script.debug.js:0
[  734158ms] [INFO] %cDownload the React DevTools for a better development experience: https://reactjs.org/link/react-devtools font-weight:bold @ webpack-internal:///./node_modules/react-dom/cjs/react-dom.development.js:29889
[  734210ms] [LOG] [HMR] connected @ webpack-internal:///./node_modules/next/dist/client/dev/error-overlay/websocket.js:45
[  734329ms] [LOG] %c[Vercel Web Analytics]%c Debug mode is enabled by default in development. No requests will be sent to the server. color: rgb(120, 120, 120) color: inherit @ https://va.vercel-scripts.com/v1/script.debug.js:0
[  734329ms] [LOG] %c[Vercel Web Analytics]%c [view] http://localhost:3002/landing-ko-vf color: rgb(120, 120, 120) color: inherit {o: http://localhost:3002/landing-ko-vf, sv: 0.1.3, sdkn: @vercel/analytics/react, sdkv: 1.6.1, ts: 1777531592922} /_vercel/insights/view @ https://va.vercel-scripts.com/v1/script.debug.js:0
[  734367ms] [ERROR] Failed to load resource: the server responded with a status of 404 (Not Found) @ http://localhost:3002/_next/static/webpack/94d8359e3a18fee8.webpack.hot-update.json:0
[  734564ms] [INFO] %cDownload the React DevTools for a better development experience: https://reactjs.org/link/react-devtools font-weight:bold @ webpack-internal:///./node_modules/react-dom/cjs/react-dom.development.js:29889
[  734619ms] [LOG] [HMR] connected @ webpack-internal:///./node_modules/next/dist/client/dev/error-overlay/websocket.js:45
[  734766ms] [LOG] %c[Vercel Web Analytics]%c Debug mode is enabled by default in development. No requests will be sent to the server. color: rgb(120, 120, 120) color: inherit @ https://va.vercel-scripts.com/v1/script.debug.js:0
[  734766ms] [LOG] %c[Vercel Web Analytics]%c [view] http://localhost:3002/landing-ko-vf color: rgb(120, 120, 120) color: inherit {o: http://localhost:3002/landing-ko-vf, sv: 0.1.3, sdkn: @vercel/analytics/react, sdkv: 1.6.1, ts: 1777531593360} /_vercel/insights/view @ https://va.vercel-scripts.com/v1/script.debug.js:0
[  734791ms] [ERROR] Failed to load resource: the server responded with a status of 404 (Not Found) @ http://localhost:3002/_next/static/webpack/94d8359e3a18fee8.webpack.hot-update.json:0
[  735064ms] [INFO] %cDownload the React DevTools for a better development experience: https://reactjs.org/link/react-devtools font-weight:bold @ webpack-internal:///./node_modules/react-dom/cjs/react-dom.development.js:29889
[  735135ms] [LOG] [HMR] connected @ webpack-internal:///./node_modules/next/dist/client/dev/error-overlay/websocket.js:45
[  735163ms] [ERROR] Failed to load resource: the server responded with a status of 404 (Not Found) @ http://localhost:3002/_next/static/webpack/94d8359e3a18fee8.webpack.hot-update.json:0
[  735175ms] [LOG] %c[Vercel Web Analytics]%c Debug mode is enabled by default in development. No requests will be sent to the server. color: rgb(120, 120, 120) color: inherit @ https://va.vercel-scripts.com/v1/script.debug.js:0
[  735175ms] [LOG] %c[Vercel Web Analytics]%c [view] http://localhost:3002/landing-ko-vf color: rgb(120, 120, 120) color: inherit {o: http://localhost:3002/landing-ko-vf, sv: 0.1.3, sdkn: @vercel/analytics/react, sdkv: 1.6.1, ts: 1777531593768} /_vercel/insights/view @ https://va.vercel-scripts.com/v1/script.debug.js:0
[  735466ms] [INFO] %cDownload the React DevTools for a better development experience: https://reactjs.org/link/react-devtools font-weight:bold @ webpack-internal:///./node_modules/react-dom/cjs/react-dom.development.js:29889
[  735521ms] [LOG] [HMR] connected @ webpack-internal:///./node_modules/next/dist/client/dev/error-overlay/websocket.js:45
[  735559ms] [LOG] %c[Vercel Web Analytics]%c Debug mode is enabled by default in development. No requests will be sent to the server. color: rgb(120, 120, 120) color: inherit @ https://va.vercel-scripts.com/v1/script.debug.js:0
[  735559ms] [LOG] %c[Vercel Web Analytics]%c [view] http://localhost:3002/landing-ko-vf color: rgb(120, 120, 120) color: inherit {o: http://localhost:3002/landing-ko-vf, sv: 0.1.3, sdkn: @vercel/analytics/react, sdkv: 1.6.1, ts: 1777531594153} /_vercel/insights/view @ https://va.vercel-scripts.com/v1/script.debug.js:0
[  735559ms] [ERROR] Failed to load resource: the server responded with a status of 404 (Not Found) @ http://localhost:3002/_next/static/webpack/94d8359e3a18fee8.webpack.hot-update.json:0
[  735939ms] [INFO] %cDownload the React DevTools for a better development experience: https://reactjs.org/link/react-devtools font-weight:bold @ webpack-internal:///./node_modules/react-dom/cjs/react-dom.development.js:29889
[  735989ms] [LOG] [HMR] connected @ webpack-internal:///./node_modules/next/dist/client/dev/error-overlay/websocket.js:45
[  736023ms] [ERROR] Failed to load resource: the server responded with a status of 404 (Not Found) @ http://localhost:3002/_next/static/webpack/94d8359e3a18fee8.webpack.hot-update.json:0
[  736036ms] [LOG] %c[Vercel Web Analytics]%c Debug mode is enabled by default in development. No requests will be sent to the server. color: rgb(120, 120, 120) color: inherit @ https://va.vercel-scripts.com/v1/script.debug.js:0
[  736036ms] [LOG] %c[Vercel Web Analytics]%c [view] http://localhost:3002/landing-ko-vf color: rgb(120, 120, 120) color: inherit {o: http://localhost:3002/landing-ko-vf, sv: 0.1.3, sdkn: @vercel/analytics/react, sdkv: 1.6.1, ts: 1777531594629} /_vercel/insights/view @ https://va.vercel-scripts.com/v1/script.debug.js:0
[  736392ms] [INFO] %cDownload the React DevTools for a better development experience: https://reactjs.org/link/react-devtools font-weight:bold @ webpack-internal:///./node_modules/react-dom/cjs/react-dom.development.js:29889
[  736474ms] [LOG] [HMR] connected @ webpack-internal:///./node_modules/next/dist/client/dev/error-overlay/websocket.js:45
[  736507ms] [ERROR] Failed to load resource: the server responded with a status of 404 (Not Found) @ http://localhost:3002/_next/static/webpack/94d8359e3a18fee8.webpack.hot-update.json:0
[  736518ms] [LOG] %c[Vercel Web Analytics]%c Debug mode is enabled by default in development. No requests will be sent to the server. color: rgb(120, 120, 120) color: inherit @ https://va.vercel-scripts.com/v1/script.debug.js:0
[  736518ms] [LOG] %c[Vercel Web Analytics]%c [view] http://localhost:3002/landing-ko-vf color: rgb(120, 120, 120) color: inherit {o: http://localhost:3002/landing-ko-vf, sv: 0.1.3, sdkn: @vercel/analytics/react, sdkv: 1.6.1, ts: 1777531595112} /_vercel/insights/view @ https://va.vercel-scripts.com/v1/script.debug.js:0
[  736725ms] [INFO] %cDownload the React DevTools for a better development experience: https://reactjs.org/link/react-devtools font-weight:bold @ webpack-internal:///./node_modules/react-dom/cjs/react-dom.development.js:29889
[  736774ms] [LOG] [HMR] connected @ webpack-internal:///./node_modules/next/dist/client/dev/error-overlay/websocket.js:45
[  736805ms] [ERROR] Failed to load resource: the server responded with a status of 404 (Not Found) @ http://localhost:3002/_next/static/webpack/94d8359e3a18fee8.webpack.hot-update.json:0
[  736816ms] [LOG] %c[Vercel Web Analytics]%c Debug mode is enabled by default in development. No requests will be sent to the server. color: rgb(120, 120, 120) color: inherit @ https://va.vercel-scripts.com/v1/script.debug.js:0
[  736816ms] [LOG] %c[Vercel Web Analytics]%c [view] http://localhost:3002/landing-ko-vf color: rgb(120, 120, 120) color: inherit {o: http://localhost:3002/landing-ko-vf, sv: 0.1.3, sdkn: @vercel/analytics/react, sdkv: 1.6.1, ts: 1777531595410} /_vercel/insights/view @ https://va.vercel-scripts.com/v1/script.debug.js:0
[  737128ms] [INFO] %cDownload the React DevTools for a better development experience: https://reactjs.org/link/react-devtools font-weight:bold @ webpack-internal:///./node_modules/react-dom/cjs/react-dom.development.js:29889
[  737177ms] [LOG] [HMR] connected @ webpack-internal:///./node_modules/next/dist/client/dev/error-overlay/websocket.js:45
[  737216ms] [LOG] %c[Vercel Web Analytics]%c Debug mode is enabled by default in development. No requests will be sent to the server. color: rgb(120, 120, 120) color: inherit @ https://va.vercel-scripts.com/v1/script.debug.js:0
[  737216ms] [LOG] %c[Vercel Web Analytics]%c [view] http://localhost:3002/landing-ko-vf color: rgb(120, 120, 120) color: inherit {o: http://localhost:3002/landing-ko-vf, sv: 0.1.3, sdkn: @vercel/analytics/react, sdkv: 1.6.1, ts: 1777531595809} /_vercel/insights/view @ https://va.vercel-scripts.com/v1/script.debug.js:0
[  737216ms] [ERROR] Failed to load resource: the server responded with a status of 404 (Not Found) @ http://localhost:3002/_next/static/webpack/94d8359e3a18fee8.webpack.hot-update.json:0
[  737473ms] [INFO] %cDownload the React DevTools for a better development experience: https://reactjs.org/link/react-devtools font-weight:bold @ webpack-internal:///./node_modules/react-dom/cjs/react-dom.development.js:29889
[  737575ms] [LOG] [HMR] connected @ webpack-internal:///./node_modules/next/dist/client/dev/error-overlay/websocket.js:45
[  737628ms] [LOG] %c[Vercel Web Analytics]%c Debug mode is enabled by default in development. No requests will be sent to the server. color: rgb(120, 120, 120) color: inherit @ https://va.vercel-scripts.com/v1/script.debug.js:0
[  737628ms] [LOG] %c[Vercel Web Analytics]%c [view] http://localhost:3002/landing-ko-vf color: rgb(120, 120, 120) color: inherit {o: http://localhost:3002/landing-ko-vf, sv: 0.1.3, sdkn: @vercel/analytics/react, sdkv: 1.6.1, ts: 1777531596221} /_vercel/insights/view @ https://va.vercel-scripts.com/v1/script.debug.js:0
[  737628ms] [ERROR] Failed to load resource: the server responded with a status of 404 (Not Found) @ http://localhost:3002/_next/static/webpack/94d8359e3a18fee8.webpack.hot-update.json:0
[  737844ms] [INFO] %cDownload the React DevTools for a better development experience: https://reactjs.org/link/react-devtools font-weight:bold @ webpack-internal:///./node_modules/react-dom/cjs/react-dom.development.js:29889
[  737894ms] [LOG] [HMR] connected @ webpack-internal:///./node_modules/next/dist/client/dev/error-overlay/websocket.js:45
[  737924ms] [ERROR] Failed to load resource: the server responded with a status of 404 (Not Found) @ http://localhost:3002/_next/static/webpack/94d8359e3a18fee8.webpack.hot-update.json:0
[  737936ms] [LOG] %c[Vercel Web Analytics]%c Debug mode is enabled by default in development. No requests will be sent to the server. color: rgb(120, 120, 120) color: inherit @ https://va.vercel-scripts.com/v1/script.debug.js:0
[  737936ms] [LOG] %c[Vercel Web Analytics]%c [view] http://localhost:3002/landing-ko-vf color: rgb(120, 120, 120) color: inherit {o: http://localhost:3002/landing-ko-vf, sv: 0.1.3, sdkn: @vercel/analytics/react, sdkv: 1.6.1, ts: 1777531596530} /_vercel/insights/view @ https://va.vercel-scripts.com/v1/script.debug.js:0
[  738201ms] [INFO] %cDownload the React DevTools for a better development experience: https://reactjs.org/link/react-devtools font-weight:bold @ webpack-internal:///./node_modules/react-dom/cjs/react-dom.development.js:29889
[  738304ms] [LOG] [HMR] connected @ webpack-internal:///./node_modules/next/dist/client/dev/error-overlay/websocket.js:45
[  738348ms] [ERROR] Failed to load resource: the server responded with a status of 404 (Not Found) @ http://localhost:3002/_next/static/webpack/94d8359e3a18fee8.webpack.hot-update.json:0
[  738360ms] [LOG] %c[Vercel Web Analytics]%c Debug mode is enabled by default in development. No requests will be sent to the server. color: rgb(120, 120, 120) color: inherit @ https://va.vercel-scripts.com/v1/script.debug.js:0
[  738360ms] [LOG] %c[Vercel Web Analytics]%c [view] http://localhost:3002/landing-ko-vf color: rgb(120, 120, 120) color: inherit {o: http://localhost:3002/landing-ko-vf, sv: 0.1.3, sdkn: @vercel/analytics/react, sdkv: 1.6.1, ts: 1777531596953} /_vercel/insights/view @ https://va.vercel-scripts.com/v1/script.debug.js:0
[  738582ms] [INFO] %cDownload the React DevTools for a better development experience: https://reactjs.org/link/react-devtools font-weight:bold @ webpack-internal:///./node_modules/react-dom/cjs/react-dom.development.js:29889
[  738632ms] [LOG] [HMR] connected @ webpack-internal:///./node_modules/next/dist/client/dev/error-overlay/websocket.js:45
[  738668ms] [LOG] %c[Vercel Web Analytics]%c Debug mode is enabled by default in development. No requests will be sent to the server. color: rgb(120, 120, 120) color: inherit @ https://va.vercel-scripts.com/v1/script.debug.js:0
[  738668ms] [LOG] %c[Vercel Web Analytics]%c [view] http://localhost:3002/landing-ko-vf color: rgb(120, 120, 120) color: inherit {o: http://localhost:3002/landing-ko-vf, sv: 0.1.3, sdkn: @vercel/analytics/react, sdkv: 1.6.1, ts: 1777531597262} /_vercel/insights/view @ https://va.vercel-scripts.com/v1/script.debug.js:0
[  738687ms] [ERROR] Failed to load resource: the server responded with a status of 404 (Not Found) @ http://localhost:3002/_next/static/webpack/94d8359e3a18fee8.webpack.hot-update.json:0
[  738980ms] [INFO] %cDownload the React DevTools for a better development experience: https://reactjs.org/link/react-devtools font-weight:bold @ webpack-internal:///./node_modules/react-dom/cjs/react-dom.development.js:29889
[  739029ms] [LOG] [HMR] connected @ webpack-internal:///./node_modules/next/dist/client/dev/error-overlay/websocket.js:45
[  739057ms] [ERROR] Failed to load resource: the server responded with a status of 404 (Not Found) @ http://localhost:3002/_next/static/webpack/94d8359e3a18fee8.webpack.hot-update.json:0
[  739070ms] [LOG] %c[Vercel Web Analytics]%c Debug mode is enabled by default in development. No requests will be sent to the server. color: rgb(120, 120, 120) color: inherit @ https://va.vercel-scripts.com/v1/script.debug.js:0
[  739070ms] [LOG] %c[Vercel Web Analytics]%c [view] http://localhost:3002/landing-ko-vf color: rgb(120, 120, 120) color: inherit {o: http://localhost:3002/landing-ko-vf, sv: 0.1.3, sdkn: @vercel/analytics/react, sdkv: 1.6.1, ts: 1777531597663} /_vercel/insights/view @ https://va.vercel-scripts.com/v1/script.debug.js:0
[  739272ms] [INFO] %cDownload the React DevTools for a better development experience: https://reactjs.org/link/react-devtools font-weight:bold @ webpack-internal:///./node_modules/react-dom/cjs/react-dom.development.js:29889
[  739344ms] [LOG] [HMR] connected @ webpack-internal:///./node_modules/next/dist/client/dev/error-overlay/websocket.js:45
[  739384ms] [ERROR] Failed to load resource: the server responded with a status of 404 (Not Found) @ http://localhost:3002/_next/static/webpack/94d8359e3a18fee8.webpack.hot-update.json:0
[  739387ms] [LOG] %c[Vercel Web Analytics]%c Debug mode is enabled by default in development. No requests will be sent to the server. color: rgb(120, 120, 120) color: inherit @ https://va.vercel-scripts.com/v1/script.debug.js:0
[  739387ms] [LOG] %c[Vercel Web Analytics]%c [view] http://localhost:3002/landing-ko-vf color: rgb(120, 120, 120) color: inherit {o: http://localhost:3002/landing-ko-vf, sv: 0.1.3, sdkn: @vercel/analytics/react, sdkv: 1.6.1, ts: 1777531597980} /_vercel/insights/view @ https://va.vercel-scripts.com/v1/script.debug.js:0
[  739807ms] [INFO] %cDownload the React DevTools for a better development experience: https://reactjs.org/link/react-devtools font-weight:bold @ webpack-internal:///./node_modules/react-dom/cjs/react-dom.development.js:29889
[  739872ms] [LOG] [HMR] connected @ webpack-internal:///./node_modules/next/dist/client/dev/error-overlay/websocket.js:45
[  739903ms] [ERROR] Failed to load resource: the server responded with a status of 404 (Not Found) @ http://localhost:3002/_next/static/webpack/94d8359e3a18fee8.webpack.hot-update.json:0
[  739909ms] [LOG] %c[Vercel Web Analytics]%c Debug mode is enabled by default in development. No requests will be sent to the server. color: rgb(120, 120, 120) color: inherit @ https://va.vercel-scripts.com/v1/script.debug.js:0
[  739909ms] [LOG] %c[Vercel Web Analytics]%c [view] http://localhost:3002/landing-ko-vf color: rgb(120, 120, 120) color: inherit {o: http://localhost:3002/landing-ko-vf, sv: 0.1.3, sdkn: @vercel/analytics/react, sdkv: 1.6.1, ts: 1777531598503} /_vercel/insights/view @ https://va.vercel-scripts.com/v1/script.debug.js:0
[  740139ms] [INFO] %cDownload the React DevTools for a better development experience: https://reactjs.org/link/react-devtools font-weight:bold @ webpack-internal:///./node_modules/react-dom/cjs/react-dom.development.js:29889
[  740189ms] [LOG] [HMR] connected @ webpack-internal:///./node_modules/next/dist/client/dev/error-overlay/websocket.js:45
[  740216ms] [ERROR] Failed to load resource: the server responded with a status of 404 (Not Found) @ http://localhost:3002/_next/static/webpack/94d8359e3a18fee8.webpack.hot-update.json:0
[  740228ms] [LOG] %c[Vercel Web Analytics]%c Debug mode is enabled by default in development. No requests will be sent to the server. color: rgb(120, 120, 120) color: inherit @ https://va.vercel-scripts.com/v1/script.debug.js:0
[  740228ms] [LOG] %c[Vercel Web Analytics]%c [view] http://localhost:3002/landing-ko-vf color: rgb(120, 120, 120) color: inherit {o: http://localhost:3002/landing-ko-vf, sv: 0.1.3, sdkn: @vercel/analytics/react, sdkv: 1.6.1, ts: 1777531598821} /_vercel/insights/view @ https://va.vercel-scripts.com/v1/script.debug.js:0
[  740518ms] [INFO] %cDownload the React DevTools for a better development experience: https://reactjs.org/link/react-devtools font-weight:bold @ webpack-internal:///./node_modules/react-dom/cjs/react-dom.development.js:29889
[  740581ms] [LOG] [HMR] connected @ webpack-internal:///./node_modules/next/dist/client/dev/error-overlay/websocket.js:45
[  740614ms] [ERROR] Failed to load resource: the server responded with a status of 404 (Not Found) @ http://localhost:3002/_next/static/webpack/94d8359e3a18fee8.webpack.hot-update.json:0
[  740626ms] [LOG] %c[Vercel Web Analytics]%c Debug mode is enabled by default in development. No requests will be sent to the server. color: rgb(120, 120, 120) color: inherit @ https://va.vercel-scripts.com/v1/script.debug.js:0
[  740626ms] [LOG] %c[Vercel Web Analytics]%c [view] http://localhost:3002/landing-ko-vf color: rgb(120, 120, 120) color: inherit {o: http://localhost:3002/landing-ko-vf, sv: 0.1.3, sdkn: @vercel/analytics/react, sdkv: 1.6.1, ts: 1777531599219} /_vercel/insights/view @ https://va.vercel-scripts.com/v1/script.debug.js:0
[  740825ms] [INFO] %cDownload the React DevTools for a better development experience: https://reactjs.org/link/react-devtools font-weight:bold @ webpack-internal:///./node_modules/react-dom/cjs/react-dom.development.js:29889
[  740875ms] [LOG] [HMR] connected @ webpack-internal:///./node_modules/next/dist/client/dev/error-overlay/websocket.js:45
[  740916ms] [LOG] %c[Vercel Web Analytics]%c Debug mode is enabled by default in development. No requests will be sent to the server. color: rgb(120, 120, 120) color: inherit @ https://va.vercel-scripts.com/v1/script.debug.js:0
[  740917ms] [LOG] %c[Vercel Web Analytics]%c [view] http://localhost:3002/landing-ko-vf color: rgb(120, 120, 120) color: inherit {o: http://localhost:3002/landing-ko-vf, sv: 0.1.3, sdkn: @vercel/analytics/react, sdkv: 1.6.1, ts: 1777531599510} /_vercel/insights/view @ https://va.vercel-scripts.com/v1/script.debug.js:0
[  740936ms] [ERROR] Failed to load resource: the server responded with a status of 404 (Not Found) @ http://localhost:3002/_next/static/webpack/94d8359e3a18fee8.webpack.hot-update.json:0
[  741245ms] [INFO] %cDownload the React DevTools for a better development experience: https://reactjs.org/link/react-devtools font-weight:bold @ webpack-internal:///./node_modules/react-dom/cjs/react-dom.development.js:29889
[  741296ms] [LOG] [HMR] connected @ webpack-internal:///./node_modules/next/dist/client/dev/error-overlay/websocket.js:45
[  741336ms] [LOG] %c[Vercel Web Analytics]%c Debug mode is enabled by default in development. No requests will be sent to the server. color: rgb(120, 120, 120) color: inherit @ https://va.vercel-scripts.com/v1/script.debug.js:0
[  741336ms] [LOG] %c[Vercel Web Analytics]%c [view] http://localhost:3002/landing-ko-vf color: rgb(120, 120, 120) color: inherit {o: http://localhost:3002/landing-ko-vf, sv: 0.1.3, sdkn: @vercel/analytics/react, sdkv: 1.6.1, ts: 1777531599930} /_vercel/insights/view @ https://va.vercel-scripts.com/v1/script.debug.js:0
[  741336ms] [ERROR] Failed to load resource: the server responded with a status of 404 (Not Found) @ http://localhost:3002/_next/static/webpack/94d8359e3a18fee8.webpack.hot-update.json:0
[  741559ms] [INFO] %cDownload the React DevTools for a better development experience: https://reactjs.org/link/react-devtools font-weight:bold @ webpack-internal:///./node_modules/react-dom/cjs/react-dom.development.js:29889
[  741628ms] [LOG] [HMR] connected @ webpack-internal:///./node_modules/next/dist/client/dev/error-overlay/websocket.js:45
[  741663ms] [ERROR] Failed to load resource: the server responded with a status of 404 (Not Found) @ http://localhost:3002/_next/static/webpack/94d8359e3a18fee8.webpack.hot-update.json:0
[  741668ms] [LOG] %c[Vercel Web Analytics]%c Debug mode is enabled by default in development. No requests will be sent to the server. color: rgb(120, 120, 120) color: inherit @ https://va.vercel-scripts.com/v1/script.debug.js:0
[  741668ms] [LOG] %c[Vercel Web Analytics]%c [view] http://localhost:3002/landing-ko-vf color: rgb(120, 120, 120) color: inherit {o: http://localhost:3002/landing-ko-vf, sv: 0.1.3, sdkn: @vercel/analytics/react, sdkv: 1.6.1, ts: 1777531600261} /_vercel/insights/view @ https://va.vercel-scripts.com/v1/script.debug.js:0
[  741939ms] [INFO] %cDownload the React DevTools for a better development experience: https://reactjs.org/link/react-devtools font-weight:bold @ webpack-internal:///./node_modules/react-dom/cjs/react-dom.development.js:29889
[  741986ms] [LOG] [HMR] connected @ webpack-internal:///./node_modules/next/dist/client/dev/error-overlay/websocket.js:45
[  742013ms] [ERROR] Failed to load resource: the server responded with a status of 404 (Not Found) @ http://localhost:3002/_next/static/webpack/94d8359e3a18fee8.webpack.hot-update.json:0
[  742025ms] [LOG] %c[Vercel Web Analytics]%c Debug mode is enabled by default in development. No requests will be sent to the server. color: rgb(120, 120, 120) color: inherit @ https://va.vercel-scripts.com/v1/script.debug.js:0
[  742025ms] [LOG] %c[Vercel Web Analytics]%c [view] http://localhost:3002/landing-ko-vf color: rgb(120, 120, 120) color: inherit {o: http://localhost:3002/landing-ko-vf, sv: 0.1.3, sdkn: @vercel/analytics/react, sdkv: 1.6.1, ts: 1777531600618} /_vercel/insights/view @ https://va.vercel-scripts.com/v1/script.debug.js:0
[  742286ms] [INFO] %cDownload the React DevTools for a better development experience: https://reactjs.org/link/react-devtools font-weight:bold @ webpack-internal:///./node_modules/react-dom/cjs/react-dom.development.js:29889
[  742336ms] [LOG] [HMR] connected @ webpack-internal:///./node_modules/next/dist/client/dev/error-overlay/websocket.js:45
[  742372ms] [ERROR] Failed to load resource: the server responded with a status of 404 (Not Found) @ http://localhost:3002/_next/static/webpack/94d8359e3a18fee8.webpack.hot-update.json:0
[  742387ms] [LOG] %c[Vercel Web Analytics]%c Debug mode is enabled by default in development. No requests will be sent to the server. color: rgb(120, 120, 120) color: inherit @ https://va.vercel-scripts.com/v1/script.debug.js:0
[  742387ms] [LOG] %c[Vercel Web Analytics]%c [view] http://localhost:3002/landing-ko-vf color: rgb(120, 120, 120) color: inherit {o: http://localhost:3002/landing-ko-vf, sv: 0.1.3, sdkn: @vercel/analytics/react, sdkv: 1.6.1, ts: 1777531600980} /_vercel/insights/view @ https://va.vercel-scripts.com/v1/script.debug.js:0
[  742565ms] [INFO] %cDownload the React DevTools for a better development experience: https://reactjs.org/link/react-devtools font-weight:bold @ webpack-internal:///./node_modules/react-dom/cjs/react-dom.development.js:29889
[  742636ms] [LOG] [HMR] connected @ webpack-internal:///./node_modules/next/dist/client/dev/error-overlay/websocket.js:45
[  742675ms] [LOG] %c[Vercel Web Analytics]%c Debug mode is enabled by default in development. No requests will be sent to the server. color: rgb(120, 120, 120) color: inherit @ https://va.vercel-scripts.com/v1/script.debug.js:0
[  742676ms] [LOG] %c[Vercel Web Analytics]%c [view] http://localhost:3002/landing-ko-vf color: rgb(120, 120, 120) color: inherit {o: http://localhost:3002/landing-ko-vf, sv: 0.1.3, sdkn: @vercel/analytics/react, sdkv: 1.6.1, ts: 1777531601269} /_vercel/insights/view @ https://va.vercel-scripts.com/v1/script.debug.js:0
[  742676ms] [ERROR] Failed to load resource: the server responded with a status of 404 (Not Found) @ http://localhost:3002/_next/static/webpack/94d8359e3a18fee8.webpack.hot-update.json:0
[  742894ms] [INFO] %cDownload the React DevTools for a better development experience: https://reactjs.org/link/react-devtools font-weight:bold @ webpack-internal:///./node_modules/react-dom/cjs/react-dom.development.js:29889
[  742950ms] [LOG] [HMR] connected @ webpack-internal:///./node_modules/next/dist/client/dev/error-overlay/websocket.js:45
[  742981ms] [ERROR] Failed to load resource: the server responded with a status of 404 (Not Found) @ http://localhost:3002/_next/static/webpack/94d8359e3a18fee8.webpack.hot-update.json:0
[  742994ms] [LOG] %c[Vercel Web Analytics]%c Debug mode is enabled by default in development. No requests will be sent to the server. color: rgb(120, 120, 120) color: inherit @ https://va.vercel-scripts.com/v1/script.debug.js:0
[  742994ms] [LOG] %c[Vercel Web Analytics]%c [view] http://localhost:3002/landing-ko-vf color: rgb(120, 120, 120) color: inherit {o: http://localhost:3002/landing-ko-vf, sv: 0.1.3, sdkn: @vercel/analytics/react, sdkv: 1.6.1, ts: 1777531601587} /_vercel/insights/view @ https://va.vercel-scripts.com/v1/script.debug.js:0
[  743320ms] [INFO] %cDownload the React DevTools for a better development experience: https://reactjs.org/link/react-devtools font-weight:bold @ webpack-internal:///./node_modules/react-dom/cjs/react-dom.development.js:29889
[  743397ms] [LOG] [HMR] connected @ webpack-internal:///./node_modules/next/dist/client/dev/error-overlay/websocket.js:45
[  743438ms] [LOG] %c[Vercel Web Analytics]%c Debug mode is enabled by default in development. No requests will be sent to the server. color: rgb(120, 120, 120) color: inherit @ https://va.vercel-scripts.com/v1/script.debug.js:0
[  743438ms] [LOG] %c[Vercel Web Analytics]%c [view] http://localhost:3002/landing-ko-vf color: rgb(120, 120, 120) color: inherit {o: http://localhost:3002/landing-ko-vf, sv: 0.1.3, sdkn: @vercel/analytics/react, sdkv: 1.6.1, ts: 1777531602032} /_vercel/insights/view @ https://va.vercel-scripts.com/v1/script.debug.js:0
[  743438ms] [ERROR] Failed to load resource: the server responded with a status of 404 (Not Found) @ http://localhost:3002/_next/static/webpack/94d8359e3a18fee8.webpack.hot-update.json:0
[  743678ms] [INFO] %cDownload the React DevTools for a better development experience: https://reactjs.org/link/react-devtools font-weight:bold @ webpack-internal:///./node_modules/react-dom/cjs/react-dom.development.js:29889
[  743770ms] [LOG] [HMR] connected @ webpack-internal:///./node_modules/next/dist/client/dev/error-overlay/websocket.js:45
[  743808ms] [LOG] %c[Vercel Web Analytics]%c Debug mode is enabled by default in development. No requests will be sent to the server. color: rgb(120, 120, 120) color: inherit @ https://va.vercel-scripts.com/v1/script.debug.js:0
[  743808ms] [LOG] %c[Vercel Web Analytics]%c [view] http://localhost:3002/landing-ko-vf color: rgb(120, 120, 120) color: inherit {o: http://localhost:3002/landing-ko-vf, sv: 0.1.3, sdkn: @vercel/analytics/react, sdkv: 1.6.1, ts: 1777531602401} /_vercel/insights/view @ https://va.vercel-scripts.com/v1/script.debug.js:0
[  743808ms] [ERROR] Failed to load resource: the server responded with a status of 404 (Not Found) @ http://localhost:3002/_next/static/webpack/94d8359e3a18fee8.webpack.hot-update.json:0
[  744025ms] [INFO] %cDownload the React DevTools for a better development experience: https://reactjs.org/link/react-devtools font-weight:bold @ webpack-internal:///./node_modules/react-dom/cjs/react-dom.development.js:29889
[  744081ms] [LOG] [HMR] connected @ webpack-internal:///./node_modules/next/dist/client/dev/error-overlay/websocket.js:45
[  744114ms] [ERROR] Failed to load resource: the server responded with a status of 404 (Not Found) @ http://localhost:3002/_next/static/webpack/94d8359e3a18fee8.webpack.hot-update.json:0
[  744121ms] [LOG] %c[Vercel Web Analytics]%c Debug mode is enabled by default in development. No requests will be sent to the server. color: rgb(120, 120, 120) color: inherit @ https://va.vercel-scripts.com/v1/script.debug.js:0
[  744121ms] [LOG] %c[Vercel Web Analytics]%c [view] http://localhost:3002/landing-ko-vf color: rgb(120, 120, 120) color: inherit {o: http://localhost:3002/landing-ko-vf, sv: 0.1.3, sdkn: @vercel/analytics/react, sdkv: 1.6.1, ts: 1777531602715} /_vercel/insights/view @ https://va.vercel-scripts.com/v1/script.debug.js:0
[  744477ms] [INFO] %cDownload the React DevTools for a better development experience: https://reactjs.org/link/react-devtools font-weight:bold @ webpack-internal:///./node_modules/react-dom/cjs/react-dom.development.js:29889
[  744530ms] [LOG] [HMR] connected @ webpack-internal:///./node_modules/next/dist/client/dev/error-overlay/websocket.js:45
[  744571ms] [LOG] %c[Vercel Web Analytics]%c Debug mode is enabled by default in development. No requests will be sent to the server. color: rgb(120, 120, 120) color: inherit @ https://va.vercel-scripts.com/v1/script.debug.js:0
[  744571ms] [LOG] %c[Vercel Web Analytics]%c [view] http://localhost:3002/landing-ko-vf color: rgb(120, 120, 120) color: inherit {o: http://localhost:3002/landing-ko-vf, sv: 0.1.3, sdkn: @vercel/analytics/react, sdkv: 1.6.1, ts: 1777531603164} /_vercel/insights/view @ https://va.vercel-scripts.com/v1/script.debug.js:0
[  744571ms] [ERROR] Failed to load resource: the server responded with a status of 404 (Not Found) @ http://localhost:3002/_next/static/webpack/94d8359e3a18fee8.webpack.hot-update.json:0
[  744817ms] [INFO] %cDownload the React DevTools for a better development experience: https://reactjs.org/link/react-devtools font-weight:bold @ webpack-internal:///./node_modules/react-dom/cjs/react-dom.development.js:29889
[  744918ms] [LOG] [HMR] connected @ webpack-internal:///./node_modules/next/dist/client/dev/error-overlay/websocket.js:45
[  744975ms] [LOG] %c[Vercel Web Analytics]%c Debug mode is enabled by default in development. No requests will be sent to the server. color: rgb(120, 120, 120) color: inherit @ https://va.vercel-scripts.com/v1/script.debug.js:0
[  744976ms] [LOG] %c[Vercel Web Analytics]%c [view] http://localhost:3002/landing-ko-vf color: rgb(120, 120, 120) color: inherit {o: http://localhost:3002/landing-ko-vf, sv: 0.1.3, sdkn: @vercel/analytics/react, sdkv: 1.6.1, ts: 1777531603569} /_vercel/insights/view @ https://va.vercel-scripts.com/v1/script.debug.js:0
[  745063ms] [ERROR] Failed to load resource: the server responded with a status of 404 (Not Found) @ http://localhost:3002/_next/static/webpack/94d8359e3a18fee8.webpack.hot-update.json:0
[  745414ms] [INFO] %cDownload the React DevTools for a better development experience: https://reactjs.org/link/react-devtools font-weight:bold @ webpack-internal:///./node_modules/react-dom/cjs/react-dom.development.js:29889
[  745472ms] [LOG] [HMR] connected @ webpack-internal:///./node_modules/next/dist/client/dev/error-overlay/websocket.js:45
[  745511ms] [ERROR] Failed to load resource: the server responded with a status of 404 (Not Found) @ http://localhost:3002/_next/static/webpack/94d8359e3a18fee8.webpack.hot-update.json:0
[  745512ms] [LOG] %c[Vercel Web Analytics]%c Debug mode is enabled by default in development. No requests will be sent to the server. color: rgb(120, 120, 120) color: inherit @ https://va.vercel-scripts.com/v1/script.debug.js:0
[  745512ms] [LOG] %c[Vercel Web Analytics]%c [view] http://localhost:3002/landing-ko-vf color: rgb(120, 120, 120) color: inherit {o: http://localhost:3002/landing-ko-vf, sv: 0.1.3, sdkn: @vercel/analytics/react, sdkv: 1.6.1, ts: 1777531604105} /_vercel/insights/view @ https://va.vercel-scripts.com/v1/script.debug.js:0
[  745763ms] [INFO] %cDownload the React DevTools for a better development experience: https://reactjs.org/link/react-devtools font-weight:bold @ webpack-internal:///./node_modules/react-dom/cjs/react-dom.development.js:29889
[  745849ms] [LOG] [HMR] connected @ webpack-internal:///./node_modules/next/dist/client/dev/error-overlay/websocket.js:45
[  745895ms] [LOG] %c[Vercel Web Analytics]%c Debug mode is enabled by default in development. No requests will be sent to the server. color: rgb(120, 120, 120) color: inherit @ https://va.vercel-scripts.com/v1/script.debug.js:0
[  745895ms] [LOG] %c[Vercel Web Analytics]%c [view] http://localhost:3002/landing-ko-vf color: rgb(120, 120, 120) color: inherit {o: http://localhost:3002/landing-ko-vf, sv: 0.1.3, sdkn: @vercel/analytics/react, sdkv: 1.6.1, ts: 1777531604488} /_vercel/insights/view @ https://va.vercel-scripts.com/v1/script.debug.js:0
[  745895ms] [ERROR] Failed to load resource: the server responded with a status of 404 (Not Found) @ http://localhost:3002/_next/static/webpack/94d8359e3a18fee8.webpack.hot-update.json:0
[  746124ms] [INFO] %cDownload the React DevTools for a better development experience: https://reactjs.org/link/react-devtools font-weight:bold @ webpack-internal:///./node_modules/react-dom/cjs/react-dom.development.js:29889
[  746227ms] [LOG] [HMR] connected @ webpack-internal:///./node_modules/next/dist/client/dev/error-overlay/websocket.js:45
[  746255ms] [ERROR] Failed to load resource: the server responded with a status of 404 (Not Found) @ http://localhost:3002/_next/static/webpack/94d8359e3a18fee8.webpack.hot-update.json:0
[  746266ms] [LOG] %c[Vercel Web Analytics]%c Debug mode is enabled by default in development. No requests will be sent to the server. color: rgb(120, 120, 120) color: inherit @ https://va.vercel-scripts.com/v1/script.debug.js:0
[  746267ms] [LOG] %c[Vercel Web Analytics]%c [view] http://localhost:3002/landing-ko-vf color: rgb(120, 120, 120) color: inherit {o: http://localhost:3002/landing-ko-vf, sv: 0.1.3, sdkn: @vercel/analytics/react, sdkv: 1.6.1, ts: 1777531604860} /_vercel/insights/view @ https://va.vercel-scripts.com/v1/script.debug.js:0
[  746484ms] [INFO] %cDownload the React DevTools for a better development experience: https://reactjs.org/link/react-devtools font-weight:bold @ webpack-internal:///./node_modules/react-dom/cjs/react-dom.development.js:29889
[  746550ms] [LOG] [HMR] connected @ webpack-internal:///./node_modules/next/dist/client/dev/error-overlay/websocket.js:45
[  746778ms] [LOG] %c[Vercel Web Analytics]%c Debug mode is enabled by default in development. No requests will be sent to the server. color: rgb(120, 120, 120) color: inherit @ https://va.vercel-scripts.com/v1/script.debug.js:0
[  746779ms] [LOG] %c[Vercel Web Analytics]%c [view] http://localhost:3002/landing-ko-vf color: rgb(120, 120, 120) color: inherit {o: http://localhost:3002/landing-ko-vf, sv: 0.1.3, sdkn: @vercel/analytics/react, sdkv: 1.6.1, ts: 1777531605372} /_vercel/insights/view @ https://va.vercel-scripts.com/v1/script.debug.js:0
[  746781ms] [ERROR] Failed to load resource: the server responded with a status of 404 (Not Found) @ http://localhost:3002/_next/static/webpack/94d8359e3a18fee8.webpack.hot-update.json:0
[  747039ms] [INFO] %cDownload the React DevTools for a better development experience: https://reactjs.org/link/react-devtools font-weight:bold @ webpack-internal:///./node_modules/react-dom/cjs/react-dom.development.js:29889
[  747118ms] [LOG] [HMR] connected @ webpack-internal:///./node_modules/next/dist/client/dev/error-overlay/websocket.js:45
[  747150ms] [ERROR] Failed to load resource: the server responded with a status of 404 (Not Found) @ http://localhost:3002/_next/static/webpack/94d8359e3a18fee8.webpack.hot-update.json:0
[  747165ms] [LOG] %c[Vercel Web Analytics]%c Debug mode is enabled by default in development. No requests will be sent to the server. color: rgb(120, 120, 120) color: inherit @ https://va.vercel-scripts.com/v1/script.debug.js:0
[  747165ms] [LOG] %c[Vercel Web Analytics]%c [view] http://localhost:3002/landing-ko-vf color: rgb(120, 120, 120) color: inherit {o: http://localhost:3002/landing-ko-vf, sv: 0.1.3, sdkn: @vercel/analytics/react, sdkv: 1.6.1, ts: 1777531605758} /_vercel/insights/view @ https://va.vercel-scripts.com/v1/script.debug.js:0
[  747554ms] [INFO] %cDownload the React DevTools for a better development experience: https://reactjs.org/link/react-devtools font-weight:bold @ webpack-internal:///./node_modules/react-dom/cjs/react-dom.development.js:29889
[  747642ms] [LOG] [HMR] connected @ webpack-internal:///./node_modules/next/dist/client/dev/error-overlay/websocket.js:45
[  747682ms] [ERROR] Failed to load resource: the server responded with a status of 404 (Not Found) @ http://localhost:3002/_next/static/webpack/94d8359e3a18fee8.webpack.hot-update.json:0
[  747696ms] [LOG] %c[Vercel Web Analytics]%c Debug mode is enabled by default in development. No requests will be sent to the server. color: rgb(120, 120, 120) color: inherit @ https://va.vercel-scripts.com/v1/script.debug.js:0
[  747696ms] [LOG] %c[Vercel Web Analytics]%c [view] http://localhost:3002/landing-ko-vf color: rgb(120, 120, 120) color: inherit {o: http://localhost:3002/landing-ko-vf, sv: 0.1.3, sdkn: @vercel/analytics/react, sdkv: 1.6.1, ts: 1777531606290} /_vercel/insights/view @ https://va.vercel-scripts.com/v1/script.debug.js:0
[  747929ms] [INFO] %cDownload the React DevTools for a better development experience: https://reactjs.org/link/react-devtools font-weight:bold @ webpack-internal:///./node_modules/react-dom/cjs/react-dom.development.js:29889
[  747981ms] [LOG] [HMR] connected @ webpack-internal:///./node_modules/next/dist/client/dev/error-overlay/websocket.js:45
[  748015ms] [ERROR] Failed to load resource: the server responded with a status of 404 (Not Found) @ http://localhost:3002/_next/static/webpack/94d8359e3a18fee8.webpack.hot-update.json:0
[  748018ms] [LOG] %c[Vercel Web Analytics]%c Debug mode is enabled by default in development. No requests will be sent to the server. color: rgb(120, 120, 120) color: inherit @ https://va.vercel-scripts.com/v1/script.debug.js:0
[  748018ms] [LOG] %c[Vercel Web Analytics]%c [view] http://localhost:3002/landing-ko-vf color: rgb(120, 120, 120) color: inherit {o: http://localhost:3002/landing-ko-vf, sv: 0.1.3, sdkn: @vercel/analytics/react, sdkv: 1.6.1, ts: 1777531606611} /_vercel/insights/view @ https://va.vercel-scripts.com/v1/script.debug.js:0
[  748536ms] [INFO] %cDownload the React DevTools for a better development experience: https://reactjs.org/link/react-devtools font-weight:bold @ webpack-internal:///./node_modules/react-dom/cjs/react-dom.development.js:29889
[  748603ms] [LOG] [HMR] connected @ webpack-internal:///./node_modules/next/dist/client/dev/error-overlay/websocket.js:45
[  748764ms] [LOG] %c[Vercel Web Analytics]%c Debug mode is enabled by default in development. No requests will be sent to the server. color: rgb(120, 120, 120) color: inherit @ https://va.vercel-scripts.com/v1/script.debug.js:0
[  748764ms] [LOG] %c[Vercel Web Analytics]%c [view] http://localhost:3002/landing-ko-vf color: rgb(120, 120, 120) color: inherit {o: http://localhost:3002/landing-ko-vf, sv: 0.1.3, sdkn: @vercel/analytics/react, sdkv: 1.6.1, ts: 1777531607357} /_vercel/insights/view @ https://va.vercel-scripts.com/v1/script.debug.js:0
[  748880ms] [ERROR] Failed to load resource: the server responded with a status of 404 (Not Found) @ http://localhost:3002/_next/static/webpack/94d8359e3a18fee8.webpack.hot-update.json:0
[  749210ms] [INFO] %cDownload the React DevTools for a better development experience: https://reactjs.org/link/react-devtools font-weight:bold @ webpack-internal:///./node_modules/react-dom/cjs/react-dom.development.js:29889
[  749310ms] [LOG] [HMR] connected @ webpack-internal:///./node_modules/next/dist/client/dev/error-overlay/websocket.js:45
[  749317ms] [LOG] [Fast Refresh] rebuilding @ webpack-internal:///./node_modules/next/dist/client/dev/error-overlay/hot-dev-client.js:196
[  749485ms] [LOG] %c[Vercel Web Analytics]%c Debug mode is enabled by default in development. No requests will be sent to the server. color: rgb(120, 120, 120) color: inherit @ https://va.vercel-scripts.com/v1/script.debug.js:0
[  749485ms] [LOG] %c[Vercel Web Analytics]%c [view] http://localhost:3002/landing-ko-vf color: rgb(120, 120, 120) color: inherit {o: http://localhost:3002/landing-ko-vf, sv: 0.1.3, sdkn: @vercel/analytics/react, sdkv: 1.6.1, ts: 1777531608078} /_vercel/insights/view @ https://va.vercel-scripts.com/v1/script.debug.js:0
[  751774ms] [LOG] [Fast Refresh] rebuilding @ webpack-internal:///./node_modules/next/dist/client/dev/error-overlay/hot-dev-client.js:196
[  752325ms] [ERROR] Failed to load resource: the server responded with a status of 404 (Not Found) @ http://localhost:3002/_next/static/webpack/94d8359e3a18fee8.webpack.hot-update.json:0
[  753100ms] [INFO] %cDownload the React DevTools for a better development experience: https://reactjs.org/link/react-devtools font-weight:bold @ webpack-internal:///./node_modules/react-dom/cjs/react-dom.development.js:29889
[  753190ms] [LOG] [HMR] connected @ webpack-internal:///./node_modules/next/dist/client/dev/error-overlay/websocket.js:45
[  753256ms] [LOG] %c[Vercel Web Analytics]%c Debug mode is enabled by default in development. No requests will be sent to the server. color: rgb(120, 120, 120) color: inherit @ https://va.vercel-scripts.com/v1/script.debug.js:0
[  753256ms] [LOG] %c[Vercel Web Analytics]%c [view] http://localhost:3002/landing-ko-vf color: rgb(120, 120, 120) color: inherit {o: http://localhost:3002/landing-ko-vf, sv: 0.1.3, sdkn: @vercel/analytics/react, sdkv: 1.6.1, ts: 1777531611849} /_vercel/insights/view @ https://va.vercel-scripts.com/v1/script.debug.js:0
[  753285ms] [ERROR] Failed to load resource: the server responded with a status of 404 (Not Found) @ http://localhost:3002/_next/static/webpack/fab947d8529c749c.webpack.hot-update.json:0
[  753736ms] [INFO] %cDownload the React DevTools for a better development experience: https://reactjs.org/link/react-devtools font-weight:bold @ webpack-internal:///./node_modules/react-dom/cjs/react-dom.development.js:29889
[  753805ms] [LOG] [HMR] connected @ webpack-internal:///./node_modules/next/dist/client/dev/error-overlay/websocket.js:45
[  753974ms] [LOG] %c[Vercel Web Analytics]%c Debug mode is enabled by default in development. No requests will be sent to the server. color: rgb(120, 120, 120) color: inherit @ https://va.vercel-scripts.com/v1/script.debug.js:0
[  753974ms] [LOG] %c[Vercel Web Analytics]%c [view] http://localhost:3002/landing-ko-vf color: rgb(120, 120, 120) color: inherit {o: http://localhost:3002/landing-ko-vf, sv: 0.1.3, sdkn: @vercel/analytics/react, sdkv: 1.6.1, ts: 1777531612567} /_vercel/insights/view @ https://va.vercel-scripts.com/v1/script.debug.js:0
[  754001ms] [ERROR] Failed to load resource: the server responded with a status of 404 (Not Found) @ http://localhost:3002/_next/static/webpack/fab947d8529c749c.webpack.hot-update.json:0
[  754307ms] [INFO] %cDownload the React DevTools for a better development experience: https://reactjs.org/link/react-devtools font-weight:bold @ webpack-internal:///./node_modules/react-dom/cjs/react-dom.development.js:29889
[  754367ms] [LOG] [HMR] connected @ webpack-internal:///./node_modules/next/dist/client/dev/error-overlay/websocket.js:45
[  754399ms] [ERROR] Failed to load resource: the server responded with a status of 404 (Not Found) @ http://localhost:3002/_next/static/webpack/fab947d8529c749c.webpack.hot-update.json:0
[  754413ms] [LOG] %c[Vercel Web Analytics]%c Debug mode is enabled by default in development. No requests will be sent to the server. color: rgb(120, 120, 120) color: inherit @ https://va.vercel-scripts.com/v1/script.debug.js:0
[  754413ms] [LOG] %c[Vercel Web Analytics]%c [view] http://localhost:3002/landing-ko-vf color: rgb(120, 120, 120) color: inherit {o: http://localhost:3002/landing-ko-vf, sv: 0.1.3, sdkn: @vercel/analytics/react, sdkv: 1.6.1, ts: 1777531613006} /_vercel/insights/view @ https://va.vercel-scripts.com/v1/script.debug.js:0
[  754764ms] [INFO] %cDownload the React DevTools for a better development experience: https://reactjs.org/link/react-devtools font-weight:bold @ webpack-internal:///./node_modules/react-dom/cjs/react-dom.development.js:29889
[  754817ms] [LOG] [HMR] connected @ webpack-internal:///./node_modules/next/dist/client/dev/error-overlay/websocket.js:45
[  754886ms] [LOG] %c[Vercel Web Analytics]%c Debug mode is enabled by default in development. No requests will be sent to the server. color: rgb(120, 120, 120) color: inherit @ https://va.vercel-scripts.com/v1/script.debug.js:0
[  754886ms] [LOG] %c[Vercel Web Analytics]%c [view] http://localhost:3002/landing-ko-vf color: rgb(120, 120, 120) color: inherit {o: http://localhost:3002/landing-ko-vf, sv: 0.1.3, sdkn: @vercel/analytics/react, sdkv: 1.6.1, ts: 1777531613480} /_vercel/insights/view @ https://va.vercel-scripts.com/v1/script.debug.js:0
[  754887ms] [ERROR] Failed to load resource: the server responded with a status of 404 (Not Found) @ http://localhost:3002/_next/static/webpack/fab947d8529c749c.webpack.hot-update.json:0
[  755110ms] [INFO] %cDownload the React DevTools for a better development experience: https://reactjs.org/link/react-devtools font-weight:bold @ webpack-internal:///./node_modules/react-dom/cjs/react-dom.development.js:29889
[  755178ms] [LOG] [HMR] connected @ webpack-internal:///./node_modules/next/dist/client/dev/error-overlay/websocket.js:45
[  755206ms] [ERROR] Failed to load resource: the server responded with a status of 404 (Not Found) @ http://localhost:3002/_next/static/webpack/fab947d8529c749c.webpack.hot-update.json:0
[  755217ms] [LOG] %c[Vercel Web Analytics]%c Debug mode is enabled by default in development. No requests will be sent to the server. color: rgb(120, 120, 120) color: inherit @ https://va.vercel-scripts.com/v1/script.debug.js:0
[  755217ms] [LOG] %c[Vercel Web Analytics]%c [view] http://localhost:3002/landing-ko-vf color: rgb(120, 120, 120) color: inherit {o: http://localhost:3002/landing-ko-vf, sv: 0.1.3, sdkn: @vercel/analytics/react, sdkv: 1.6.1, ts: 1777531613810} /_vercel/insights/view @ https://va.vercel-scripts.com/v1/script.debug.js:0
[  755422ms] [INFO] %cDownload the React DevTools for a better development experience: https://reactjs.org/link/react-devtools font-weight:bold @ webpack-internal:///./node_modules/react-dom/cjs/react-dom.development.js:29889
[  755487ms] [LOG] [HMR] connected @ webpack-internal:///./node_modules/next/dist/client/dev/error-overlay/websocket.js:45
[  755531ms] [LOG] %c[Vercel Web Analytics]%c Debug mode is enabled by default in development. No requests will be sent to the server. color: rgb(120, 120, 120) color: inherit @ https://va.vercel-scripts.com/v1/script.debug.js:0
[  755531ms] [LOG] %c[Vercel Web Analytics]%c [view] http://localhost:3002/landing-ko-vf color: rgb(120, 120, 120) color: inherit {o: http://localhost:3002/landing-ko-vf, sv: 0.1.3, sdkn: @vercel/analytics/react, sdkv: 1.6.1, ts: 1777531614125} /_vercel/insights/view @ https://va.vercel-scripts.com/v1/script.debug.js:0
[  755539ms] [ERROR] Failed to load resource: the server responded with a status of 404 (Not Found) @ http://localhost:3002/_next/static/webpack/fab947d8529c749c.webpack.hot-update.json:0
[  755805ms] [INFO] %cDownload the React DevTools for a better development experience: https://reactjs.org/link/react-devtools font-weight:bold @ webpack-internal:///./node_modules/react-dom/cjs/react-dom.development.js:29889
[  755860ms] [LOG] [HMR] connected @ webpack-internal:///./node_modules/next/dist/client/dev/error-overlay/websocket.js:45
[  755899ms] [ERROR] Failed to load resource: the server responded with a status of 404 (Not Found) @ http://localhost:3002/_next/static/webpack/fab947d8529c749c.webpack.hot-update.json:0
[  755910ms] [LOG] %c[Vercel Web Analytics]%c Debug mode is enabled by default in development. No requests will be sent to the server. color: rgb(120, 120, 120) color: inherit @ https://va.vercel-scripts.com/v1/script.debug.js:0
[  755910ms] [LOG] %c[Vercel Web Analytics]%c [view] http://localhost:3002/landing-ko-vf color: rgb(120, 120, 120) color: inherit {o: http://localhost:3002/landing-ko-vf, sv: 0.1.3, sdkn: @vercel/analytics/react, sdkv: 1.6.1, ts: 1777531614504} /_vercel/insights/view @ https://va.vercel-scripts.com/v1/script.debug.js:0
[  756260ms] [INFO] %cDownload the React DevTools for a better development experience: https://reactjs.org/link/react-devtools font-weight:bold @ webpack-internal:///./node_modules/react-dom/cjs/react-dom.development.js:29889
[  756357ms] [LOG] [HMR] connected @ webpack-internal:///./node_modules/next/dist/client/dev/error-overlay/websocket.js:45
[  756416ms] [LOG] %c[Vercel Web Analytics]%c Debug mode is enabled by default in development. No requests will be sent to the server. color: rgb(120, 120, 120) color: inherit @ https://va.vercel-scripts.com/v1/script.debug.js:0
[  756416ms] [LOG] %c[Vercel Web Analytics]%c [view] http://localhost:3002/landing-ko-vf color: rgb(120, 120, 120) color: inherit {o: http://localhost:3002/landing-ko-vf, sv: 0.1.3, sdkn: @vercel/analytics/react, sdkv: 1.6.1, ts: 1777531615009} /_vercel/insights/view @ https://va.vercel-scripts.com/v1/script.debug.js:0
[  756444ms] [ERROR] Failed to load resource: the server responded with a status of 404 (Not Found) @ http://localhost:3002/_next/static/webpack/fab947d8529c749c.webpack.hot-update.json:0
[  756758ms] [INFO] %cDownload the React DevTools for a better development experience: https://reactjs.org/link/react-devtools font-weight:bold @ webpack-internal:///./node_modules/react-dom/cjs/react-dom.development.js:29889
[  756816ms] [LOG] [HMR] connected @ webpack-internal:///./node_modules/next/dist/client/dev/error-overlay/websocket.js:45
[  756848ms] [ERROR] Failed to load resource: the server responded with a status of 404 (Not Found) @ http://localhost:3002/_next/static/webpack/fab947d8529c749c.webpack.hot-update.json:0
[  756861ms] [LOG] %c[Vercel Web Analytics]%c Debug mode is enabled by default in development. No requests will be sent to the server. color: rgb(120, 120, 120) color: inherit @ https://va.vercel-scripts.com/v1/script.debug.js:0
[  756861ms] [LOG] %c[Vercel Web Analytics]%c [view] http://localhost:3002/landing-ko-vf color: rgb(120, 120, 120) color: inherit {o: http://localhost:3002/landing-ko-vf, sv: 0.1.3, sdkn: @vercel/analytics/react, sdkv: 1.6.1, ts: 1777531615454} /_vercel/insights/view @ https://va.vercel-scripts.com/v1/script.debug.js:0
[  757071ms] [INFO] %cDownload the React DevTools for a better development experience: https://reactjs.org/link/react-devtools font-weight:bold @ webpack-internal:///./node_modules/react-dom/cjs/react-dom.development.js:29889
[  757125ms] [LOG] [HMR] connected @ webpack-internal:///./node_modules/next/dist/client/dev/error-overlay/websocket.js:45
[  757156ms] [ERROR] Failed to load resource: the server responded with a status of 404 (Not Found) @ http://localhost:3002/_next/static/webpack/fab947d8529c749c.webpack.hot-update.json:0
[  757167ms] [LOG] %c[Vercel Web Analytics]%c Debug mode is enabled by default in development. No requests will be sent to the server. color: rgb(120, 120, 120) color: inherit @ https://va.vercel-scripts.com/v1/script.debug.js:0
[  757167ms] [LOG] %c[Vercel Web Analytics]%c [view] http://localhost:3002/landing-ko-vf color: rgb(120, 120, 120) color: inherit {o: http://localhost:3002/landing-ko-vf, sv: 0.1.3, sdkn: @vercel/analytics/react, sdkv: 1.6.1, ts: 1777531615761} /_vercel/insights/view @ https://va.vercel-scripts.com/v1/script.debug.js:0
[  757386ms] [INFO] %cDownload the React DevTools for a better development experience: https://reactjs.org/link/react-devtools font-weight:bold @ webpack-internal:///./node_modules/react-dom/cjs/react-dom.development.js:29889
[  757447ms] [LOG] [HMR] connected @ webpack-internal:///./node_modules/next/dist/client/dev/error-overlay/websocket.js:45
[  757492ms] [LOG] %c[Vercel Web Analytics]%c Debug mode is enabled by default in development. No requests will be sent to the server. color: rgb(120, 120, 120) color: inherit @ https://va.vercel-scripts.com/v1/script.debug.js:0
[  757492ms] [LOG] %c[Vercel Web Analytics]%c [view] http://localhost:3002/landing-ko-vf color: rgb(120, 120, 120) color: inherit {o: http://localhost:3002/landing-ko-vf, sv: 0.1.3, sdkn: @vercel/analytics/react, sdkv: 1.6.1, ts: 1777531616085} /_vercel/insights/view @ https://va.vercel-scripts.com/v1/script.debug.js:0
[  757526ms] [ERROR] Failed to load resource: the server responded with a status of 404 (Not Found) @ http://localhost:3002/_next/static/webpack/fab947d8529c749c.webpack.hot-update.json:0
[  757753ms] [INFO] %cDownload the React DevTools for a better development experience: https://reactjs.org/link/react-devtools font-weight:bold @ webpack-internal:///./node_modules/react-dom/cjs/react-dom.development.js:29889
[  757840ms] [LOG] [HMR] connected @ webpack-internal:///./node_modules/next/dist/client/dev/error-overlay/websocket.js:45
[  757912ms] [LOG] %c[Vercel Web Analytics]%c Debug mode is enabled by default in development. No requests will be sent to the server. color: rgb(120, 120, 120) color: inherit @ https://va.vercel-scripts.com/v1/script.debug.js:0
[  757912ms] [LOG] %c[Vercel Web Analytics]%c [view] http://localhost:3002/landing-ko-vf color: rgb(120, 120, 120) color: inherit {o: http://localhost:3002/landing-ko-vf, sv: 0.1.3, sdkn: @vercel/analytics/react, sdkv: 1.6.1, ts: 1777531616505} /_vercel/insights/view @ https://va.vercel-scripts.com/v1/script.debug.js:0
[  757931ms] [ERROR] Failed to load resource: the server responded with a status of 404 (Not Found) @ http://localhost:3002/_next/static/webpack/fab947d8529c749c.webpack.hot-update.json:0
[  758173ms] [INFO] %cDownload the React DevTools for a better development experience: https://reactjs.org/link/react-devtools font-weight:bold @ webpack-internal:///./node_modules/react-dom/cjs/react-dom.development.js:29889
[  758224ms] [LOG] [HMR] connected @ webpack-internal:///./node_modules/next/dist/client/dev/error-overlay/websocket.js:45
[  758255ms] [ERROR] Failed to load resource: the server responded with a status of 404 (Not Found) @ http://localhost:3002/_next/static/webpack/fab947d8529c749c.webpack.hot-update.json:0
[  758266ms] [LOG] %c[Vercel Web Analytics]%c Debug mode is enabled by default in development. No requests will be sent to the server. color: rgb(120, 120, 120) color: inherit @ https://va.vercel-scripts.com/v1/script.debug.js:0
[  758266ms] [LOG] %c[Vercel Web Analytics]%c [view] http://localhost:3002/landing-ko-vf color: rgb(120, 120, 120) color: inherit {o: http://localhost:3002/landing-ko-vf, sv: 0.1.3, sdkn: @vercel/analytics/react, sdkv: 1.6.1, ts: 1777531616860} /_vercel/insights/view @ https://va.vercel-scripts.com/v1/script.debug.js:0
[  758695ms] [INFO] %cDownload the React DevTools for a better development experience: https://reactjs.org/link/react-devtools font-weight:bold @ webpack-internal:///./node_modules/react-dom/cjs/react-dom.development.js:29889
[  758772ms] [LOG] [HMR] connected @ webpack-internal:///./node_modules/next/dist/client/dev/error-overlay/websocket.js:45
[  758818ms] [LOG] %c[Vercel Web Analytics]%c Debug mode is enabled by default in development. No requests will be sent to the server. color: rgb(120, 120, 120) color: inherit @ https://va.vercel-scripts.com/v1/script.debug.js:0
[  758818ms] [LOG] %c[Vercel Web Analytics]%c [view] http://localhost:3002/landing-ko-vf color: rgb(120, 120, 120) color: inherit {o: http://localhost:3002/landing-ko-vf, sv: 0.1.3, sdkn: @vercel/analytics/react, sdkv: 1.6.1, ts: 1777531617411} /_vercel/insights/view @ https://va.vercel-scripts.com/v1/script.debug.js:0
[  758822ms] [ERROR] Failed to load resource: the server responded with a status of 404 (Not Found) @ http://localhost:3002/_next/static/webpack/fab947d8529c749c.webpack.hot-update.json:0
[  759109ms] [INFO] %cDownload the React DevTools for a better development experience: https://reactjs.org/link/react-devtools font-weight:bold @ webpack-internal:///./node_modules/react-dom/cjs/react-dom.development.js:29889
[  759168ms] [LOG] [HMR] connected @ webpack-internal:///./node_modules/next/dist/client/dev/error-overlay/websocket.js:45
[  759212ms] [LOG] %c[Vercel Web Analytics]%c Debug mode is enabled by default in development. No requests will be sent to the server. color: rgb(120, 120, 120) color: inherit @ https://va.vercel-scripts.com/v1/script.debug.js:0
[  759212ms] [LOG] %c[Vercel Web Analytics]%c [view] http://localhost:3002/landing-ko-vf color: rgb(120, 120, 120) color: inherit {o: http://localhost:3002/landing-ko-vf, sv: 0.1.3, sdkn: @vercel/analytics/react, sdkv: 1.6.1, ts: 1777531617806} /_vercel/insights/view @ https://va.vercel-scripts.com/v1/script.debug.js:0
[  759212ms] [ERROR] Failed to load resource: the server responded with a status of 404 (Not Found) @ http://localhost:3002/_next/static/webpack/fab947d8529c749c.webpack.hot-update.json:0
[  760022ms] [INFO] %cDownload the React DevTools for a better development experience: https://reactjs.org/link/react-devtools font-weight:bold @ webpack-internal:///./node_modules/react-dom/cjs/react-dom.development.js:29889
[  760138ms] [LOG] [HMR] connected @ webpack-internal:///./node_modules/next/dist/client/dev/error-overlay/websocket.js:45
[  760229ms] [LOG] %c[Vercel Web Analytics]%c Debug mode is enabled by default in development. No requests will be sent to the server. color: rgb(120, 120, 120) color: inherit @ https://va.vercel-scripts.com/v1/script.debug.js:0
[  760229ms] [LOG] %c[Vercel Web Analytics]%c [view] http://localhost:3002/landing-ko-vf color: rgb(120, 120, 120) color: inherit {o: http://localhost:3002/landing-ko-vf, sv: 0.1.3, sdkn: @vercel/analytics/react, sdkv: 1.6.1, ts: 1777531618822} /_vercel/insights/view @ https://va.vercel-scripts.com/v1/script.debug.js:0
[  760259ms] [ERROR] Failed to load resource: the server responded with a status of 404 (Not Found) @ http://localhost:3002/_next/static/webpack/fab947d8529c749c.webpack.hot-update.json:0
[  760571ms] [INFO] %cDownload the React DevTools for a better development experience: https://reactjs.org/link/react-devtools font-weight:bold @ webpack-internal:///./node_modules/react-dom/cjs/react-dom.development.js:29889
[  760649ms] [LOG] [HMR] connected @ webpack-internal:///./node_modules/next/dist/client/dev/error-overlay/websocket.js:45
[  760696ms] [LOG] %c[Vercel Web Analytics]%c Debug mode is enabled by default in development. No requests will be sent to the server. color: rgb(120, 120, 120) color: inherit @ https://va.vercel-scripts.com/v1/script.debug.js:0
[  760696ms] [LOG] %c[Vercel Web Analytics]%c [view] http://localhost:3002/landing-ko-vf color: rgb(120, 120, 120) color: inherit {o: http://localhost:3002/landing-ko-vf, sv: 0.1.3, sdkn: @vercel/analytics/react, sdkv: 1.6.1, ts: 1777531619289} /_vercel/insights/view @ https://va.vercel-scripts.com/v1/script.debug.js:0
[  760696ms] [ERROR] Failed to load resource: the server responded with a status of 404 (Not Found) @ http://localhost:3002/_next/static/webpack/fab947d8529c749c.webpack.hot-update.json:0
[  761068ms] [INFO] %cDownload the React DevTools for a better development experience: https://reactjs.org/link/react-devtools font-weight:bold @ webpack-internal:///./node_modules/react-dom/cjs/react-dom.development.js:29889
[  761138ms] [LOG] [HMR] connected @ webpack-internal:///./node_modules/next/dist/client/dev/error-overlay/websocket.js:45
[  761198ms] [LOG] %c[Vercel Web Analytics]%c Debug mode is enabled by default in development. No requests will be sent to the server. color: rgb(120, 120, 120) color: inherit @ https://va.vercel-scripts.com/v1/script.debug.js:0
[  761198ms] [LOG] %c[Vercel Web Analytics]%c [view] http://localhost:3002/landing-ko-vf color: rgb(120, 120, 120) color: inherit {o: http://localhost:3002/landing-ko-vf, sv: 0.1.3, sdkn: @vercel/analytics/react, sdkv: 1.6.1, ts: 1777531619792} /_vercel/insights/view @ https://va.vercel-scripts.com/v1/script.debug.js:0
[  761210ms] [ERROR] Failed to load resource: the server responded with a status of 404 (Not Found) @ http://localhost:3002/_next/static/webpack/fab947d8529c749c.webpack.hot-update.json:0
[  761703ms] [INFO] %cDownload the React DevTools for a better development experience: https://reactjs.org/link/react-devtools font-weight:bold @ webpack-internal:///./node_modules/react-dom/cjs/react-dom.development.js:29889
[  761788ms] [LOG] [HMR] connected @ webpack-internal:///./node_modules/next/dist/client/dev/error-overlay/websocket.js:45
[  761868ms] [LOG] %c[Vercel Web Analytics]%c Debug mode is enabled by default in development. No requests will be sent to the server. color: rgb(120, 120, 120) color: inherit @ https://va.vercel-scripts.com/v1/script.debug.js:0
[  761868ms] [LOG] %c[Vercel Web Analytics]%c [view] http://localhost:3002/landing-ko-vf color: rgb(120, 120, 120) color: inherit {o: http://localhost:3002/landing-ko-vf, sv: 0.1.3, sdkn: @vercel/analytics/react, sdkv: 1.6.1, ts: 1777531620461} /_vercel/insights/view @ https://va.vercel-scripts.com/v1/script.debug.js:0
[  762115ms] [ERROR] Failed to load resource: the server responded with a status of 404 (Not Found) @ http://localhost:3002/_next/static/webpack/fab947d8529c749c.webpack.hot-update.json:0
[  762476ms] [INFO] %cDownload the React DevTools for a better development experience: https://reactjs.org/link/react-devtools font-weight:bold @ webpack-internal:///./node_modules/react-dom/cjs/react-dom.development.js:29889
[  762549ms] [LOG] [HMR] connected @ webpack-internal:///./node_modules/next/dist/client/dev/error-overlay/websocket.js:45
[  762595ms] [LOG] %c[Vercel Web Analytics]%c Debug mode is enabled by default in development. No requests will be sent to the server. color: rgb(120, 120, 120) color: inherit @ https://va.vercel-scripts.com/v1/script.debug.js:0
[  762595ms] [LOG] %c[Vercel Web Analytics]%c [view] http://localhost:3002/landing-ko-vf color: rgb(120, 120, 120) color: inherit {o: http://localhost:3002/landing-ko-vf, sv: 0.1.3, sdkn: @vercel/analytics/react, sdkv: 1.6.1, ts: 1777531621189} /_vercel/insights/view @ https://va.vercel-scripts.com/v1/script.debug.js:0
[  762595ms] [ERROR] Failed to load resource: the server responded with a status of 404 (Not Found) @ http://localhost:3002/_next/static/webpack/fab947d8529c749c.webpack.hot-update.json:0
[  762952ms] [INFO] %cDownload the React DevTools for a better development experience: https://reactjs.org/link/react-devtools font-weight:bold @ webpack-internal:///./node_modules/react-dom/cjs/react-dom.development.js:29889
[  763008ms] [LOG] [HMR] connected @ webpack-internal:///./node_modules/next/dist/client/dev/error-overlay/websocket.js:45
[  763055ms] [LOG] %c[Vercel Web Analytics]%c Debug mode is enabled by default in development. No requests will be sent to the server. color: rgb(120, 120, 120) color: inherit @ https://va.vercel-scripts.com/v1/script.debug.js:0
[  763055ms] [LOG] %c[Vercel Web Analytics]%c [view] http://localhost:3002/landing-ko-vf color: rgb(120, 120, 120) color: inherit {o: http://localhost:3002/landing-ko-vf, sv: 0.1.3, sdkn: @vercel/analytics/react, sdkv: 1.6.1, ts: 1777531621648} /_vercel/insights/view @ https://va.vercel-scripts.com/v1/script.debug.js:0
[  763055ms] [ERROR] Failed to load resource: the server responded with a status of 404 (Not Found) @ http://localhost:3002/_next/static/webpack/fab947d8529c749c.webpack.hot-update.json:0
[  763297ms] [INFO] %cDownload the React DevTools for a better development experience: https://reactjs.org/link/react-devtools font-weight:bold @ webpack-internal:///./node_modules/react-dom/cjs/react-dom.development.js:29889
[  763407ms] [LOG] [HMR] connected @ webpack-internal:///./node_modules/next/dist/client/dev/error-overlay/websocket.js:45
[  763575ms] [LOG] %c[Vercel Web Analytics]%c Debug mode is enabled by default in development. No requests will be sent to the server. color: rgb(120, 120, 120) color: inherit @ https://va.vercel-scripts.com/v1/script.debug.js:0
[  763575ms] [LOG] %c[Vercel Web Analytics]%c [view] http://localhost:3002/landing-ko-vf color: rgb(120, 120, 120) color: inherit {o: http://localhost:3002/landing-ko-vf, sv: 0.1.3, sdkn: @vercel/analytics/react, sdkv: 1.6.1, ts: 1777531622168} /_vercel/insights/view @ https://va.vercel-scripts.com/v1/script.debug.js:0
[  763589ms] [ERROR] Failed to load resource: the server responded with a status of 404 (Not Found) @ http://localhost:3002/_next/static/webpack/fab947d8529c749c.webpack.hot-update.json:0
[  763890ms] [INFO] %cDownload the React DevTools for a better development experience: https://reactjs.org/link/react-devtools font-weight:bold @ webpack-internal:///./node_modules/react-dom/cjs/react-dom.development.js:29889
[  763962ms] [LOG] [HMR] connected @ webpack-internal:///./node_modules/next/dist/client/dev/error-overlay/websocket.js:45
[  763997ms] [ERROR] Failed to load resource: the server responded with a status of 404 (Not Found) @ http://localhost:3002/_next/static/webpack/fab947d8529c749c.webpack.hot-update.json:0
[  764008ms] [LOG] %c[Vercel Web Analytics]%c Debug mode is enabled by default in development. No requests will be sent to the server. color: rgb(120, 120, 120) color: inherit @ https://va.vercel-scripts.com/v1/script.debug.js:0
[  764009ms] [LOG] %c[Vercel Web Analytics]%c [view] http://localhost:3002/landing-ko-vf color: rgb(120, 120, 120) color: inherit {o: http://localhost:3002/landing-ko-vf, sv: 0.1.3, sdkn: @vercel/analytics/react, sdkv: 1.6.1, ts: 1777531622602} /_vercel/insights/view @ https://va.vercel-scripts.com/v1/script.debug.js:0
[  764376ms] [INFO] %cDownload the React DevTools for a better development experience: https://reactjs.org/link/react-devtools font-weight:bold @ webpack-internal:///./node_modules/react-dom/cjs/react-dom.development.js:29889
[  764428ms] [LOG] [HMR] connected @ webpack-internal:///./node_modules/next/dist/client/dev/error-overlay/websocket.js:45
[  764470ms] [LOG] %c[Vercel Web Analytics]%c Debug mode is enabled by default in development. No requests will be sent to the server. color: rgb(120, 120, 120) color: inherit @ https://va.vercel-scripts.com/v1/script.debug.js:0
[  764470ms] [LOG] %c[Vercel Web Analytics]%c [view] http://localhost:3002/landing-ko-vf color: rgb(120, 120, 120) color: inherit {o: http://localhost:3002/landing-ko-vf, sv: 0.1.3, sdkn: @vercel/analytics/react, sdkv: 1.6.1, ts: 1777531623063} /_vercel/insights/view @ https://va.vercel-scripts.com/v1/script.debug.js:0
[  764470ms] [ERROR] Failed to load resource: the server responded with a status of 404 (Not Found) @ http://localhost:3002/_next/static/webpack/fab947d8529c749c.webpack.hot-update.json:0
[  764731ms] [INFO] %cDownload the React DevTools for a better development experience: https://reactjs.org/link/react-devtools font-weight:bold @ webpack-internal:///./node_modules/react-dom/cjs/react-dom.development.js:29889
[  764783ms] [LOG] [HMR] connected @ webpack-internal:///./node_modules/next/dist/client/dev/error-overlay/websocket.js:45
[  764824ms] [ERROR] Failed to load resource: the server responded with a status of 404 (Not Found) @ http://localhost:3002/_next/static/webpack/fab947d8529c749c.webpack.hot-update.json:0
[  764835ms] [LOG] %c[Vercel Web Analytics]%c Debug mode is enabled by default in development. No requests will be sent to the server. color: rgb(120, 120, 120) color: inherit @ https://va.vercel-scripts.com/v1/script.debug.js:0
[  764835ms] [LOG] %c[Vercel Web Analytics]%c [view] http://localhost:3002/landing-ko-vf color: rgb(120, 120, 120) color: inherit {o: http://localhost:3002/landing-ko-vf, sv: 0.1.3, sdkn: @vercel/analytics/react, sdkv: 1.6.1, ts: 1777531623428} /_vercel/insights/view @ https://va.vercel-scripts.com/v1/script.debug.js:0
[  765312ms] [INFO] %cDownload the React DevTools for a better development experience: https://reactjs.org/link/react-devtools font-weight:bold @ webpack-internal:///./node_modules/react-dom/cjs/react-dom.development.js:29889
[  765406ms] [LOG] [HMR] connected @ webpack-internal:///./node_modules/next/dist/client/dev/error-overlay/websocket.js:45
[  765452ms] [LOG] %c[Vercel Web Analytics]%c Debug mode is enabled by default in development. No requests will be sent to the server. color: rgb(120, 120, 120) color: inherit @ https://va.vercel-scripts.com/v1/script.debug.js:0
[  765452ms] [LOG] %c[Vercel Web Analytics]%c [view] http://localhost:3002/landing-ko-vf color: rgb(120, 120, 120) color: inherit {o: http://localhost:3002/landing-ko-vf, sv: 0.1.3, sdkn: @vercel/analytics/react, sdkv: 1.6.1, ts: 1777531624046} /_vercel/insights/view @ https://va.vercel-scripts.com/v1/script.debug.js:0
[  765453ms] [ERROR] Failed to load resource: the server responded with a status of 404 (Not Found) @ http://localhost:3002/_next/static/webpack/fab947d8529c749c.webpack.hot-update.json:0
[  765925ms] [INFO] %cDownload the React DevTools for a better development experience: https://reactjs.org/link/react-devtools font-weight:bold @ webpack-internal:///./node_modules/react-dom/cjs/react-dom.development.js:29889
[  765986ms] [LOG] [HMR] connected @ webpack-internal:///./node_modules/next/dist/client/dev/error-overlay/websocket.js:45
[  766038ms] [LOG] %c[Vercel Web Analytics]%c Debug mode is enabled by default in development. No requests will be sent to the server. color: rgb(120, 120, 120) color: inherit @ https://va.vercel-scripts.com/v1/script.debug.js:0
[  766038ms] [LOG] %c[Vercel Web Analytics]%c [view] http://localhost:3002/landing-ko-vf color: rgb(120, 120, 120) color: inherit {o: http://localhost:3002/landing-ko-vf, sv: 0.1.3, sdkn: @vercel/analytics/react, sdkv: 1.6.1, ts: 1777531624632} /_vercel/insights/view @ https://va.vercel-scripts.com/v1/script.debug.js:0
[  766039ms] [ERROR] Failed to load resource: the server responded with a status of 404 (Not Found) @ http://localhost:3002/_next/static/webpack/fab947d8529c749c.webpack.hot-update.json:0
[  766260ms] [INFO] %cDownload the React DevTools for a better development experience: https://reactjs.org/link/react-devtools font-weight:bold @ webpack-internal:///./node_modules/react-dom/cjs/react-dom.development.js:29889
[  766310ms] [LOG] [HMR] connected @ webpack-internal:///./node_modules/next/dist/client/dev/error-overlay/websocket.js:45
[  766363ms] [LOG] %c[Vercel Web Analytics]%c Debug mode is enabled by default in development. No requests will be sent to the server. color: rgb(120, 120, 120) color: inherit @ https://va.vercel-scripts.com/v1/script.debug.js:0
[  766363ms] [LOG] %c[Vercel Web Analytics]%c [view] http://localhost:3002/landing-ko-vf color: rgb(120, 120, 120) color: inherit {o: http://localhost:3002/landing-ko-vf, sv: 0.1.3, sdkn: @vercel/analytics/react, sdkv: 1.6.1, ts: 1777531624956} /_vercel/insights/view @ https://va.vercel-scripts.com/v1/script.debug.js:0
[  766363ms] [ERROR] Failed to load resource: the server responded with a status of 404 (Not Found) @ http://localhost:3002/_next/static/webpack/fab947d8529c749c.webpack.hot-update.json:0
[  766683ms] [INFO] %cDownload the React DevTools for a better development experience: https://reactjs.org/link/react-devtools font-weight:bold @ webpack-internal:///./node_modules/react-dom/cjs/react-dom.development.js:29889
[  766777ms] [LOG] [HMR] connected @ webpack-internal:///./node_modules/next/dist/client/dev/error-overlay/websocket.js:45
[  766842ms] [LOG] %c[Vercel Web Analytics]%c Debug mode is enabled by default in development. No requests will be sent to the server. color: rgb(120, 120, 120) color: inherit @ https://va.vercel-scripts.com/v1/script.debug.js:0
[  766842ms] [LOG] %c[Vercel Web Analytics]%c [view] http://localhost:3002/landing-ko-vf color: rgb(120, 120, 120) color: inherit {o: http://localhost:3002/landing-ko-vf, sv: 0.1.3, sdkn: @vercel/analytics/react, sdkv: 1.6.1, ts: 1777531625435} /_vercel/insights/view @ https://va.vercel-scripts.com/v1/script.debug.js:0
[  766848ms] [ERROR] Failed to load resource: the server responded with a status of 404 (Not Found) @ http://localhost:3002/_next/static/webpack/fab947d8529c749c.webpack.hot-update.json:0
[  767035ms] [INFO] %cDownload the React DevTools for a better development experience: https://reactjs.org/link/react-devtools font-weight:bold @ webpack-internal:///./node_modules/react-dom/cjs/react-dom.development.js:29889
[  767082ms] [LOG] [HMR] connected @ webpack-internal:///./node_modules/next/dist/client/dev/error-overlay/websocket.js:45
[  767116ms] [LOG] %c[Vercel Web Analytics]%c Debug mode is enabled by default in development. No requests will be sent to the server. color: rgb(120, 120, 120) color: inherit @ https://va.vercel-scripts.com/v1/script.debug.js:0
[  767116ms] [LOG] %c[Vercel Web Analytics]%c [view] http://localhost:3002/landing-ko-vf color: rgb(120, 120, 120) color: inherit {o: http://localhost:3002/landing-ko-vf, sv: 0.1.3, sdkn: @vercel/analytics/react, sdkv: 1.6.1, ts: 1777531625709} /_vercel/insights/view @ https://va.vercel-scripts.com/v1/script.debug.js:0
[  767116ms] [ERROR] Failed to load resource: the server responded with a status of 404 (Not Found) @ http://localhost:3002/_next/static/webpack/fab947d8529c749c.webpack.hot-update.json:0
[  767510ms] [INFO] %cDownload the React DevTools for a better development experience: https://reactjs.org/link/react-devtools font-weight:bold @ webpack-internal:///./node_modules/react-dom/cjs/react-dom.development.js:29889
[  767569ms] [LOG] [HMR] connected @ webpack-internal:///./node_modules/next/dist/client/dev/error-overlay/websocket.js:45
[  767629ms] [ERROR] Failed to load resource: the server responded with a status of 404 (Not Found) @ http://localhost:3002/_next/static/webpack/fab947d8529c749c.webpack.hot-update.json:0
[  767644ms] [LOG] %c[Vercel Web Analytics]%c Debug mode is enabled by default in development. No requests will be sent to the server. color: rgb(120, 120, 120) color: inherit @ https://va.vercel-scripts.com/v1/script.debug.js:0
[  767644ms] [LOG] %c[Vercel Web Analytics]%c [view] http://localhost:3002/landing-ko-vf color: rgb(120, 120, 120) color: inherit {o: http://localhost:3002/landing-ko-vf, sv: 0.1.3, sdkn: @vercel/analytics/react, sdkv: 1.6.1, ts: 1777531626237} /_vercel/insights/view @ https://va.vercel-scripts.com/v1/script.debug.js:0
[  769918ms] [INFO] %cDownload the React DevTools for a better development experience: https://reactjs.org/link/react-devtools font-weight:bold @ webpack-internal:///./node_modules/react-dom/cjs/react-dom.development.js:29889
[  770050ms] Invalid or unexpected token
[  770012ms] [LOG] [HMR] connected @ webpack-internal:///./node_modules/next/dist/client/dev/error-overlay/websocket.js:45
[  770198ms] [ERROR] Failed to load resource: the server responded with a status of 404 (Not Found) @ http://localhost:3002/_next/static/webpack/fab947d8529c749c.webpack.hot-update.json:0
[  770728ms] [INFO] %cDownload the React DevTools for a better development experience: https://reactjs.org/link/react-devtools font-weight:bold @ webpack-internal:///./node_modules/react-dom/cjs/react-dom.development.js:29889
[  770758ms] Invalid or unexpected token
[  770759ms] [LOG] [HMR] connected @ webpack-internal:///./node_modules/next/dist/client/dev/error-overlay/websocket.js:45
[  787473ms] [LOG] [Fast Refresh] rebuilding @ webpack-internal:///./node_modules/next/dist/client/dev/error-overlay/hot-dev-client.js:196
[  789370ms] [LOG] [Fast Refresh] done in 1897ms @ webpack-internal:///./node_modules/next/dist/client/dev/error-overlay/hot-dev-client.js:165
[  789668ms] [INFO] %cDownload the React DevTools for a better development experience: https://reactjs.org/link/react-devtools font-weight:bold @ webpack-internal:///./node_modules/react-dom/cjs/react-dom.development.js:29889
[  789800ms] [LOG] [HMR] connected @ webpack-internal:///./node_modules/next/dist/client/dev/error-overlay/websocket.js:45
[  789989ms] [LOG] %c[Vercel Web Analytics]%c Debug mode is enabled by default in development. No requests will be sent to the server. color: rgb(120, 120, 120) color: inherit @ https://va.vercel-scripts.com/v1/script.debug.js:0
[  789989ms] [LOG] %c[Vercel Web Analytics]%c [view] http://localhost:3002/landing-ko-vf color: rgb(120, 120, 120) color: inherit {o: http://localhost:3002/landing-ko-vf, sv: 0.1.3, sdkn: @vercel/analytics/react, sdkv: 1.6.1, ts: 1777531648583} /_vercel/insights/view @ https://va.vercel-scripts.com/v1/script.debug.js:0
[  900459ms] [LOG] [Fast Refresh] rebuilding @ webpack-internal:///./node_modules/next/dist/client/dev/error-overlay/hot-dev-client.js:196
[  903370ms] [LOG] [Fast Refresh] done in 2911ms @ webpack-internal:///./node_modules/next/dist/client/dev/error-overlay/hot-dev-client.js:165
[  904013ms] [INFO] %cDownload the React DevTools for a better development experience: https://reactjs.org/link/react-devtools font-weight:bold @ webpack-internal:///./node_modules/react-dom/cjs/react-dom.development.js:29889
[  904129ms] [LOG] [HMR] connected @ webpack-internal:///./node_modules/next/dist/client/dev/error-overlay/websocket.js:45
[  904322ms] [LOG] %c[Vercel Web Analytics]%c Debug mode is enabled by default in development. No requests will be sent to the server. color: rgb(120, 120, 120) color: inherit @ https://va.vercel-scripts.com/v1/script.debug.js:0
[  904322ms] [LOG] %c[Vercel Web Analytics]%c [view] http://localhost:3002/landing-ko-vf color: rgb(120, 120, 120) color: inherit {o: http://localhost:3002/landing-ko-vf, sv: 0.1.3, sdkn: @vercel/analytics/react, sdkv: 1.6.1, ts: 1777531762916} /_vercel/insights/view @ https://va.vercel-scripts.com/v1/script.debug.js:0
[  904461ms] [LOG] [Fast Refresh] rebuilding @ webpack-internal:///./node_modules/next/dist/client/dev/error-overlay/hot-dev-client.js:196
[  905115ms] [ERROR] Failed to load resource: the server responded with a status of 404 (Not Found) @ http://localhost:3002/_next/static/webpack/06befcf99d385727.webpack.hot-update.json:0
[  905957ms] [INFO] %cDownload the React DevTools for a better development experience: https://reactjs.org/link/react-devtools font-weight:bold @ webpack-internal:///./node_modules/react-dom/cjs/react-dom.development.js:29889
[  906117ms] [LOG] [HMR] connected @ webpack-internal:///./node_modules/next/dist/client/dev/error-overlay/websocket.js:45
[  906197ms] [LOG] %c[Vercel Web Analytics]%c Debug mode is enabled by default in development. No requests will be sent to the server. color: rgb(120, 120, 120) color: inherit @ https://va.vercel-scripts.com/v1/script.debug.js:0
[  906197ms] [LOG] %c[Vercel Web Analytics]%c [view] http://localhost:3002/landing-ko-vf color: rgb(120, 120, 120) color: inherit {o: http://localhost:3002/landing-ko-vf, sv: 0.1.3, sdkn: @vercel/analytics/react, sdkv: 1.6.1, ts: 1777531764790} /_vercel/insights/view @ https://va.vercel-scripts.com/v1/script.debug.js:0
[  918851ms] [LOG] [Fast Refresh] rebuilding @ webpack-internal:///./node_modules/next/dist/client/dev/error-overlay/hot-dev-client.js:196
[  922581ms] [INFO] %cDownload the React DevTools for a better development experience: https://reactjs.org/link/react-devtools font-weight:bold @ webpack-internal:///./node_modules/react-dom/cjs/react-dom.development.js:29889
[  922715ms] [LOG] [HMR] connected @ webpack-internal:///./node_modules/next/dist/client/dev/error-overlay/websocket.js:45
[  922803ms] [LOG] [Fast Refresh] rebuilding @ webpack-internal:///./node_modules/next/dist/client/dev/error-overlay/hot-dev-client.js:196
[  922825ms] [LOG] %c[Vercel Web Analytics]%c Debug mode is enabled by default in development. No requests will be sent to the server. color: rgb(120, 120, 120) color: inherit @ https://va.vercel-scripts.com/v1/script.debug.js:0
[  922825ms] [LOG] %c[Vercel Web Analytics]%c [view] http://localhost:3002/landing-ko-vf color: rgb(120, 120, 120) color: inherit {o: http://localhost:3002/landing-ko-vf, sv: 0.1.3, sdkn: @vercel/analytics/react, sdkv: 1.6.1, ts: 1777531781419} /_vercel/insights/view @ https://va.vercel-scripts.com/v1/script.debug.js:0
[  925395ms] [ERROR] Warning: React does not recognize the `%s` prop on a DOM element. If you intentionally want it to appear in the DOM as a custom attribute, spell it as lowercase `%s` instead. If you accidentally passed it from a parent component, remove it from the DOM element.%s fetchPriority fetchpriority 
    at img
    at eval (webpack-internal:///./node_modules/next/dist/client/image-component.js:129:11)
    at eval (webpack-internal:///./node_modules/next/dist/client/image-component.js:238:47)
    at div
    at div
    at div
    at div
    at MotionComponent (webpack-internal:///./node_modules/framer-motion/dist/es/motion/index.mjs:54:65)
    at Reveal (webpack-internal:///./src/components/landing/Animation/Reveal.tsx:42:11)
    at section
    at SocialProofSection
    at main
    at div
    at LandingKoVfPage (webpack-internal:///./src/pages/landing-ko-vf.tsx:2243:86)
    at div
    at QueryClientProvider (webpack-internal:///./node_modules/@tanstack/react-query/build/modern/QueryClientProvider.js:28:3)
    at ReactQueryProvider (webpack-internal:///./src/components/Provider.tsx:15:11)
    at App (webpack-internal:///./src/pages/_app.tsx:71:11)
    at PathnameContextProviderAdapter (webpack-internal:///./node_modules/next/dist/shared/lib/router/adapters.js:79:11)
    at ErrorBoundary (webpack-internal:///./node_modules/next/dist/compiled/@next/react-dev-overlay/dist/client.js:2:5389)
    at ReactDevOverlay (webpack-internal:///./node_modules/next/dist/compiled/@next/react-dev-overlay/dist/client.js:2:7785)
    at Container (webpack-internal:///./node_modules/next/dist/client/index.js:78:1)
    at AppContainer (webpack-internal:///./node_modules/next/dist/client/index.js:182:11)
    at Root (webpack-internal:///./node_modules/next/dist/client/index.js:396:11) @ webpack-internal:///./node_modules/next/dist/compiled/@next/react-dev-overlay/dist/client.js:1
[  925411ms] [LOG] [Fast Refresh] done in 2607ms @ webpack-internal:///./node_modules/next/dist/client/dev/error-overlay/hot-dev-client.js:165
[  925489ms] [WARNING] Image with src "http://localhost:3002/svgs/yc2.svg" has either width or height modified, but not the other. If you use CSS to change the size of your image, also include the styles 'width: "auto"' or 'height: "auto"' to maintain the aspect ratio. @ webpack-internal:///./node_modules/next/dist/shared/lib/utils/warn-once.js:15
[  925489ms] [WARNING] Image with src "http://localhost:3002/svgs/a16z2.svg" has either width or height modified, but not the other. If you use CSS to change the size of your image, also include the styles 'width: "auto"' or 'height: "auto"' to maintain the aspect ratio. @ webpack-internal:///./node_modules/next/dist/shared/lib/utils/warn-once.js:15
[  925547ms] [WARNING] Image with src "/images/mistral.png" has either width or height modified, but not the other. If you use CSS to change the size of your image, also include the styles 'width: "auto"' or 'height: "auto"' to maintain the aspect ratio. @ webpack-internal:///./node_modules/next/dist/shared/lib/utils/warn-once.js:15
[  925550ms] [WARNING] Image with src "http://localhost:3002/svgs/sequoia2.svg" has either width or height modified, but not the other. If you use CSS to change the size of your image, also include the styles 'width: "auto"' or 'height: "auto"' to maintain the aspect ratio. @ webpack-internal:///./node_modules/next/dist/shared/lib/utils/warn-once.js:15
[  925550ms] [WARNING] Image with src "http://localhost:3002/svgs/cohere.svg" has either width or height modified, but not the other. If you use CSS to change the size of your image, also include the styles 'width: "auto"' or 'height: "auto"' to maintain the aspect ratio. @ webpack-internal:///./node_modules/next/dist/shared/lib/utils/warn-once.js:15
[  926112ms] [INFO] %cDownload the React DevTools for a better development experience: https://reactjs.org/link/react-devtools font-weight:bold @ webpack-internal:///./node_modules/react-dom/cjs/react-dom.development.js:29889
[  926229ms] [LOG] [HMR] connected @ webpack-internal:///./node_modules/next/dist/client/dev/error-overlay/websocket.js:45
[  926735ms] [ERROR] Warning: React does not recognize the `%s` prop on a DOM element. If you intentionally want it to appear in the DOM as a custom attribute, spell it as lowercase `%s` instead. If you accidentally passed it from a parent component, remove it from the DOM element.%s fetchPriority fetchpriority 
    at img
    at eval (webpack-internal:///./node_modules/next/dist/client/image-component.js:129:11)
    at eval (webpack-internal:///./node_modules/next/dist/client/image-component.js:238:47)
    at div
    at div
    at div
    at div
    at MotionComponent (webpack-internal:///./node_modules/framer-motion/dist/es/motion/index.mjs:54:65)
    at Reveal (webpack-internal:///./src/components/landing/Animation/Reveal.tsx:42:11)
    at section
    at SocialProofSection
    at main
    at div
    at LandingKoVfPage (webpack-internal:///./src/pages/landing-ko-vf.tsx:2243:86)
    at div
    at QueryClientProvider (webpack-internal:///./node_modules/@tanstack/react-query/build/modern/QueryClientProvider.js:28:3)
    at ReactQueryProvider (webpack-internal:///./src/components/Provider.tsx:15:11)
    at App (webpack-internal:///./src/pages/_app.tsx:71:11)
    at PathnameContextProviderAdapter (webpack-internal:///./node_modules/next/dist/shared/lib/router/adapters.js:79:11)
    at ErrorBoundary (webpack-internal:///./node_modules/next/dist/compiled/@next/react-dev-overlay/dist/client.js:2:5389)
    at ReactDevOverlay (webpack-internal:///./node_modules/next/dist/compiled/@next/react-dev-overlay/dist/client.js:2:7785)
    at Container (webpack-internal:///./node_modules/next/dist/client/index.js:78:1)
    at AppContainer (webpack-internal:///./node_modules/next/dist/client/index.js:182:11)
    at Root (webpack-internal:///./node_modules/next/dist/client/index.js:396:11) @ webpack-internal:///./node_modules/next/dist/compiled/@next/react-dev-overlay/dist/client.js:1
[  926755ms] [WARNING] Image with src "http://localhost:3002/svgs/a16z2.svg" has either width or height modified, but not the other. If you use CSS to change the size of your image, also include the styles 'width: "auto"' or 'height: "auto"' to maintain the aspect ratio. @ webpack-internal:///./node_modules/next/dist/shared/lib/utils/warn-once.js:15
[  926755ms] [WARNING] Image with src "http://localhost:3002/svgs/yc2.svg" has either width or height modified, but not the other. If you use CSS to change the size of your image, also include the styles 'width: "auto"' or 'height: "auto"' to maintain the aspect ratio. @ webpack-internal:///./node_modules/next/dist/shared/lib/utils/warn-once.js:15
[  926755ms] [WARNING] Image with src "http://localhost:3002/svgs/sequoia2.svg" has either width or height modified, but not the other. If you use CSS to change the size of your image, also include the styles 'width: "auto"' or 'height: "auto"' to maintain the aspect ratio. @ webpack-internal:///./node_modules/next/dist/shared/lib/utils/warn-once.js:15
[  926755ms] [WARNING] Image with src "http://localhost:3002/svgs/cohere.svg" has either width or height modified, but not the other. If you use CSS to change the size of your image, also include the styles 'width: "auto"' or 'height: "auto"' to maintain the aspect ratio. @ webpack-internal:///./node_modules/next/dist/shared/lib/utils/warn-once.js:15
[  926759ms] [WARNING] Image with src "/images/mistral.png" has either width or height modified, but not the other. If you use CSS to change the size of your image, also include the styles 'width: "auto"' or 'height: "auto"' to maintain the aspect ratio. @ webpack-internal:///./node_modules/next/dist/shared/lib/utils/warn-once.js:15
[  926772ms] [LOG] %c[Vercel Web Analytics]%c Debug mode is enabled by default in development. No requests will be sent to the server. color: rgb(120, 120, 120) color: inherit @ https://va.vercel-scripts.com/v1/script.debug.js:0
[  926772ms] [LOG] %c[Vercel Web Analytics]%c [view] http://localhost:3002/landing-ko-vf color: rgb(120, 120, 120) color: inherit {o: http://localhost:3002/landing-ko-vf, sv: 0.1.3, sdkn: @vercel/analytics/react, sdkv: 1.6.1, ts: 1777531785365} /_vercel/insights/view @ https://va.vercel-scripts.com/v1/script.debug.js:0
