[     435ms] [INFO] %cDownload the React DevTools for a better development experience: https://reactjs.org/link/react-devtools font-weight:bold @ webpack-internal:///./node_modules/react-dom/cjs/react-dom.development.js:29889
[     500ms] [LOG] [HMR] connected @ webpack-internal:///./node_modules/next/dist/client/dev/error-overlay/websocket.js:45
[     526ms] [ERROR] Failed to load resource: the server responded with a status of 404 (Not Found) @ http://localhost:3002/_next/static/webpack/2ed8c5d234341932.webpack.hot-update.json:0
[     803ms] [INFO] %cDownload the React DevTools for a better development experience: https://reactjs.org/link/react-devtools font-weight:bold @ webpack-internal:///./node_modules/react-dom/cjs/react-dom.development.js:29889
[     850ms] [LOG] [HMR] connected @ webpack-internal:///./node_modules/next/dist/client/dev/error-overlay/websocket.js:45
[     879ms] [ERROR] Failed to load resource: the server responded with a status of 404 (Not Found) @ http://localhost:3002/_next/static/webpack/2ed8c5d234341932.webpack.hot-update.json:0
[     948ms] [LOG] %c[Vercel Web Analytics]%c Debug mode is enabled by default in development. No requests will be sent to the server. color: rgb(120, 120, 120) color: inherit @ https://va.vercel-scripts.com/v1/script.debug.js:0
[     948ms] [LOG] %c[Vercel Web Analytics]%c [view] http://localhost:3002/landing-ko-vf color: rgb(120, 120, 120) color: inherit {o: http://localhost:3002/landing-ko-vf, sv: 0.1.3, sdkn: @vercel/analytics/react, sdkv: 1.6.1, ts: 1777530801300} /_vercel/insights/view @ https://va.vercel-scripts.com/v1/script.debug.js:0
[    1225ms] [INFO] %cDownload the React DevTools for a better development experience: https://reactjs.org/link/react-devtools font-weight:bold @ webpack-internal:///./node_modules/react-dom/cjs/react-dom.development.js:29889
[    1270ms] [LOG] [HMR] connected @ webpack-internal:///./node_modules/next/dist/client/dev/error-overlay/websocket.js:45
[    1295ms] [ERROR] Failed to load resource: the server responded with a status of 404 (Not Found) @ http://localhost:3002/_next/static/webpack/2ed8c5d234341932.webpack.hot-update.json:0
[    1305ms] [LOG] %c[Vercel Web Analytics]%c Debug mode is enabled by default in development. No requests will be sent to the server. color: rgb(120, 120, 120) color: inherit @ https://va.vercel-scripts.com/v1/script.debug.js:0
[    1305ms] [LOG] %c[Vercel Web Analytics]%c [view] http://localhost:3002/landing-ko-vf color: rgb(120, 120, 120) color: inherit {o: http://localhost:3002/landing-ko-vf, sv: 0.1.3, sdkn: @vercel/analytics/react, sdkv: 1.6.1, ts: 1777530801657} /_vercel/insights/view @ https://va.vercel-scripts.com/v1/script.debug.js:0
[    1482ms] [INFO] %cDownload the React DevTools for a better development experience: https://reactjs.org/link/react-devtools font-weight:bold @ webpack-internal:///./node_modules/react-dom/cjs/react-dom.development.js:29889
[    1536ms] [LOG] [HMR] connected @ webpack-internal:///./node_modules/next/dist/client/dev/error-overlay/websocket.js:45
[    1571ms] [ERROR] Failed to load resource: the server responded with a status of 404 (Not Found) @ http://localhost:3002/_next/static/webpack/2ed8c5d234341932.webpack.hot-update.json:0
[    1571ms] [LOG] %c[Vercel Web Analytics]%c Debug mode is enabled by default in development. No requests will be sent to the server. color: rgb(120, 120, 120) color: inherit @ https://va.vercel-scripts.com/v1/script.debug.js:0
[    1571ms] [LOG] %c[Vercel Web Analytics]%c [view] http://localhost:3002/landing-ko-vf color: rgb(120, 120, 120) color: inherit {o: http://localhost:3002/landing-ko-vf, sv: 0.1.3, sdkn: @vercel/analytics/react, sdkv: 1.6.1, ts: 1777530801924} /_vercel/insights/view @ https://va.vercel-scripts.com/v1/script.debug.js:0
[    1801ms] [INFO] %cDownload the React DevTools for a better development experience: https://reactjs.org/link/react-devtools font-weight:bold @ webpack-internal:///./node_modules/react-dom/cjs/react-dom.development.js:29889
[    1845ms] [LOG] [HMR] connected @ webpack-internal:///./node_modules/next/dist/client/dev/error-overlay/websocket.js:45
[    1871ms] [ERROR] Failed to load resource: the server responded with a status of 404 (Not Found) @ http://localhost:3002/_next/static/webpack/2ed8c5d234341932.webpack.hot-update.json:0
[    1880ms] [LOG] %c[Vercel Web Analytics]%c Debug mode is enabled by default in development. No requests will be sent to the server. color: rgb(120, 120, 120) color: inherit @ https://va.vercel-scripts.com/v1/script.debug.js:0
[    1880ms] [LOG] %c[Vercel Web Analytics]%c [view] http://localhost:3002/landing-ko-vf color: rgb(120, 120, 120) color: inherit {o: http://localhost:3002/landing-ko-vf, sv: 0.1.3, sdkn: @vercel/analytics/react, sdkv: 1.6.1, ts: 1777530802232} /_vercel/insights/view @ https://va.vercel-scripts.com/v1/script.debug.js:0
[    2054ms] [INFO] %cDownload the React DevTools for a better development experience: https://reactjs.org/link/react-devtools font-weight:bold @ webpack-internal:///./node_modules/react-dom/cjs/react-dom.development.js:29889
[    2106ms] [LOG] [HMR] connected @ webpack-internal:///./node_modules/next/dist/client/dev/error-overlay/websocket.js:45
[    2162ms] [LOG] %c[Vercel Web Analytics]%c Debug mode is enabled by default in development. No requests will be sent to the server. color: rgb(120, 120, 120) color: inherit @ https://va.vercel-scripts.com/v1/script.debug.js:0
[    2162ms] [LOG] %c[Vercel Web Analytics]%c [view] http://localhost:3002/landing-ko-vf color: rgb(120, 120, 120) color: inherit {o: http://localhost:3002/landing-ko-vf, sv: 0.1.3, sdkn: @vercel/analytics/react, sdkv: 1.6.1, ts: 1777530802515} /_vercel/insights/view @ https://va.vercel-scripts.com/v1/script.debug.js:0
[    2171ms] [ERROR] Failed to load resource: the server responded with a status of 404 (Not Found) @ http://localhost:3002/_next/static/webpack/2ed8c5d234341932.webpack.hot-update.json:0
[    2419ms] [INFO] %cDownload the React DevTools for a better development experience: https://reactjs.org/link/react-devtools font-weight:bold @ webpack-internal:///./node_modules/react-dom/cjs/react-dom.development.js:29889
[    2466ms] [LOG] [HMR] connected @ webpack-internal:///./node_modules/next/dist/client/dev/error-overlay/websocket.js:45
[    2495ms] [ERROR] Failed to load resource: the server responded with a status of 404 (Not Found) @ http://localhost:3002/_next/static/webpack/2ed8c5d234341932.webpack.hot-update.json:0
[    2508ms] [LOG] %c[Vercel Web Analytics]%c Debug mode is enabled by default in development. No requests will be sent to the server. color: rgb(120, 120, 120) color: inherit @ https://va.vercel-scripts.com/v1/script.debug.js:0
[    2508ms] [LOG] %c[Vercel Web Analytics]%c [view] http://localhost:3002/landing-ko-vf color: rgb(120, 120, 120) color: inherit {o: http://localhost:3002/landing-ko-vf, sv: 0.1.3, sdkn: @vercel/analytics/react, sdkv: 1.6.1, ts: 1777530802861} /_vercel/insights/view @ https://va.vercel-scripts.com/v1/script.debug.js:0
[    2677ms] [INFO] %cDownload the React DevTools for a better development experience: https://reactjs.org/link/react-devtools font-weight:bold @ webpack-internal:///./node_modules/react-dom/cjs/react-dom.development.js:29889
[    2724ms] [LOG] [HMR] connected @ webpack-internal:///./node_modules/next/dist/client/dev/error-overlay/websocket.js:45
[    2753ms] [ERROR] Failed to load resource: the server responded with a status of 404 (Not Found) @ http://localhost:3002/_next/static/webpack/2ed8c5d234341932.webpack.hot-update.json:0
[    2762ms] [LOG] %c[Vercel Web Analytics]%c Debug mode is enabled by default in development. No requests will be sent to the server. color: rgb(120, 120, 120) color: inherit @ https://va.vercel-scripts.com/v1/script.debug.js:0
[    2762ms] [LOG] %c[Vercel Web Analytics]%c [view] http://localhost:3002/landing-ko-vf color: rgb(120, 120, 120) color: inherit {o: http://localhost:3002/landing-ko-vf, sv: 0.1.3, sdkn: @vercel/analytics/react, sdkv: 1.6.1, ts: 1777530803115} /_vercel/insights/view @ https://va.vercel-scripts.com/v1/script.debug.js:0
[    3012ms] [INFO] %cDownload the React DevTools for a better development experience: https://reactjs.org/link/react-devtools font-weight:bold @ webpack-internal:///./node_modules/react-dom/cjs/react-dom.development.js:29889
[    3063ms] [LOG] [HMR] connected @ webpack-internal:///./node_modules/next/dist/client/dev/error-overlay/websocket.js:45
[    3098ms] [LOG] %c[Vercel Web Analytics]%c Debug mode is enabled by default in development. No requests will be sent to the server. color: rgb(120, 120, 120) color: inherit @ https://va.vercel-scripts.com/v1/script.debug.js:0
[    3098ms] [LOG] %c[Vercel Web Analytics]%c [view] http://localhost:3002/landing-ko-vf color: rgb(120, 120, 120) color: inherit {o: http://localhost:3002/landing-ko-vf, sv: 0.1.3, sdkn: @vercel/analytics/react, sdkv: 1.6.1, ts: 1777530803450} /_vercel/insights/view @ https://va.vercel-scripts.com/v1/script.debug.js:0
[    3125ms] [ERROR] Failed to load resource: the server responded with a status of 404 (Not Found) @ http://localhost:3002/_next/static/webpack/2ed8c5d234341932.webpack.hot-update.json:0
[    3336ms] [INFO] %cDownload the React DevTools for a better development experience: https://reactjs.org/link/react-devtools font-weight:bold @ webpack-internal:///./node_modules/react-dom/cjs/react-dom.development.js:29889
[    3384ms] [LOG] [HMR] connected @ webpack-internal:///./node_modules/next/dist/client/dev/error-overlay/websocket.js:45
[    3456ms] [LOG] %c[Vercel Web Analytics]%c Debug mode is enabled by default in development. No requests will be sent to the server. color: rgb(120, 120, 120) color: inherit @ https://va.vercel-scripts.com/v1/script.debug.js:0
[    3456ms] [LOG] %c[Vercel Web Analytics]%c [view] http://localhost:3002/landing-ko-vf color: rgb(120, 120, 120) color: inherit {o: http://localhost:3002/landing-ko-vf, sv: 0.1.3, sdkn: @vercel/analytics/react, sdkv: 1.6.1, ts: 1777530803808} /_vercel/insights/view @ https://va.vercel-scripts.com/v1/script.debug.js:0
[    3477ms] [ERROR] Failed to load resource: the server responded with a status of 404 (Not Found) @ http://localhost:3002/_next/static/webpack/2ed8c5d234341932.webpack.hot-update.json:0
[    3682ms] [INFO] %cDownload the React DevTools for a better development experience: https://reactjs.org/link/react-devtools font-weight:bold @ webpack-internal:///./node_modules/react-dom/cjs/react-dom.development.js:29889
[    3729ms] [LOG] [HMR] connected @ webpack-internal:///./node_modules/next/dist/client/dev/error-overlay/websocket.js:45
[    3752ms] [ERROR] Failed to load resource: the server responded with a status of 404 (Not Found) @ http://localhost:3002/_next/static/webpack/2ed8c5d234341932.webpack.hot-update.json:0
[    3761ms] [LOG] %c[Vercel Web Analytics]%c Debug mode is enabled by default in development. No requests will be sent to the server. color: rgb(120, 120, 120) color: inherit @ https://va.vercel-scripts.com/v1/script.debug.js:0
[    3761ms] [LOG] %c[Vercel Web Analytics]%c [view] http://localhost:3002/landing-ko-vf color: rgb(120, 120, 120) color: inherit {o: http://localhost:3002/landing-ko-vf, sv: 0.1.3, sdkn: @vercel/analytics/react, sdkv: 1.6.1, ts: 1777530804113} /_vercel/insights/view @ https://va.vercel-scripts.com/v1/script.debug.js:0
[    3937ms] [INFO] %cDownload the React DevTools for a better development experience: https://reactjs.org/link/react-devtools font-weight:bold @ webpack-internal:///./node_modules/react-dom/cjs/react-dom.development.js:29889
[    3990ms] [LOG] [HMR] connected @ webpack-internal:///./node_modules/next/dist/client/dev/error-overlay/websocket.js:45
[    4032ms] [LOG] %c[Vercel Web Analytics]%c Debug mode is enabled by default in development. No requests will be sent to the server. color: rgb(120, 120, 120) color: inherit @ https://va.vercel-scripts.com/v1/script.debug.js:0
[    4032ms] [LOG] %c[Vercel Web Analytics]%c [view] http://localhost:3002/landing-ko-vf color: rgb(120, 120, 120) color: inherit {o: http://localhost:3002/landing-ko-vf, sv: 0.1.3, sdkn: @vercel/analytics/react, sdkv: 1.6.1, ts: 1777530804384} /_vercel/insights/view @ https://va.vercel-scripts.com/v1/script.debug.js:0
[    4075ms] [ERROR] Failed to load resource: the server responded with a status of 404 (Not Found) @ http://localhost:3002/_next/static/webpack/2ed8c5d234341932.webpack.hot-update.json:0
[    4301ms] [INFO] %cDownload the React DevTools for a better development experience: https://reactjs.org/link/react-devtools font-weight:bold @ webpack-internal:///./node_modules/react-dom/cjs/react-dom.development.js:29889
[    4348ms] [LOG] [HMR] connected @ webpack-internal:///./node_modules/next/dist/client/dev/error-overlay/websocket.js:45
[    4376ms] [ERROR] Failed to load resource: the server responded with a status of 404 (Not Found) @ http://localhost:3002/_next/static/webpack/2ed8c5d234341932.webpack.hot-update.json:0
[    4380ms] [LOG] %c[Vercel Web Analytics]%c Debug mode is enabled by default in development. No requests will be sent to the server. color: rgb(120, 120, 120) color: inherit @ https://va.vercel-scripts.com/v1/script.debug.js:0
[    4380ms] [LOG] %c[Vercel Web Analytics]%c [view] http://localhost:3002/landing-ko-vf color: rgb(120, 120, 120) color: inherit {o: http://localhost:3002/landing-ko-vf, sv: 0.1.3, sdkn: @vercel/analytics/react, sdkv: 1.6.1, ts: 1777530804732} /_vercel/insights/view @ https://va.vercel-scripts.com/v1/script.debug.js:0
[    4591ms] [INFO] %cDownload the React DevTools for a better development experience: https://reactjs.org/link/react-devtools font-weight:bold @ webpack-internal:///./node_modules/react-dom/cjs/react-dom.development.js:29889
[    4638ms] [LOG] [HMR] connected @ webpack-internal:///./node_modules/next/dist/client/dev/error-overlay/websocket.js:45
[    4672ms] [LOG] %c[Vercel Web Analytics]%c Debug mode is enabled by default in development. No requests will be sent to the server. color: rgb(120, 120, 120) color: inherit @ https://va.vercel-scripts.com/v1/script.debug.js:0
[    4672ms] [LOG] %c[Vercel Web Analytics]%c [view] http://localhost:3002/landing-ko-vf color: rgb(120, 120, 120) color: inherit {o: http://localhost:3002/landing-ko-vf, sv: 0.1.3, sdkn: @vercel/analytics/react, sdkv: 1.6.1, ts: 1777530805024} /_vercel/insights/view @ https://va.vercel-scripts.com/v1/script.debug.js:0
[    4730ms] [ERROR] Failed to load resource: the server responded with a status of 404 (Not Found) @ http://localhost:3002/_next/static/webpack/2ed8c5d234341932.webpack.hot-update.json:0
[    4919ms] [INFO] %cDownload the React DevTools for a better development experience: https://reactjs.org/link/react-devtools font-weight:bold @ webpack-internal:///./node_modules/react-dom/cjs/react-dom.development.js:29889
[    4970ms] [LOG] [HMR] connected @ webpack-internal:///./node_modules/next/dist/client/dev/error-overlay/websocket.js:45
[    5004ms] [ERROR] Failed to load resource: the server responded with a status of 404 (Not Found) @ http://localhost:3002/_next/static/webpack/2ed8c5d234341932.webpack.hot-update.json:0
[    5012ms] [LOG] %c[Vercel Web Analytics]%c Debug mode is enabled by default in development. No requests will be sent to the server. color: rgb(120, 120, 120) color: inherit @ https://va.vercel-scripts.com/v1/script.debug.js:0
[    5012ms] [LOG] %c[Vercel Web Analytics]%c [view] http://localhost:3002/landing-ko-vf color: rgb(120, 120, 120) color: inherit {o: http://localhost:3002/landing-ko-vf, sv: 0.1.3, sdkn: @vercel/analytics/react, sdkv: 1.6.1, ts: 1777530805365} /_vercel/insights/view @ https://va.vercel-scripts.com/v1/script.debug.js:0
[    5188ms] [INFO] %cDownload the React DevTools for a better development experience: https://reactjs.org/link/react-devtools font-weight:bold @ webpack-internal:///./node_modules/react-dom/cjs/react-dom.development.js:29889
[    5265ms] [LOG] [HMR] connected @ webpack-internal:///./node_modules/next/dist/client/dev/error-overlay/websocket.js:45
[    5353ms] [LOG] %c[Vercel Web Analytics]%c Debug mode is enabled by default in development. No requests will be sent to the server. color: rgb(120, 120, 120) color: inherit @ https://va.vercel-scripts.com/v1/script.debug.js:0
[    5353ms] [LOG] %c[Vercel Web Analytics]%c [view] http://localhost:3002/landing-ko-vf color: rgb(120, 120, 120) color: inherit {o: http://localhost:3002/landing-ko-vf, sv: 0.1.3, sdkn: @vercel/analytics/react, sdkv: 1.6.1, ts: 1777530805706} /_vercel/insights/view @ https://va.vercel-scripts.com/v1/script.debug.js:0
[    5356ms] [ERROR] Failed to load resource: the server responded with a status of 404 (Not Found) @ http://localhost:3002/_next/static/webpack/2ed8c5d234341932.webpack.hot-update.json:0
[    5535ms] [INFO] %cDownload the React DevTools for a better development experience: https://reactjs.org/link/react-devtools font-weight:bold @ webpack-internal:///./node_modules/react-dom/cjs/react-dom.development.js:29889
[    5581ms] [LOG] [HMR] connected @ webpack-internal:///./node_modules/next/dist/client/dev/error-overlay/websocket.js:45
[    5604ms] [ERROR] Failed to load resource: the server responded with a status of 404 (Not Found) @ http://localhost:3002/_next/static/webpack/2ed8c5d234341932.webpack.hot-update.json:0
[    5613ms] [LOG] %c[Vercel Web Analytics]%c Debug mode is enabled by default in development. No requests will be sent to the server. color: rgb(120, 120, 120) color: inherit @ https://va.vercel-scripts.com/v1/script.debug.js:0
[    5613ms] [LOG] %c[Vercel Web Analytics]%c [view] http://localhost:3002/landing-ko-vf color: rgb(120, 120, 120) color: inherit {o: http://localhost:3002/landing-ko-vf, sv: 0.1.3, sdkn: @vercel/analytics/react, sdkv: 1.6.1, ts: 1777530805966} /_vercel/insights/view @ https://va.vercel-scripts.com/v1/script.debug.js:0
[    5786ms] [INFO] %cDownload the React DevTools for a better development experience: https://reactjs.org/link/react-devtools font-weight:bold @ webpack-internal:///./node_modules/react-dom/cjs/react-dom.development.js:29889
[    5871ms] [LOG] [HMR] connected @ webpack-internal:///./node_modules/next/dist/client/dev/error-overlay/websocket.js:45
[    5910ms] [ERROR] Failed to load resource: the server responded with a status of 404 (Not Found) @ http://localhost:3002/_next/static/webpack/2ed8c5d234341932.webpack.hot-update.json:0
[    5920ms] [LOG] %c[Vercel Web Analytics]%c Debug mode is enabled by default in development. No requests will be sent to the server. color: rgb(120, 120, 120) color: inherit @ https://va.vercel-scripts.com/v1/script.debug.js:0
[    5920ms] [LOG] %c[Vercel Web Analytics]%c [view] http://localhost:3002/landing-ko-vf color: rgb(120, 120, 120) color: inherit {o: http://localhost:3002/landing-ko-vf, sv: 0.1.3, sdkn: @vercel/analytics/react, sdkv: 1.6.1, ts: 1777530806272} /_vercel/insights/view @ https://va.vercel-scripts.com/v1/script.debug.js:0
[    6092ms] [INFO] %cDownload the React DevTools for a better development experience: https://reactjs.org/link/react-devtools font-weight:bold @ webpack-internal:///./node_modules/react-dom/cjs/react-dom.development.js:29889
[    6139ms] [LOG] [HMR] connected @ webpack-internal:///./node_modules/next/dist/client/dev/error-overlay/websocket.js:45
[    6162ms] [ERROR] Failed to load resource: the server responded with a status of 404 (Not Found) @ http://localhost:3002/_next/static/webpack/2ed8c5d234341932.webpack.hot-update.json:0
[    6170ms] [LOG] %c[Vercel Web Analytics]%c Debug mode is enabled by default in development. No requests will be sent to the server. color: rgb(120, 120, 120) color: inherit @ https://va.vercel-scripts.com/v1/script.debug.js:0
[    6170ms] [LOG] %c[Vercel Web Analytics]%c [view] http://localhost:3002/landing-ko-vf color: rgb(120, 120, 120) color: inherit {o: http://localhost:3002/landing-ko-vf, sv: 0.1.3, sdkn: @vercel/analytics/react, sdkv: 1.6.1, ts: 1777530806523} /_vercel/insights/view @ https://va.vercel-scripts.com/v1/script.debug.js:0
[    6359ms] [INFO] %cDownload the React DevTools for a better development experience: https://reactjs.org/link/react-devtools font-weight:bold @ webpack-internal:///./node_modules/react-dom/cjs/react-dom.development.js:29889
[    6420ms] [LOG] [HMR] connected @ webpack-internal:///./node_modules/next/dist/client/dev/error-overlay/websocket.js:45
[    6454ms] [ERROR] Failed to load resource: the server responded with a status of 404 (Not Found) @ http://localhost:3002/_next/static/webpack/2ed8c5d234341932.webpack.hot-update.json:0
[    6459ms] [LOG] %c[Vercel Web Analytics]%c Debug mode is enabled by default in development. No requests will be sent to the server. color: rgb(120, 120, 120) color: inherit @ https://va.vercel-scripts.com/v1/script.debug.js:0
[    6459ms] [LOG] %c[Vercel Web Analytics]%c [view] http://localhost:3002/landing-ko-vf color: rgb(120, 120, 120) color: inherit {o: http://localhost:3002/landing-ko-vf, sv: 0.1.3, sdkn: @vercel/analytics/react, sdkv: 1.6.1, ts: 1777530806812} /_vercel/insights/view @ https://va.vercel-scripts.com/v1/script.debug.js:0
[    6646ms] [INFO] %cDownload the React DevTools for a better development experience: https://reactjs.org/link/react-devtools font-weight:bold @ webpack-internal:///./node_modules/react-dom/cjs/react-dom.development.js:29889
[    6706ms] [LOG] [HMR] connected @ webpack-internal:///./node_modules/next/dist/client/dev/error-overlay/websocket.js:45
[    6738ms] [ERROR] Failed to load resource: the server responded with a status of 404 (Not Found) @ http://localhost:3002/_next/static/webpack/2ed8c5d234341932.webpack.hot-update.json:0
[    6747ms] [LOG] %c[Vercel Web Analytics]%c Debug mode is enabled by default in development. No requests will be sent to the server. color: rgb(120, 120, 120) color: inherit @ https://va.vercel-scripts.com/v1/script.debug.js:0
[    6747ms] [LOG] %c[Vercel Web Analytics]%c [view] http://localhost:3002/landing-ko-vf color: rgb(120, 120, 120) color: inherit {o: http://localhost:3002/landing-ko-vf, sv: 0.1.3, sdkn: @vercel/analytics/react, sdkv: 1.6.1, ts: 1777530807099} /_vercel/insights/view @ https://va.vercel-scripts.com/v1/script.debug.js:0
[    6918ms] [INFO] %cDownload the React DevTools for a better development experience: https://reactjs.org/link/react-devtools font-weight:bold @ webpack-internal:///./node_modules/react-dom/cjs/react-dom.development.js:29889
[    6977ms] [LOG] [HMR] connected @ webpack-internal:///./node_modules/next/dist/client/dev/error-overlay/websocket.js:45
[    7012ms] [ERROR] Failed to load resource: the server responded with a status of 404 (Not Found) @ http://localhost:3002/_next/static/webpack/2ed8c5d234341932.webpack.hot-update.json:0
[    7022ms] [LOG] %c[Vercel Web Analytics]%c Debug mode is enabled by default in development. No requests will be sent to the server. color: rgb(120, 120, 120) color: inherit @ https://va.vercel-scripts.com/v1/script.debug.js:0
[    7022ms] [LOG] %c[Vercel Web Analytics]%c [view] http://localhost:3002/landing-ko-vf color: rgb(120, 120, 120) color: inherit {o: http://localhost:3002/landing-ko-vf, sv: 0.1.3, sdkn: @vercel/analytics/react, sdkv: 1.6.1, ts: 1777530807375} /_vercel/insights/view @ https://va.vercel-scripts.com/v1/script.debug.js:0
[    7189ms] [INFO] %cDownload the React DevTools for a better development experience: https://reactjs.org/link/react-devtools font-weight:bold @ webpack-internal:///./node_modules/react-dom/cjs/react-dom.development.js:29889
[    7237ms] [LOG] [HMR] connected @ webpack-internal:///./node_modules/next/dist/client/dev/error-overlay/websocket.js:45
[    7263ms] [ERROR] Failed to load resource: the server responded with a status of 404 (Not Found) @ http://localhost:3002/_next/static/webpack/2ed8c5d234341932.webpack.hot-update.json:0
[    7271ms] [LOG] %c[Vercel Web Analytics]%c Debug mode is enabled by default in development. No requests will be sent to the server. color: rgb(120, 120, 120) color: inherit @ https://va.vercel-scripts.com/v1/script.debug.js:0
[    7271ms] [LOG] %c[Vercel Web Analytics]%c [view] http://localhost:3002/landing-ko-vf color: rgb(120, 120, 120) color: inherit {o: http://localhost:3002/landing-ko-vf, sv: 0.1.3, sdkn: @vercel/analytics/react, sdkv: 1.6.1, ts: 1777530807624} /_vercel/insights/view @ https://va.vercel-scripts.com/v1/script.debug.js:0
[    7503ms] [INFO] %cDownload the React DevTools for a better development experience: https://reactjs.org/link/react-devtools font-weight:bold @ webpack-internal:///./node_modules/react-dom/cjs/react-dom.development.js:29889
[    7570ms] [LOG] [HMR] connected @ webpack-internal:///./node_modules/next/dist/client/dev/error-overlay/websocket.js:45
[    7596ms] [ERROR] Failed to load resource: the server responded with a status of 404 (Not Found) @ http://localhost:3002/_next/static/webpack/2ed8c5d234341932.webpack.hot-update.json:0
[    7604ms] [LOG] %c[Vercel Web Analytics]%c Debug mode is enabled by default in development. No requests will be sent to the server. color: rgb(120, 120, 120) color: inherit @ https://va.vercel-scripts.com/v1/script.debug.js:0
[    7605ms] [LOG] %c[Vercel Web Analytics]%c [view] http://localhost:3002/landing-ko-vf color: rgb(120, 120, 120) color: inherit {o: http://localhost:3002/landing-ko-vf, sv: 0.1.3, sdkn: @vercel/analytics/react, sdkv: 1.6.1, ts: 1777530807957} /_vercel/insights/view @ https://va.vercel-scripts.com/v1/script.debug.js:0
[    7778ms] [INFO] %cDownload the React DevTools for a better development experience: https://reactjs.org/link/react-devtools font-weight:bold @ webpack-internal:///./node_modules/react-dom/cjs/react-dom.development.js:29889
[    7826ms] [LOG] [HMR] connected @ webpack-internal:///./node_modules/next/dist/client/dev/error-overlay/websocket.js:45
[    7854ms] [ERROR] Failed to load resource: the server responded with a status of 404 (Not Found) @ http://localhost:3002/_next/static/webpack/2ed8c5d234341932.webpack.hot-update.json:0
[    7863ms] [LOG] %c[Vercel Web Analytics]%c Debug mode is enabled by default in development. No requests will be sent to the server. color: rgb(120, 120, 120) color: inherit @ https://va.vercel-scripts.com/v1/script.debug.js:0
[    7863ms] [LOG] %c[Vercel Web Analytics]%c [view] http://localhost:3002/landing-ko-vf color: rgb(120, 120, 120) color: inherit {o: http://localhost:3002/landing-ko-vf, sv: 0.1.3, sdkn: @vercel/analytics/react, sdkv: 1.6.1, ts: 1777530808215} /_vercel/insights/view @ https://va.vercel-scripts.com/v1/script.debug.js:0
[    8090ms] [INFO] %cDownload the React DevTools for a better development experience: https://reactjs.org/link/react-devtools font-weight:bold @ webpack-internal:///./node_modules/react-dom/cjs/react-dom.development.js:29889
[    8138ms] [LOG] [HMR] connected @ webpack-internal:///./node_modules/next/dist/client/dev/error-overlay/websocket.js:45
[    8162ms] [ERROR] Failed to load resource: the server responded with a status of 404 (Not Found) @ http://localhost:3002/_next/static/webpack/2ed8c5d234341932.webpack.hot-update.json:0
[    8171ms] [LOG] %c[Vercel Web Analytics]%c Debug mode is enabled by default in development. No requests will be sent to the server. color: rgb(120, 120, 120) color: inherit @ https://va.vercel-scripts.com/v1/script.debug.js:0
[    8171ms] [LOG] %c[Vercel Web Analytics]%c [view] http://localhost:3002/landing-ko-vf color: rgb(120, 120, 120) color: inherit {o: http://localhost:3002/landing-ko-vf, sv: 0.1.3, sdkn: @vercel/analytics/react, sdkv: 1.6.1, ts: 1777530808523} /_vercel/insights/view @ https://va.vercel-scripts.com/v1/script.debug.js:0
[    8356ms] [INFO] %cDownload the React DevTools for a better development experience: https://reactjs.org/link/react-devtools font-weight:bold @ webpack-internal:///./node_modules/react-dom/cjs/react-dom.development.js:29889
[    8414ms] [LOG] [HMR] connected @ webpack-internal:///./node_modules/next/dist/client/dev/error-overlay/websocket.js:45
[    8453ms] [LOG] %c[Vercel Web Analytics]%c Debug mode is enabled by default in development. No requests will be sent to the server. color: rgb(120, 120, 120) color: inherit @ https://va.vercel-scripts.com/v1/script.debug.js:0
[    8453ms] [LOG] %c[Vercel Web Analytics]%c [view] http://localhost:3002/landing-ko-vf color: rgb(120, 120, 120) color: inherit {o: http://localhost:3002/landing-ko-vf, sv: 0.1.3, sdkn: @vercel/analytics/react, sdkv: 1.6.1, ts: 1777530808806} /_vercel/insights/view @ https://va.vercel-scripts.com/v1/script.debug.js:0
[    8504ms] [ERROR] Failed to load resource: the server responded with a status of 404 (Not Found) @ http://localhost:3002/_next/static/webpack/2ed8c5d234341932.webpack.hot-update.json:0
[    8785ms] [INFO] %cDownload the React DevTools for a better development experience: https://reactjs.org/link/react-devtools font-weight:bold @ webpack-internal:///./node_modules/react-dom/cjs/react-dom.development.js:29889
[    8832ms] [LOG] [HMR] connected @ webpack-internal:///./node_modules/next/dist/client/dev/error-overlay/websocket.js:45
[    8862ms] [ERROR] Failed to load resource: the server responded with a status of 404 (Not Found) @ http://localhost:3002/_next/static/webpack/2ed8c5d234341932.webpack.hot-update.json:0
[    8868ms] [LOG] %c[Vercel Web Analytics]%c Debug mode is enabled by default in development. No requests will be sent to the server. color: rgb(120, 120, 120) color: inherit @ https://va.vercel-scripts.com/v1/script.debug.js:0
[    8868ms] [LOG] %c[Vercel Web Analytics]%c [view] http://localhost:3002/landing-ko-vf color: rgb(120, 120, 120) color: inherit {o: http://localhost:3002/landing-ko-vf, sv: 0.1.3, sdkn: @vercel/analytics/react, sdkv: 1.6.1, ts: 1777530809220} /_vercel/insights/view @ https://va.vercel-scripts.com/v1/script.debug.js:0
[    9049ms] [INFO] %cDownload the React DevTools for a better development experience: https://reactjs.org/link/react-devtools font-weight:bold @ webpack-internal:///./node_modules/react-dom/cjs/react-dom.development.js:29889
[    9097ms] [LOG] [HMR] connected @ webpack-internal:///./node_modules/next/dist/client/dev/error-overlay/websocket.js:45
[    9165ms] [LOG] %c[Vercel Web Analytics]%c Debug mode is enabled by default in development. No requests will be sent to the server. color: rgb(120, 120, 120) color: inherit @ https://va.vercel-scripts.com/v1/script.debug.js:0
[    9165ms] [LOG] %c[Vercel Web Analytics]%c [view] http://localhost:3002/landing-ko-vf color: rgb(120, 120, 120) color: inherit {o: http://localhost:3002/landing-ko-vf, sv: 0.1.3, sdkn: @vercel/analytics/react, sdkv: 1.6.1, ts: 1777530809518} /_vercel/insights/view @ https://va.vercel-scripts.com/v1/script.debug.js:0
[    9188ms] [ERROR] Failed to load resource: the server responded with a status of 404 (Not Found) @ http://localhost:3002/_next/static/webpack/2ed8c5d234341932.webpack.hot-update.json:0
[    9381ms] [INFO] %cDownload the React DevTools for a better development experience: https://reactjs.org/link/react-devtools font-weight:bold @ webpack-internal:///./node_modules/react-dom/cjs/react-dom.development.js:29889
[    9428ms] [LOG] [HMR] connected @ webpack-internal:///./node_modules/next/dist/client/dev/error-overlay/websocket.js:45
[    9454ms] [ERROR] Failed to load resource: the server responded with a status of 404 (Not Found) @ http://localhost:3002/_next/static/webpack/2ed8c5d234341932.webpack.hot-update.json:0
[    9469ms] [LOG] %c[Vercel Web Analytics]%c Debug mode is enabled by default in development. No requests will be sent to the server. color: rgb(120, 120, 120) color: inherit @ https://va.vercel-scripts.com/v1/script.debug.js:0
[    9469ms] [LOG] %c[Vercel Web Analytics]%c [view] http://localhost:3002/landing-ko-vf color: rgb(120, 120, 120) color: inherit {o: http://localhost:3002/landing-ko-vf, sv: 0.1.3, sdkn: @vercel/analytics/react, sdkv: 1.6.1, ts: 1777530809821} /_vercel/insights/view @ https://va.vercel-scripts.com/v1/script.debug.js:0
[    9688ms] [INFO] %cDownload the React DevTools for a better development experience: https://reactjs.org/link/react-devtools font-weight:bold @ webpack-internal:///./node_modules/react-dom/cjs/react-dom.development.js:29889
[    9738ms] [LOG] [HMR] connected @ webpack-internal:///./node_modules/next/dist/client/dev/error-overlay/websocket.js:45
[    9767ms] [ERROR] Failed to load resource: the server responded with a status of 404 (Not Found) @ http://localhost:3002/_next/static/webpack/2ed8c5d234341932.webpack.hot-update.json:0
[    9773ms] [LOG] %c[Vercel Web Analytics]%c Debug mode is enabled by default in development. No requests will be sent to the server. color: rgb(120, 120, 120) color: inherit @ https://va.vercel-scripts.com/v1/script.debug.js:0
[    9773ms] [LOG] %c[Vercel Web Analytics]%c [view] http://localhost:3002/landing-ko-vf color: rgb(120, 120, 120) color: inherit {o: http://localhost:3002/landing-ko-vf, sv: 0.1.3, sdkn: @vercel/analytics/react, sdkv: 1.6.1, ts: 1777530810126} /_vercel/insights/view @ https://va.vercel-scripts.com/v1/script.debug.js:0
[    9952ms] [INFO] %cDownload the React DevTools for a better development experience: https://reactjs.org/link/react-devtools font-weight:bold @ webpack-internal:///./node_modules/react-dom/cjs/react-dom.development.js:29889
[   10004ms] [LOG] [HMR] connected @ webpack-internal:///./node_modules/next/dist/client/dev/error-overlay/websocket.js:45
[   10033ms] [ERROR] Failed to load resource: the server responded with a status of 404 (Not Found) @ http://localhost:3002/_next/static/webpack/2ed8c5d234341932.webpack.hot-update.json:0
[   10044ms] [LOG] %c[Vercel Web Analytics]%c Debug mode is enabled by default in development. No requests will be sent to the server. color: rgb(120, 120, 120) color: inherit @ https://va.vercel-scripts.com/v1/script.debug.js:0
[   10044ms] [LOG] %c[Vercel Web Analytics]%c [view] http://localhost:3002/landing-ko-vf color: rgb(120, 120, 120) color: inherit {o: http://localhost:3002/landing-ko-vf, sv: 0.1.3, sdkn: @vercel/analytics/react, sdkv: 1.6.1, ts: 1777530810396} /_vercel/insights/view @ https://va.vercel-scripts.com/v1/script.debug.js:0
[   10222ms] [INFO] %cDownload the React DevTools for a better development experience: https://reactjs.org/link/react-devtools font-weight:bold @ webpack-internal:///./node_modules/react-dom/cjs/react-dom.development.js:29889
[   10288ms] [LOG] [HMR] connected @ webpack-internal:///./node_modules/next/dist/client/dev/error-overlay/websocket.js:45
[   10311ms] [ERROR] Failed to load resource: the server responded with a status of 404 (Not Found) @ http://localhost:3002/_next/static/webpack/2ed8c5d234341932.webpack.hot-update.json:0
[   10323ms] [LOG] %c[Vercel Web Analytics]%c Debug mode is enabled by default in development. No requests will be sent to the server. color: rgb(120, 120, 120) color: inherit @ https://va.vercel-scripts.com/v1/script.debug.js:0
[   10323ms] [LOG] %c[Vercel Web Analytics]%c [view] http://localhost:3002/landing-ko-vf color: rgb(120, 120, 120) color: inherit {o: http://localhost:3002/landing-ko-vf, sv: 0.1.3, sdkn: @vercel/analytics/react, sdkv: 1.6.1, ts: 1777530810675} /_vercel/insights/view @ https://va.vercel-scripts.com/v1/script.debug.js:0
[   10519ms] [INFO] %cDownload the React DevTools for a better development experience: https://reactjs.org/link/react-devtools font-weight:bold @ webpack-internal:///./node_modules/react-dom/cjs/react-dom.development.js:29889
[   10568ms] [LOG] [HMR] connected @ webpack-internal:///./node_modules/next/dist/client/dev/error-overlay/websocket.js:45
[   10598ms] [ERROR] Failed to load resource: the server responded with a status of 404 (Not Found) @ http://localhost:3002/_next/static/webpack/2ed8c5d234341932.webpack.hot-update.json:0
[   10609ms] [LOG] %c[Vercel Web Analytics]%c Debug mode is enabled by default in development. No requests will be sent to the server. color: rgb(120, 120, 120) color: inherit @ https://va.vercel-scripts.com/v1/script.debug.js:0
[   10609ms] [LOG] %c[Vercel Web Analytics]%c [view] http://localhost:3002/landing-ko-vf color: rgb(120, 120, 120) color: inherit {o: http://localhost:3002/landing-ko-vf, sv: 0.1.3, sdkn: @vercel/analytics/react, sdkv: 1.6.1, ts: 1777530810961} /_vercel/insights/view @ https://va.vercel-scripts.com/v1/script.debug.js:0
[   10916ms] [INFO] %cDownload the React DevTools for a better development experience: https://reactjs.org/link/react-devtools font-weight:bold @ webpack-internal:///./node_modules/react-dom/cjs/react-dom.development.js:29889
[   10973ms] [LOG] [HMR] connected @ webpack-internal:///./node_modules/next/dist/client/dev/error-overlay/websocket.js:45
[   11014ms] [LOG] %c[Vercel Web Analytics]%c Debug mode is enabled by default in development. No requests will be sent to the server. color: rgb(120, 120, 120) color: inherit @ https://va.vercel-scripts.com/v1/script.debug.js:0
[   11014ms] [LOG] %c[Vercel Web Analytics]%c [view] http://localhost:3002/landing-ko-vf color: rgb(120, 120, 120) color: inherit {o: http://localhost:3002/landing-ko-vf, sv: 0.1.3, sdkn: @vercel/analytics/react, sdkv: 1.6.1, ts: 1777530811367} /_vercel/insights/view @ https://va.vercel-scripts.com/v1/script.debug.js:0
[   11014ms] [ERROR] Failed to load resource: the server responded with a status of 404 (Not Found) @ http://localhost:3002/_next/static/webpack/2ed8c5d234341932.webpack.hot-update.json:0
[   11250ms] [INFO] %cDownload the React DevTools for a better development experience: https://reactjs.org/link/react-devtools font-weight:bold @ webpack-internal:///./node_modules/react-dom/cjs/react-dom.development.js:29889
[   11304ms] [LOG] [HMR] connected @ webpack-internal:///./node_modules/next/dist/client/dev/error-overlay/websocket.js:45
[   11340ms] [LOG] %c[Vercel Web Analytics]%c Debug mode is enabled by default in development. No requests will be sent to the server. color: rgb(120, 120, 120) color: inherit @ https://va.vercel-scripts.com/v1/script.debug.js:0
[   11340ms] [LOG] %c[Vercel Web Analytics]%c [view] http://localhost:3002/landing-ko-vf color: rgb(120, 120, 120) color: inherit {o: http://localhost:3002/landing-ko-vf, sv: 0.1.3, sdkn: @vercel/analytics/react, sdkv: 1.6.1, ts: 1777530811692} /_vercel/insights/view @ https://va.vercel-scripts.com/v1/script.debug.js:0
[   11340ms] [ERROR] Failed to load resource: the server responded with a status of 404 (Not Found) @ http://localhost:3002/_next/static/webpack/2ed8c5d234341932.webpack.hot-update.json:0
[   11681ms] [INFO] %cDownload the React DevTools for a better development experience: https://reactjs.org/link/react-devtools font-weight:bold @ webpack-internal:///./node_modules/react-dom/cjs/react-dom.development.js:29889
[   11735ms] [LOG] [HMR] connected @ webpack-internal:///./node_modules/next/dist/client/dev/error-overlay/websocket.js:45
[   11768ms] [ERROR] Warning: Extra attributes from the server: %s%s style 
    at input
    at form
    at div
    at MotionComponent (webpack-internal:///./node_modules/framer-motion/dist/es/motion/index.mjs:54:65)
    at Reveal (webpack-internal:///./src/components/landing/Animation/Reveal.tsx:42:11)
    at section
    at main
    at div
    at LandingKoVfPage (webpack-internal:///./src/pages/landing-ko-vf.tsx:2036:86)
    at div
    at QueryClientProvider (webpack-internal:///./node_modules/@tanstack/react-query/build/modern/QueryClientProvider.js:28:3)
    at ReactQueryProvider (webpack-internal:///./src/components/Provider.tsx:15:11)
    at App (webpack-internal:///./src/pages/_app.tsx:71:11)
    at PathnameContextProviderAdapter (webpack-internal:///./node_modules/next/dist/shared/lib/router/adapters.js:79:11)
    at ErrorBoundary (webpack-internal:///./node_modules/next/dist/compiled/@next/react-dev-overlay/dist/client.js:2:5389)
    at ReactDevOverlay (webpack-internal:///./node_modules/next/dist/compiled/@next/react-dev-overlay/dist/client.js:2:7785)
    at Container (webpack-internal:///./node_modules/next/dist/client/index.js:78:1)
    at AppContainer (webpack-internal:///./node_modules/next/dist/client/index.js:182:11)
    at Root (webpack-internal:///./node_modules/next/dist/client/index.js:396:11) @ webpack-internal:///./node_modules/next/dist/compiled/@next/react-dev-overlay/dist/client.js:1
[   11774ms] [ERROR] Failed to load resource: the server responded with a status of 404 (Not Found) @ http://localhost:3002/_next/static/webpack/2ed8c5d234341932.webpack.hot-update.json:0
[   11784ms] [LOG] %c[Vercel Web Analytics]%c Debug mode is enabled by default in development. No requests will be sent to the server. color: rgb(120, 120, 120) color: inherit @ https://va.vercel-scripts.com/v1/script.debug.js:0
[   11784ms] [LOG] %c[Vercel Web Analytics]%c [view] http://localhost:3002/landing-ko-vf color: rgb(120, 120, 120) color: inherit {o: http://localhost:3002/landing-ko-vf, sv: 0.1.3, sdkn: @vercel/analytics/react, sdkv: 1.6.1, ts: 1777530812137} /_vercel/insights/view @ https://va.vercel-scripts.com/v1/script.debug.js:0
[   11982ms] [INFO] %cDownload the React DevTools for a better development experience: https://reactjs.org/link/react-devtools font-weight:bold @ webpack-internal:///./node_modules/react-dom/cjs/react-dom.development.js:29889
[   12030ms] [LOG] [HMR] connected @ webpack-internal:///./node_modules/next/dist/client/dev/error-overlay/websocket.js:45
[   12054ms] [ERROR] Failed to load resource: the server responded with a status of 404 (Not Found) @ http://localhost:3002/_next/static/webpack/2ed8c5d234341932.webpack.hot-update.json:0
[   12066ms] [LOG] %c[Vercel Web Analytics]%c Debug mode is enabled by default in development. No requests will be sent to the server. color: rgb(120, 120, 120) color: inherit @ https://va.vercel-scripts.com/v1/script.debug.js:0
[   12066ms] [LOG] %c[Vercel Web Analytics]%c [view] http://localhost:3002/landing-ko-vf color: rgb(120, 120, 120) color: inherit {o: http://localhost:3002/landing-ko-vf, sv: 0.1.3, sdkn: @vercel/analytics/react, sdkv: 1.6.1, ts: 1777530812418} /_vercel/insights/view @ https://va.vercel-scripts.com/v1/script.debug.js:0
[   12354ms] [INFO] %cDownload the React DevTools for a better development experience: https://reactjs.org/link/react-devtools font-weight:bold @ webpack-internal:///./node_modules/react-dom/cjs/react-dom.development.js:29889
[   12402ms] [LOG] [HMR] connected @ webpack-internal:///./node_modules/next/dist/client/dev/error-overlay/websocket.js:45
[   12428ms] [ERROR] Failed to load resource: the server responded with a status of 404 (Not Found) @ http://localhost:3002/_next/static/webpack/2ed8c5d234341932.webpack.hot-update.json:0
[   12439ms] [LOG] %c[Vercel Web Analytics]%c Debug mode is enabled by default in development. No requests will be sent to the server. color: rgb(120, 120, 120) color: inherit @ https://va.vercel-scripts.com/v1/script.debug.js:0
[   12439ms] [LOG] %c[Vercel Web Analytics]%c [view] http://localhost:3002/landing-ko-vf color: rgb(120, 120, 120) color: inherit {o: http://localhost:3002/landing-ko-vf, sv: 0.1.3, sdkn: @vercel/analytics/react, sdkv: 1.6.1, ts: 1777530812791} /_vercel/insights/view @ https://va.vercel-scripts.com/v1/script.debug.js:0
[   12621ms] [INFO] %cDownload the React DevTools for a better development experience: https://reactjs.org/link/react-devtools font-weight:bold @ webpack-internal:///./node_modules/react-dom/cjs/react-dom.development.js:29889
[   12674ms] [LOG] [HMR] connected @ webpack-internal:///./node_modules/next/dist/client/dev/error-overlay/websocket.js:45
[   12722ms] [ERROR] Failed to load resource: the server responded with a status of 404 (Not Found) @ http://localhost:3002/_next/static/webpack/2ed8c5d234341932.webpack.hot-update.json:0
[   12733ms] [LOG] %c[Vercel Web Analytics]%c Debug mode is enabled by default in development. No requests will be sent to the server. color: rgb(120, 120, 120) color: inherit @ https://va.vercel-scripts.com/v1/script.debug.js:0
[   12733ms] [LOG] %c[Vercel Web Analytics]%c [view] http://localhost:3002/landing-ko-vf color: rgb(120, 120, 120) color: inherit {o: http://localhost:3002/landing-ko-vf, sv: 0.1.3, sdkn: @vercel/analytics/react, sdkv: 1.6.1, ts: 1777530813086} /_vercel/insights/view @ https://va.vercel-scripts.com/v1/script.debug.js:0
[   13003ms] [INFO] %cDownload the React DevTools for a better development experience: https://reactjs.org/link/react-devtools font-weight:bold @ webpack-internal:///./node_modules/react-dom/cjs/react-dom.development.js:29889
[   13051ms] [LOG] [HMR] connected @ webpack-internal:///./node_modules/next/dist/client/dev/error-overlay/websocket.js:45
[   13078ms] [ERROR] Failed to load resource: the server responded with a status of 404 (Not Found) @ http://localhost:3002/_next/static/webpack/2ed8c5d234341932.webpack.hot-update.json:0
[   13090ms] [LOG] %c[Vercel Web Analytics]%c Debug mode is enabled by default in development. No requests will be sent to the server. color: rgb(120, 120, 120) color: inherit @ https://va.vercel-scripts.com/v1/script.debug.js:0
[   13090ms] [LOG] %c[Vercel Web Analytics]%c [view] http://localhost:3002/landing-ko-vf color: rgb(120, 120, 120) color: inherit {o: http://localhost:3002/landing-ko-vf, sv: 0.1.3, sdkn: @vercel/analytics/react, sdkv: 1.6.1, ts: 1777530813442} /_vercel/insights/view @ https://va.vercel-scripts.com/v1/script.debug.js:0
[   13276ms] [INFO] %cDownload the React DevTools for a better development experience: https://reactjs.org/link/react-devtools font-weight:bold @ webpack-internal:///./node_modules/react-dom/cjs/react-dom.development.js:29889
[   13326ms] [LOG] [HMR] connected @ webpack-internal:///./node_modules/next/dist/client/dev/error-overlay/websocket.js:45
[   13365ms] [LOG] %c[Vercel Web Analytics]%c Debug mode is enabled by default in development. No requests will be sent to the server. color: rgb(120, 120, 120) color: inherit @ https://va.vercel-scripts.com/v1/script.debug.js:0
[   13365ms] [LOG] %c[Vercel Web Analytics]%c [view] http://localhost:3002/landing-ko-vf color: rgb(120, 120, 120) color: inherit {o: http://localhost:3002/landing-ko-vf, sv: 0.1.3, sdkn: @vercel/analytics/react, sdkv: 1.6.1, ts: 1777530813718} /_vercel/insights/view @ https://va.vercel-scripts.com/v1/script.debug.js:0
[   13452ms] [ERROR] Failed to load resource: the server responded with a status of 404 (Not Found) @ http://localhost:3002/_next/static/webpack/2ed8c5d234341932.webpack.hot-update.json:0
[   13716ms] [INFO] %cDownload the React DevTools for a better development experience: https://reactjs.org/link/react-devtools font-weight:bold @ webpack-internal:///./node_modules/react-dom/cjs/react-dom.development.js:29889
[   13769ms] [LOG] [HMR] connected @ webpack-internal:///./node_modules/next/dist/client/dev/error-overlay/websocket.js:45
[   13807ms] [LOG] %c[Vercel Web Analytics]%c Debug mode is enabled by default in development. No requests will be sent to the server. color: rgb(120, 120, 120) color: inherit @ https://va.vercel-scripts.com/v1/script.debug.js:0
[   13807ms] [LOG] %c[Vercel Web Analytics]%c [view] http://localhost:3002/landing-ko-vf color: rgb(120, 120, 120) color: inherit {o: http://localhost:3002/landing-ko-vf, sv: 0.1.3, sdkn: @vercel/analytics/react, sdkv: 1.6.1, ts: 1777530814160} /_vercel/insights/view @ https://va.vercel-scripts.com/v1/script.debug.js:0
[   13807ms] [ERROR] Failed to load resource: the server responded with a status of 404 (Not Found) @ http://localhost:3002/_next/static/webpack/2ed8c5d234341932.webpack.hot-update.json:0
[   14003ms] [INFO] %cDownload the React DevTools for a better development experience: https://reactjs.org/link/react-devtools font-weight:bold @ webpack-internal:///./node_modules/react-dom/cjs/react-dom.development.js:29889
[   14055ms] [LOG] [HMR] connected @ webpack-internal:///./node_modules/next/dist/client/dev/error-overlay/websocket.js:45
[   14122ms] [ERROR] Failed to load resource: the server responded with a status of 404 (Not Found) @ http://localhost:3002/_next/static/webpack/2ed8c5d234341932.webpack.hot-update.json:0
[   14133ms] [LOG] %c[Vercel Web Analytics]%c Debug mode is enabled by default in development. No requests will be sent to the server. color: rgb(120, 120, 120) color: inherit @ https://va.vercel-scripts.com/v1/script.debug.js:0
[   14133ms] [LOG] %c[Vercel Web Analytics]%c [view] http://localhost:3002/landing-ko-vf color: rgb(120, 120, 120) color: inherit {o: http://localhost:3002/landing-ko-vf, sv: 0.1.3, sdkn: @vercel/analytics/react, sdkv: 1.6.1, ts: 1777530814485} /_vercel/insights/view @ https://va.vercel-scripts.com/v1/script.debug.js:0
[   14345ms] [INFO] %cDownload the React DevTools for a better development experience: https://reactjs.org/link/react-devtools font-weight:bold @ webpack-internal:///./node_modules/react-dom/cjs/react-dom.development.js:29889
[   14394ms] [LOG] [HMR] connected @ webpack-internal:///./node_modules/next/dist/client/dev/error-overlay/websocket.js:45
[   14421ms] [ERROR] Failed to load resource: the server responded with a status of 404 (Not Found) @ http://localhost:3002/_next/static/webpack/2ed8c5d234341932.webpack.hot-update.json:0
[   14433ms] [LOG] %c[Vercel Web Analytics]%c Debug mode is enabled by default in development. No requests will be sent to the server. color: rgb(120, 120, 120) color: inherit @ https://va.vercel-scripts.com/v1/script.debug.js:0
[   14433ms] [LOG] %c[Vercel Web Analytics]%c [view] http://localhost:3002/landing-ko-vf color: rgb(120, 120, 120) color: inherit {o: http://localhost:3002/landing-ko-vf, sv: 0.1.3, sdkn: @vercel/analytics/react, sdkv: 1.6.1, ts: 1777530814785} /_vercel/insights/view @ https://va.vercel-scripts.com/v1/script.debug.js:0
[   14670ms] [INFO] %cDownload the React DevTools for a better development experience: https://reactjs.org/link/react-devtools font-weight:bold @ webpack-internal:///./node_modules/react-dom/cjs/react-dom.development.js:29889
[   14729ms] [LOG] [HMR] connected @ webpack-internal:///./node_modules/next/dist/client/dev/error-overlay/websocket.js:45
[   14781ms] [ERROR] Failed to load resource: the server responded with a status of 404 (Not Found) @ http://localhost:3002/_next/static/webpack/2ed8c5d234341932.webpack.hot-update.json:0
[   14792ms] [LOG] %c[Vercel Web Analytics]%c Debug mode is enabled by default in development. No requests will be sent to the server. color: rgb(120, 120, 120) color: inherit @ https://va.vercel-scripts.com/v1/script.debug.js:0
[   14792ms] [LOG] %c[Vercel Web Analytics]%c [view] http://localhost:3002/landing-ko-vf color: rgb(120, 120, 120) color: inherit {o: http://localhost:3002/landing-ko-vf, sv: 0.1.3, sdkn: @vercel/analytics/react, sdkv: 1.6.1, ts: 1777530815144} /_vercel/insights/view @ https://va.vercel-scripts.com/v1/script.debug.js:0
[   14982ms] [INFO] %cDownload the React DevTools for a better development experience: https://reactjs.org/link/react-devtools font-weight:bold @ webpack-internal:///./node_modules/react-dom/cjs/react-dom.development.js:29889
[   15028ms] [LOG] [HMR] connected @ webpack-internal:///./node_modules/next/dist/client/dev/error-overlay/websocket.js:45
[   15054ms] [ERROR] Failed to load resource: the server responded with a status of 404 (Not Found) @ http://localhost:3002/_next/static/webpack/2ed8c5d234341932.webpack.hot-update.json:0
[   15064ms] [LOG] %c[Vercel Web Analytics]%c Debug mode is enabled by default in development. No requests will be sent to the server. color: rgb(120, 120, 120) color: inherit @ https://va.vercel-scripts.com/v1/script.debug.js:0
[   15064ms] [LOG] %c[Vercel Web Analytics]%c [view] http://localhost:3002/landing-ko-vf color: rgb(120, 120, 120) color: inherit {o: http://localhost:3002/landing-ko-vf, sv: 0.1.3, sdkn: @vercel/analytics/react, sdkv: 1.6.1, ts: 1777530815417} /_vercel/insights/view @ https://va.vercel-scripts.com/v1/script.debug.js:0
[   15257ms] [INFO] %cDownload the React DevTools for a better development experience: https://reactjs.org/link/react-devtools font-weight:bold @ webpack-internal:///./node_modules/react-dom/cjs/react-dom.development.js:29889
[   15319ms] [LOG] [HMR] connected @ webpack-internal:///./node_modules/next/dist/client/dev/error-overlay/websocket.js:45
[   15356ms] [ERROR] Failed to load resource: the server responded with a status of 404 (Not Found) @ http://localhost:3002/_next/static/webpack/2ed8c5d234341932.webpack.hot-update.json:0
[   15356ms] [LOG] %c[Vercel Web Analytics]%c Debug mode is enabled by default in development. No requests will be sent to the server. color: rgb(120, 120, 120) color: inherit @ https://va.vercel-scripts.com/v1/script.debug.js:0
[   15356ms] [LOG] %c[Vercel Web Analytics]%c [view] http://localhost:3002/landing-ko-vf color: rgb(120, 120, 120) color: inherit {o: http://localhost:3002/landing-ko-vf, sv: 0.1.3, sdkn: @vercel/analytics/react, sdkv: 1.6.1, ts: 1777530815709} /_vercel/insights/view @ https://va.vercel-scripts.com/v1/script.debug.js:0
[   15542ms] [INFO] %cDownload the React DevTools for a better development experience: https://reactjs.org/link/react-devtools font-weight:bold @ webpack-internal:///./node_modules/react-dom/cjs/react-dom.development.js:29889
[   15597ms] [LOG] [HMR] connected @ webpack-internal:///./node_modules/next/dist/client/dev/error-overlay/websocket.js:45
[   15644ms] [ERROR] Failed to load resource: the server responded with a status of 404 (Not Found) @ http://localhost:3002/_next/static/webpack/2ed8c5d234341932.webpack.hot-update.json:0
[   15650ms] [LOG] %c[Vercel Web Analytics]%c Debug mode is enabled by default in development. No requests will be sent to the server. color: rgb(120, 120, 120) color: inherit @ https://va.vercel-scripts.com/v1/script.debug.js:0
[   15650ms] [LOG] %c[Vercel Web Analytics]%c [view] http://localhost:3002/landing-ko-vf color: rgb(120, 120, 120) color: inherit {o: http://localhost:3002/landing-ko-vf, sv: 0.1.3, sdkn: @vercel/analytics/react, sdkv: 1.6.1, ts: 1777530816003} /_vercel/insights/view @ https://va.vercel-scripts.com/v1/script.debug.js:0
[   15840ms] [INFO] %cDownload the React DevTools for a better development experience: https://reactjs.org/link/react-devtools font-weight:bold @ webpack-internal:///./node_modules/react-dom/cjs/react-dom.development.js:29889
[   15891ms] [LOG] [HMR] connected @ webpack-internal:///./node_modules/next/dist/client/dev/error-overlay/websocket.js:45
[   15990ms] [LOG] %c[Vercel Web Analytics]%c Debug mode is enabled by default in development. No requests will be sent to the server. color: rgb(120, 120, 120) color: inherit @ https://va.vercel-scripts.com/v1/script.debug.js:0
[   15990ms] [LOG] %c[Vercel Web Analytics]%c [view] http://localhost:3002/landing-ko-vf color: rgb(120, 120, 120) color: inherit {o: http://localhost:3002/landing-ko-vf, sv: 0.1.3, sdkn: @vercel/analytics/react, sdkv: 1.6.1, ts: 1777530816343} /_vercel/insights/view @ https://va.vercel-scripts.com/v1/script.debug.js:0
[   15990ms] [ERROR] Failed to load resource: the server responded with a status of 404 (Not Found) @ http://localhost:3002/_next/static/webpack/2ed8c5d234341932.webpack.hot-update.json:0
[   16188ms] [INFO] %cDownload the React DevTools for a better development experience: https://reactjs.org/link/react-devtools font-weight:bold @ webpack-internal:///./node_modules/react-dom/cjs/react-dom.development.js:29889
[   16236ms] [LOG] [HMR] connected @ webpack-internal:///./node_modules/next/dist/client/dev/error-overlay/websocket.js:45
[   16267ms] [ERROR] Failed to load resource: the server responded with a status of 404 (Not Found) @ http://localhost:3002/_next/static/webpack/2ed8c5d234341932.webpack.hot-update.json:0
[   16274ms] [LOG] %c[Vercel Web Analytics]%c Debug mode is enabled by default in development. No requests will be sent to the server. color: rgb(120, 120, 120) color: inherit @ https://va.vercel-scripts.com/v1/script.debug.js:0
[   16274ms] [LOG] %c[Vercel Web Analytics]%c [view] http://localhost:3002/landing-ko-vf color: rgb(120, 120, 120) color: inherit {o: http://localhost:3002/landing-ko-vf, sv: 0.1.3, sdkn: @vercel/analytics/react, sdkv: 1.6.1, ts: 1777530816626} /_vercel/insights/view @ https://va.vercel-scripts.com/v1/script.debug.js:0
[   16513ms] [INFO] %cDownload the React DevTools for a better development experience: https://reactjs.org/link/react-devtools font-weight:bold @ webpack-internal:///./node_modules/react-dom/cjs/react-dom.development.js:29889
[   16568ms] [LOG] [HMR] connected @ webpack-internal:///./node_modules/next/dist/client/dev/error-overlay/websocket.js:45
[   16596ms] [ERROR] Failed to load resource: the server responded with a status of 404 (Not Found) @ http://localhost:3002/_next/static/webpack/2ed8c5d234341932.webpack.hot-update.json:0
[   16607ms] [LOG] %c[Vercel Web Analytics]%c Debug mode is enabled by default in development. No requests will be sent to the server. color: rgb(120, 120, 120) color: inherit @ https://va.vercel-scripts.com/v1/script.debug.js:0
[   16607ms] [LOG] %c[Vercel Web Analytics]%c [view] http://localhost:3002/landing-ko-vf color: rgb(120, 120, 120) color: inherit {o: http://localhost:3002/landing-ko-vf, sv: 0.1.3, sdkn: @vercel/analytics/react, sdkv: 1.6.1, ts: 1777530816960} /_vercel/insights/view @ https://va.vercel-scripts.com/v1/script.debug.js:0
[   16856ms] [INFO] %cDownload the React DevTools for a better development experience: https://reactjs.org/link/react-devtools font-weight:bold @ webpack-internal:///./node_modules/react-dom/cjs/react-dom.development.js:29889
[   16905ms] [LOG] [HMR] connected @ webpack-internal:///./node_modules/next/dist/client/dev/error-overlay/websocket.js:45
[   16942ms] [LOG] %c[Vercel Web Analytics]%c Debug mode is enabled by default in development. No requests will be sent to the server. color: rgb(120, 120, 120) color: inherit @ https://va.vercel-scripts.com/v1/script.debug.js:0
[   16942ms] [LOG] %c[Vercel Web Analytics]%c [view] http://localhost:3002/landing-ko-vf color: rgb(120, 120, 120) color: inherit {o: http://localhost:3002/landing-ko-vf, sv: 0.1.3, sdkn: @vercel/analytics/react, sdkv: 1.6.1, ts: 1777530817295} /_vercel/insights/view @ https://va.vercel-scripts.com/v1/script.debug.js:0
[   16951ms] [ERROR] Failed to load resource: the server responded with a status of 404 (Not Found) @ http://localhost:3002/_next/static/webpack/2ed8c5d234341932.webpack.hot-update.json:0
[   17177ms] [INFO] %cDownload the React DevTools for a better development experience: https://reactjs.org/link/react-devtools font-weight:bold @ webpack-internal:///./node_modules/react-dom/cjs/react-dom.development.js:29889
[   17233ms] [LOG] [HMR] connected @ webpack-internal:///./node_modules/next/dist/client/dev/error-overlay/websocket.js:45
[   17299ms] [LOG] %c[Vercel Web Analytics]%c Debug mode is enabled by default in development. No requests will be sent to the server. color: rgb(120, 120, 120) color: inherit @ https://va.vercel-scripts.com/v1/script.debug.js:0
[   17299ms] [LOG] %c[Vercel Web Analytics]%c [view] http://localhost:3002/landing-ko-vf color: rgb(120, 120, 120) color: inherit {o: http://localhost:3002/landing-ko-vf, sv: 0.1.3, sdkn: @vercel/analytics/react, sdkv: 1.6.1, ts: 1777530817652} /_vercel/insights/view @ https://va.vercel-scripts.com/v1/script.debug.js:0
[   17318ms] [ERROR] Failed to load resource: the server responded with a status of 404 (Not Found) @ http://localhost:3002/_next/static/webpack/2ed8c5d234341932.webpack.hot-update.json:0
[   17529ms] [INFO] %cDownload the React DevTools for a better development experience: https://reactjs.org/link/react-devtools font-weight:bold @ webpack-internal:///./node_modules/react-dom/cjs/react-dom.development.js:29889
[   17584ms] [LOG] [HMR] connected @ webpack-internal:///./node_modules/next/dist/client/dev/error-overlay/websocket.js:45
[   17615ms] [ERROR] Failed to load resource: the server responded with a status of 404 (Not Found) @ http://localhost:3002/_next/static/webpack/2ed8c5d234341932.webpack.hot-update.json:0
[   17627ms] [LOG] %c[Vercel Web Analytics]%c Debug mode is enabled by default in development. No requests will be sent to the server. color: rgb(120, 120, 120) color: inherit @ https://va.vercel-scripts.com/v1/script.debug.js:0
[   17627ms] [LOG] %c[Vercel Web Analytics]%c [view] http://localhost:3002/landing-ko-vf color: rgb(120, 120, 120) color: inherit {o: http://localhost:3002/landing-ko-vf, sv: 0.1.3, sdkn: @vercel/analytics/react, sdkv: 1.6.1, ts: 1777530817979} /_vercel/insights/view @ https://va.vercel-scripts.com/v1/script.debug.js:0
[   17817ms] [INFO] %cDownload the React DevTools for a better development experience: https://reactjs.org/link/react-devtools font-weight:bold @ webpack-internal:///./node_modules/react-dom/cjs/react-dom.development.js:29889
[   17874ms] [LOG] [HMR] connected @ webpack-internal:///./node_modules/next/dist/client/dev/error-overlay/websocket.js:45
[   17931ms] [LOG] %c[Vercel Web Analytics]%c Debug mode is enabled by default in development. No requests will be sent to the server. color: rgb(120, 120, 120) color: inherit @ https://va.vercel-scripts.com/v1/script.debug.js:0
[   17931ms] [LOG] %c[Vercel Web Analytics]%c [view] http://localhost:3002/landing-ko-vf color: rgb(120, 120, 120) color: inherit {o: http://localhost:3002/landing-ko-vf, sv: 0.1.3, sdkn: @vercel/analytics/react, sdkv: 1.6.1, ts: 1777530818284} /_vercel/insights/view @ https://va.vercel-scripts.com/v1/script.debug.js:0
[   17964ms] [ERROR] Failed to load resource: the server responded with a status of 404 (Not Found) @ http://localhost:3002/_next/static/webpack/2ed8c5d234341932.webpack.hot-update.json:0
[   18237ms] [INFO] %cDownload the React DevTools for a better development experience: https://reactjs.org/link/react-devtools font-weight:bold @ webpack-internal:///./node_modules/react-dom/cjs/react-dom.development.js:29889
[   18285ms] [LOG] [HMR] connected @ webpack-internal:///./node_modules/next/dist/client/dev/error-overlay/websocket.js:45
[   18314ms] [ERROR] Failed to load resource: the server responded with a status of 404 (Not Found) @ http://localhost:3002/_next/static/webpack/2ed8c5d234341932.webpack.hot-update.json:0
[   18325ms] [LOG] %c[Vercel Web Analytics]%c Debug mode is enabled by default in development. No requests will be sent to the server. color: rgb(120, 120, 120) color: inherit @ https://va.vercel-scripts.com/v1/script.debug.js:0
[   18326ms] [LOG] %c[Vercel Web Analytics]%c [view] http://localhost:3002/landing-ko-vf color: rgb(120, 120, 120) color: inherit {o: http://localhost:3002/landing-ko-vf, sv: 0.1.3, sdkn: @vercel/analytics/react, sdkv: 1.6.1, ts: 1777530818678} /_vercel/insights/view @ https://va.vercel-scripts.com/v1/script.debug.js:0
[   18514ms] [INFO] %cDownload the React DevTools for a better development experience: https://reactjs.org/link/react-devtools font-weight:bold @ webpack-internal:///./node_modules/react-dom/cjs/react-dom.development.js:29889
[   18574ms] [LOG] [HMR] connected @ webpack-internal:///./node_modules/next/dist/client/dev/error-overlay/websocket.js:45
[   18648ms] [LOG] %c[Vercel Web Analytics]%c Debug mode is enabled by default in development. No requests will be sent to the server. color: rgb(120, 120, 120) color: inherit @ https://va.vercel-scripts.com/v1/script.debug.js:0
[   18648ms] [LOG] %c[Vercel Web Analytics]%c [view] http://localhost:3002/landing-ko-vf color: rgb(120, 120, 120) color: inherit {o: http://localhost:3002/landing-ko-vf, sv: 0.1.3, sdkn: @vercel/analytics/react, sdkv: 1.6.1, ts: 1777530819000} /_vercel/insights/view @ https://va.vercel-scripts.com/v1/script.debug.js:0
[   18648ms] [ERROR] Failed to load resource: the server responded with a status of 404 (Not Found) @ http://localhost:3002/_next/static/webpack/2ed8c5d234341932.webpack.hot-update.json:0
[   18843ms] [INFO] %cDownload the React DevTools for a better development experience: https://reactjs.org/link/react-devtools font-weight:bold @ webpack-internal:///./node_modules/react-dom/cjs/react-dom.development.js:29889
[   18894ms] [LOG] [HMR] connected @ webpack-internal:///./node_modules/next/dist/client/dev/error-overlay/websocket.js:45
[   18920ms] [ERROR] Failed to load resource: the server responded with a status of 404 (Not Found) @ http://localhost:3002/_next/static/webpack/2ed8c5d234341932.webpack.hot-update.json:0
[   18931ms] [LOG] %c[Vercel Web Analytics]%c Debug mode is enabled by default in development. No requests will be sent to the server. color: rgb(120, 120, 120) color: inherit @ https://va.vercel-scripts.com/v1/script.debug.js:0
[   18931ms] [LOG] %c[Vercel Web Analytics]%c [view] http://localhost:3002/landing-ko-vf color: rgb(120, 120, 120) color: inherit {o: http://localhost:3002/landing-ko-vf, sv: 0.1.3, sdkn: @vercel/analytics/react, sdkv: 1.6.1, ts: 1777530819283} /_vercel/insights/view @ https://va.vercel-scripts.com/v1/script.debug.js:0
[   19172ms] [INFO] %cDownload the React DevTools for a better development experience: https://reactjs.org/link/react-devtools font-weight:bold @ webpack-internal:///./node_modules/react-dom/cjs/react-dom.development.js:29889
[   19227ms] [LOG] [HMR] connected @ webpack-internal:///./node_modules/next/dist/client/dev/error-overlay/websocket.js:45
[   19267ms] [ERROR] Failed to load resource: the server responded with a status of 404 (Not Found) @ http://localhost:3002/_next/static/webpack/2ed8c5d234341932.webpack.hot-update.json:0
[   19273ms] [LOG] %c[Vercel Web Analytics]%c Debug mode is enabled by default in development. No requests will be sent to the server. color: rgb(120, 120, 120) color: inherit @ https://va.vercel-scripts.com/v1/script.debug.js:0
[   19273ms] [LOG] %c[Vercel Web Analytics]%c [view] http://localhost:3002/landing-ko-vf color: rgb(120, 120, 120) color: inherit {o: http://localhost:3002/landing-ko-vf, sv: 0.1.3, sdkn: @vercel/analytics/react, sdkv: 1.6.1, ts: 1777530819626} /_vercel/insights/view @ https://va.vercel-scripts.com/v1/script.debug.js:0
[   19465ms] [INFO] %cDownload the React DevTools for a better development experience: https://reactjs.org/link/react-devtools font-weight:bold @ webpack-internal:///./node_modules/react-dom/cjs/react-dom.development.js:29889
[   19585ms] [LOG] [HMR] connected @ webpack-internal:///./node_modules/next/dist/client/dev/error-overlay/websocket.js:45
[   19620ms] [ERROR] Failed to load resource: the server responded with a status of 404 (Not Found) @ http://localhost:3002/_next/static/webpack/2ed8c5d234341932.webpack.hot-update.json:0
[   19633ms] [LOG] %c[Vercel Web Analytics]%c Debug mode is enabled by default in development. No requests will be sent to the server. color: rgb(120, 120, 120) color: inherit @ https://va.vercel-scripts.com/v1/script.debug.js:0
[   19633ms] [LOG] %c[Vercel Web Analytics]%c [view] http://localhost:3002/landing-ko-vf color: rgb(120, 120, 120) color: inherit {o: http://localhost:3002/landing-ko-vf, sv: 0.1.3, sdkn: @vercel/analytics/react, sdkv: 1.6.1, ts: 1777530819986} /_vercel/insights/view @ https://va.vercel-scripts.com/v1/script.debug.js:0
[   19823ms] [INFO] %cDownload the React DevTools for a better development experience: https://reactjs.org/link/react-devtools font-weight:bold @ webpack-internal:///./node_modules/react-dom/cjs/react-dom.development.js:29889
[   19885ms] [LOG] [HMR] connected @ webpack-internal:///./node_modules/next/dist/client/dev/error-overlay/websocket.js:45
[   20047ms] [LOG] %c[Vercel Web Analytics]%c Debug mode is enabled by default in development. No requests will be sent to the server. color: rgb(120, 120, 120) color: inherit @ https://va.vercel-scripts.com/v1/script.debug.js:0
[   20047ms] [LOG] %c[Vercel Web Analytics]%c [view] http://localhost:3002/landing-ko-vf color: rgb(120, 120, 120) color: inherit {o: http://localhost:3002/landing-ko-vf, sv: 0.1.3, sdkn: @vercel/analytics/react, sdkv: 1.6.1, ts: 1777530820399} /_vercel/insights/view @ https://va.vercel-scripts.com/v1/script.debug.js:0
[   20106ms] [ERROR] Failed to load resource: the server responded with a status of 404 (Not Found) @ http://localhost:3002/_next/static/webpack/2ed8c5d234341932.webpack.hot-update.json:0
[   20412ms] [INFO] %cDownload the React DevTools for a better development experience: https://reactjs.org/link/react-devtools font-weight:bold @ webpack-internal:///./node_modules/react-dom/cjs/react-dom.development.js:29889
[   20464ms] [LOG] [HMR] connected @ webpack-internal:///./node_modules/next/dist/client/dev/error-overlay/websocket.js:45
[   20493ms] [ERROR] Failed to load resource: the server responded with a status of 404 (Not Found) @ http://localhost:3002/_next/static/webpack/2ed8c5d234341932.webpack.hot-update.json:0
[   20505ms] [LOG] %c[Vercel Web Analytics]%c Debug mode is enabled by default in development. No requests will be sent to the server. color: rgb(120, 120, 120) color: inherit @ https://va.vercel-scripts.com/v1/script.debug.js:0
[   20505ms] [LOG] %c[Vercel Web Analytics]%c [view] http://localhost:3002/landing-ko-vf color: rgb(120, 120, 120) color: inherit {o: http://localhost:3002/landing-ko-vf, sv: 0.1.3, sdkn: @vercel/analytics/react, sdkv: 1.6.1, ts: 1777530820858} /_vercel/insights/view @ https://va.vercel-scripts.com/v1/script.debug.js:0
[   20752ms] [INFO] %cDownload the React DevTools for a better development experience: https://reactjs.org/link/react-devtools font-weight:bold @ webpack-internal:///./node_modules/react-dom/cjs/react-dom.development.js:29889
[   20844ms] [LOG] [HMR] connected @ webpack-internal:///./node_modules/next/dist/client/dev/error-overlay/websocket.js:45
[   20904ms] [LOG] %c[Vercel Web Analytics]%c Debug mode is enabled by default in development. No requests will be sent to the server. color: rgb(120, 120, 120) color: inherit @ https://va.vercel-scripts.com/v1/script.debug.js:0
[   20904ms] [LOG] %c[Vercel Web Analytics]%c [view] http://localhost:3002/landing-ko-vf color: rgb(120, 120, 120) color: inherit {o: http://localhost:3002/landing-ko-vf, sv: 0.1.3, sdkn: @vercel/analytics/react, sdkv: 1.6.1, ts: 1777530821257} /_vercel/insights/view @ https://va.vercel-scripts.com/v1/script.debug.js:0
[   20915ms] [ERROR] Failed to load resource: the server responded with a status of 404 (Not Found) @ http://localhost:3002/_next/static/webpack/2ed8c5d234341932.webpack.hot-update.json:0
[   21141ms] [INFO] %cDownload the React DevTools for a better development experience: https://reactjs.org/link/react-devtools font-weight:bold @ webpack-internal:///./node_modules/react-dom/cjs/react-dom.development.js:29889
[   21189ms] [LOG] [HMR] connected @ webpack-internal:///./node_modules/next/dist/client/dev/error-overlay/websocket.js:45
[   21216ms] [ERROR] Failed to load resource: the server responded with a status of 404 (Not Found) @ http://localhost:3002/_next/static/webpack/2ed8c5d234341932.webpack.hot-update.json:0
[   21227ms] [LOG] %c[Vercel Web Analytics]%c Debug mode is enabled by default in development. No requests will be sent to the server. color: rgb(120, 120, 120) color: inherit @ https://va.vercel-scripts.com/v1/script.debug.js:0
[   21227ms] [LOG] %c[Vercel Web Analytics]%c [view] http://localhost:3002/landing-ko-vf color: rgb(120, 120, 120) color: inherit {o: http://localhost:3002/landing-ko-vf, sv: 0.1.3, sdkn: @vercel/analytics/react, sdkv: 1.6.1, ts: 1777530821580} /_vercel/insights/view @ https://va.vercel-scripts.com/v1/script.debug.js:0
[   21404ms] [INFO] %cDownload the React DevTools for a better development experience: https://reactjs.org/link/react-devtools font-weight:bold @ webpack-internal:///./node_modules/react-dom/cjs/react-dom.development.js:29889
[   21534ms] [LOG] [HMR] connected @ webpack-internal:///./node_modules/next/dist/client/dev/error-overlay/websocket.js:45
[   21602ms] [ERROR] Failed to load resource: the server responded with a status of 404 (Not Found) @ http://localhost:3002/_next/static/webpack/2ed8c5d234341932.webpack.hot-update.json:0
[   21614ms] [LOG] %c[Vercel Web Analytics]%c Debug mode is enabled by default in development. No requests will be sent to the server. color: rgb(120, 120, 120) color: inherit @ https://va.vercel-scripts.com/v1/script.debug.js:0
[   21614ms] [LOG] %c[Vercel Web Analytics]%c [view] http://localhost:3002/landing-ko-vf color: rgb(120, 120, 120) color: inherit {o: http://localhost:3002/landing-ko-vf, sv: 0.1.3, sdkn: @vercel/analytics/react, sdkv: 1.6.1, ts: 1777530821966} /_vercel/insights/view @ https://va.vercel-scripts.com/v1/script.debug.js:0
[   21818ms] [INFO] %cDownload the React DevTools for a better development experience: https://reactjs.org/link/react-devtools font-weight:bold @ webpack-internal:///./node_modules/react-dom/cjs/react-dom.development.js:29889
[   21900ms] [LOG] [HMR] connected @ webpack-internal:///./node_modules/next/dist/client/dev/error-overlay/websocket.js:45
[   21934ms] [ERROR] Failed to load resource: the server responded with a status of 404 (Not Found) @ http://localhost:3002/_next/static/webpack/2ed8c5d234341932.webpack.hot-update.json:0
[   21947ms] [LOG] %c[Vercel Web Analytics]%c Debug mode is enabled by default in development. No requests will be sent to the server. color: rgb(120, 120, 120) color: inherit @ https://va.vercel-scripts.com/v1/script.debug.js:0
[   21947ms] [LOG] %c[Vercel Web Analytics]%c [view] http://localhost:3002/landing-ko-vf color: rgb(120, 120, 120) color: inherit {o: http://localhost:3002/landing-ko-vf, sv: 0.1.3, sdkn: @vercel/analytics/react, sdkv: 1.6.1, ts: 1777530822300} /_vercel/insights/view @ https://va.vercel-scripts.com/v1/script.debug.js:0
[   22180ms] [INFO] %cDownload the React DevTools for a better development experience: https://reactjs.org/link/react-devtools font-weight:bold @ webpack-internal:///./node_modules/react-dom/cjs/react-dom.development.js:29889
[   22258ms] [LOG] [HMR] connected @ webpack-internal:///./node_modules/next/dist/client/dev/error-overlay/websocket.js:45
[   22293ms] [ERROR] Failed to load resource: the server responded with a status of 404 (Not Found) @ http://localhost:3002/_next/static/webpack/2ed8c5d234341932.webpack.hot-update.json:0
[   22301ms] [LOG] %c[Vercel Web Analytics]%c Debug mode is enabled by default in development. No requests will be sent to the server. color: rgb(120, 120, 120) color: inherit @ https://va.vercel-scripts.com/v1/script.debug.js:0
[   22301ms] [LOG] %c[Vercel Web Analytics]%c [view] http://localhost:3002/landing-ko-vf color: rgb(120, 120, 120) color: inherit {o: http://localhost:3002/landing-ko-vf, sv: 0.1.3, sdkn: @vercel/analytics/react, sdkv: 1.6.1, ts: 1777530822654} /_vercel/insights/view @ https://va.vercel-scripts.com/v1/script.debug.js:0
[   22523ms] [INFO] %cDownload the React DevTools for a better development experience: https://reactjs.org/link/react-devtools font-weight:bold @ webpack-internal:///./node_modules/react-dom/cjs/react-dom.development.js:29889
[   22576ms] [LOG] [HMR] connected @ webpack-internal:///./node_modules/next/dist/client/dev/error-overlay/websocket.js:45
[   22614ms] [ERROR] Failed to load resource: the server responded with a status of 404 (Not Found) @ http://localhost:3002/_next/static/webpack/2ed8c5d234341932.webpack.hot-update.json:0
[   22621ms] [LOG] %c[Vercel Web Analytics]%c Debug mode is enabled by default in development. No requests will be sent to the server. color: rgb(120, 120, 120) color: inherit @ https://va.vercel-scripts.com/v1/script.debug.js:0
[   22621ms] [LOG] %c[Vercel Web Analytics]%c [view] http://localhost:3002/landing-ko-vf color: rgb(120, 120, 120) color: inherit {o: http://localhost:3002/landing-ko-vf, sv: 0.1.3, sdkn: @vercel/analytics/react, sdkv: 1.6.1, ts: 1777530822973} /_vercel/insights/view @ https://va.vercel-scripts.com/v1/script.debug.js:0
[   22816ms] [INFO] %cDownload the React DevTools for a better development experience: https://reactjs.org/link/react-devtools font-weight:bold @ webpack-internal:///./node_modules/react-dom/cjs/react-dom.development.js:29889
[   22975ms] [LOG] [HMR] connected @ webpack-internal:///./node_modules/next/dist/client/dev/error-overlay/websocket.js:45
[   23052ms] [LOG] %c[Vercel Web Analytics]%c Debug mode is enabled by default in development. No requests will be sent to the server. color: rgb(120, 120, 120) color: inherit @ https://va.vercel-scripts.com/v1/script.debug.js:0
[   23052ms] [LOG] %c[Vercel Web Analytics]%c [view] http://localhost:3002/landing-ko-vf color: rgb(120, 120, 120) color: inherit {o: http://localhost:3002/landing-ko-vf, sv: 0.1.3, sdkn: @vercel/analytics/react, sdkv: 1.6.1, ts: 1777530823405} /_vercel/insights/view @ https://va.vercel-scripts.com/v1/script.debug.js:0
[   23077ms] [ERROR] Failed to load resource: the server responded with a status of 404 (Not Found) @ http://localhost:3002/_next/static/webpack/2ed8c5d234341932.webpack.hot-update.json:0
[   23305ms] [INFO] %cDownload the React DevTools for a better development experience: https://reactjs.org/link/react-devtools font-weight:bold @ webpack-internal:///./node_modules/react-dom/cjs/react-dom.development.js:29889
[   23357ms] [LOG] [HMR] connected @ webpack-internal:///./node_modules/next/dist/client/dev/error-overlay/websocket.js:45
[   23397ms] [LOG] %c[Vercel Web Analytics]%c Debug mode is enabled by default in development. No requests will be sent to the server. color: rgb(120, 120, 120) color: inherit @ https://va.vercel-scripts.com/v1/script.debug.js:0
[   23397ms] [LOG] %c[Vercel Web Analytics]%c [view] http://localhost:3002/landing-ko-vf color: rgb(120, 120, 120) color: inherit {o: http://localhost:3002/landing-ko-vf, sv: 0.1.3, sdkn: @vercel/analytics/react, sdkv: 1.6.1, ts: 1777530823749} /_vercel/insights/view @ https://va.vercel-scripts.com/v1/script.debug.js:0
[   23397ms] [ERROR] Failed to load resource: the server responded with a status of 404 (Not Found) @ http://localhost:3002/_next/static/webpack/2ed8c5d234341932.webpack.hot-update.json:0
[   23837ms] [INFO] %cDownload the React DevTools for a better development experience: https://reactjs.org/link/react-devtools font-weight:bold @ webpack-internal:///./node_modules/react-dom/cjs/react-dom.development.js:29889
[   23894ms] [LOG] [HMR] connected @ webpack-internal:///./node_modules/next/dist/client/dev/error-overlay/websocket.js:45
[   23935ms] [LOG] %c[Vercel Web Analytics]%c Debug mode is enabled by default in development. No requests will be sent to the server. color: rgb(120, 120, 120) color: inherit @ https://va.vercel-scripts.com/v1/script.debug.js:0
[   23935ms] [LOG] %c[Vercel Web Analytics]%c [view] http://localhost:3002/landing-ko-vf color: rgb(120, 120, 120) color: inherit {o: http://localhost:3002/landing-ko-vf, sv: 0.1.3, sdkn: @vercel/analytics/react, sdkv: 1.6.1, ts: 1777530824288} /_vercel/insights/view @ https://va.vercel-scripts.com/v1/script.debug.js:0
[   23936ms] [ERROR] Failed to load resource: the server responded with a status of 404 (Not Found) @ http://localhost:3002/_next/static/webpack/2ed8c5d234341932.webpack.hot-update.json:0
[   24214ms] [INFO] %cDownload the React DevTools for a better development experience: https://reactjs.org/link/react-devtools font-weight:bold @ webpack-internal:///./node_modules/react-dom/cjs/react-dom.development.js:29889
[   24263ms] [LOG] [HMR] connected @ webpack-internal:///./node_modules/next/dist/client/dev/error-overlay/websocket.js:45
[   24321ms] [LOG] %c[Vercel Web Analytics]%c Debug mode is enabled by default in development. No requests will be sent to the server. color: rgb(120, 120, 120) color: inherit @ https://va.vercel-scripts.com/v1/script.debug.js:0
[   24321ms] [LOG] %c[Vercel Web Analytics]%c [view] http://localhost:3002/landing-ko-vf color: rgb(120, 120, 120) color: inherit {o: http://localhost:3002/landing-ko-vf, sv: 0.1.3, sdkn: @vercel/analytics/react, sdkv: 1.6.1, ts: 1777530824674} /_vercel/insights/view @ https://va.vercel-scripts.com/v1/script.debug.js:0
[   24354ms] [ERROR] Failed to load resource: the server responded with a status of 404 (Not Found) @ http://localhost:3002/_next/static/webpack/2ed8c5d234341932.webpack.hot-update.json:0
[   24576ms] [INFO] %cDownload the React DevTools for a better development experience: https://reactjs.org/link/react-devtools font-weight:bold @ webpack-internal:///./node_modules/react-dom/cjs/react-dom.development.js:29889
[   24627ms] [LOG] [HMR] connected @ webpack-internal:///./node_modules/next/dist/client/dev/error-overlay/websocket.js:45
[   24650ms] [ERROR] Failed to load resource: the server responded with a status of 404 (Not Found) @ http://localhost:3002/_next/static/webpack/2ed8c5d234341932.webpack.hot-update.json:0
[   24662ms] [LOG] %c[Vercel Web Analytics]%c Debug mode is enabled by default in development. No requests will be sent to the server. color: rgb(120, 120, 120) color: inherit @ https://va.vercel-scripts.com/v1/script.debug.js:0
[   24662ms] [LOG] %c[Vercel Web Analytics]%c [view] http://localhost:3002/landing-ko-vf color: rgb(120, 120, 120) color: inherit {o: http://localhost:3002/landing-ko-vf, sv: 0.1.3, sdkn: @vercel/analytics/react, sdkv: 1.6.1, ts: 1777530825014} /_vercel/insights/view @ https://va.vercel-scripts.com/v1/script.debug.js:0
[   24847ms] [INFO] %cDownload the React DevTools for a better development experience: https://reactjs.org/link/react-devtools font-weight:bold @ webpack-internal:///./node_modules/react-dom/cjs/react-dom.development.js:29889
[   24937ms] [LOG] [HMR] connected @ webpack-internal:///./node_modules/next/dist/client/dev/error-overlay/websocket.js:45
[   24990ms] [ERROR] Failed to load resource: the server responded with a status of 404 (Not Found) @ http://localhost:3002/_next/static/webpack/2ed8c5d234341932.webpack.hot-update.json:0
[   25002ms] [LOG] %c[Vercel Web Analytics]%c Debug mode is enabled by default in development. No requests will be sent to the server. color: rgb(120, 120, 120) color: inherit @ https://va.vercel-scripts.com/v1/script.debug.js:0
[   25002ms] [LOG] %c[Vercel Web Analytics]%c [view] http://localhost:3002/landing-ko-vf color: rgb(120, 120, 120) color: inherit {o: http://localhost:3002/landing-ko-vf, sv: 0.1.3, sdkn: @vercel/analytics/react, sdkv: 1.6.1, ts: 1777530825355} /_vercel/insights/view @ https://va.vercel-scripts.com/v1/script.debug.js:0
[   25343ms] [INFO] %cDownload the React DevTools for a better development experience: https://reactjs.org/link/react-devtools font-weight:bold @ webpack-internal:///./node_modules/react-dom/cjs/react-dom.development.js:29889
[   25395ms] [LOG] [HMR] connected @ webpack-internal:///./node_modules/next/dist/client/dev/error-overlay/websocket.js:45
[   25437ms] [ERROR] Failed to load resource: the server responded with a status of 404 (Not Found) @ http://localhost:3002/_next/static/webpack/2ed8c5d234341932.webpack.hot-update.json:0
[   25440ms] [LOG] %c[Vercel Web Analytics]%c Debug mode is enabled by default in development. No requests will be sent to the server. color: rgb(120, 120, 120) color: inherit @ https://va.vercel-scripts.com/v1/script.debug.js:0
[   25440ms] [LOG] %c[Vercel Web Analytics]%c [view] http://localhost:3002/landing-ko-vf color: rgb(120, 120, 120) color: inherit {o: http://localhost:3002/landing-ko-vf, sv: 0.1.3, sdkn: @vercel/analytics/react, sdkv: 1.6.1, ts: 1777530825792} /_vercel/insights/view @ https://va.vercel-scripts.com/v1/script.debug.js:0
[   25918ms] [INFO] %cDownload the React DevTools for a better development experience: https://reactjs.org/link/react-devtools font-weight:bold @ webpack-internal:///./node_modules/react-dom/cjs/react-dom.development.js:29889
[   26011ms] [LOG] [HMR] connected @ webpack-internal:///./node_modules/next/dist/client/dev/error-overlay/websocket.js:45
[   26092ms] [LOG] %c[Vercel Web Analytics]%c Debug mode is enabled by default in development. No requests will be sent to the server. color: rgb(120, 120, 120) color: inherit @ https://va.vercel-scripts.com/v1/script.debug.js:0
[   26092ms] [LOG] %c[Vercel Web Analytics]%c [view] http://localhost:3002/landing-ko-vf color: rgb(120, 120, 120) color: inherit {o: http://localhost:3002/landing-ko-vf, sv: 0.1.3, sdkn: @vercel/analytics/react, sdkv: 1.6.1, ts: 1777530826444} /_vercel/insights/view @ https://va.vercel-scripts.com/v1/script.debug.js:0
[   26092ms] [ERROR] Failed to load resource: the server responded with a status of 404 (Not Found) @ http://localhost:3002/_next/static/webpack/2ed8c5d234341932.webpack.hot-update.json:0
[   26379ms] [INFO] %cDownload the React DevTools for a better development experience: https://reactjs.org/link/react-devtools font-weight:bold @ webpack-internal:///./node_modules/react-dom/cjs/react-dom.development.js:29889
[   26448ms] [LOG] [HMR] connected @ webpack-internal:///./node_modules/next/dist/client/dev/error-overlay/websocket.js:45
[   26498ms] [LOG] %c[Vercel Web Analytics]%c Debug mode is enabled by default in development. No requests will be sent to the server. color: rgb(120, 120, 120) color: inherit @ https://va.vercel-scripts.com/v1/script.debug.js:0
[   26498ms] [LOG] %c[Vercel Web Analytics]%c [view] http://localhost:3002/landing-ko-vf color: rgb(120, 120, 120) color: inherit {o: http://localhost:3002/landing-ko-vf, sv: 0.1.3, sdkn: @vercel/analytics/react, sdkv: 1.6.1, ts: 1777530826851} /_vercel/insights/view @ https://va.vercel-scripts.com/v1/script.debug.js:0
[   26498ms] [ERROR] Failed to load resource: the server responded with a status of 404 (Not Found) @ http://localhost:3002/_next/static/webpack/2ed8c5d234341932.webpack.hot-update.json:0
[   27123ms] [INFO] %cDownload the React DevTools for a better development experience: https://reactjs.org/link/react-devtools font-weight:bold @ webpack-internal:///./node_modules/react-dom/cjs/react-dom.development.js:29889
[   27198ms] [LOG] [HMR] connected @ webpack-internal:///./node_modules/next/dist/client/dev/error-overlay/websocket.js:45
[   27317ms] [LOG] %c[Vercel Web Analytics]%c Debug mode is enabled by default in development. No requests will be sent to the server. color: rgb(120, 120, 120) color: inherit @ https://va.vercel-scripts.com/v1/script.debug.js:0
[   27317ms] [LOG] %c[Vercel Web Analytics]%c [view] http://localhost:3002/landing-ko-vf color: rgb(120, 120, 120) color: inherit {o: http://localhost:3002/landing-ko-vf, sv: 0.1.3, sdkn: @vercel/analytics/react, sdkv: 1.6.1, ts: 1777530827670} /_vercel/insights/view @ https://va.vercel-scripts.com/v1/script.debug.js:0
[   27363ms] [ERROR] Failed to load resource: the server responded with a status of 404 (Not Found) @ http://localhost:3002/_next/static/webpack/2ed8c5d234341932.webpack.hot-update.json:0
[   27705ms] [INFO] %cDownload the React DevTools for a better development experience: https://reactjs.org/link/react-devtools font-weight:bold @ webpack-internal:///./node_modules/react-dom/cjs/react-dom.development.js:29889
[   27834ms] [LOG] [HMR] connected @ webpack-internal:///./node_modules/next/dist/client/dev/error-overlay/websocket.js:45
[   27922ms] [ERROR] Failed to load resource: the server responded with a status of 404 (Not Found) @ http://localhost:3002/_next/static/webpack/2ed8c5d234341932.webpack.hot-update.json:0
[   27937ms] [LOG] %c[Vercel Web Analytics]%c Debug mode is enabled by default in development. No requests will be sent to the server. color: rgb(120, 120, 120) color: inherit @ https://va.vercel-scripts.com/v1/script.debug.js:0
[   27937ms] [LOG] %c[Vercel Web Analytics]%c [view] http://localhost:3002/landing-ko-vf color: rgb(120, 120, 120) color: inherit {o: http://localhost:3002/landing-ko-vf, sv: 0.1.3, sdkn: @vercel/analytics/react, sdkv: 1.6.1, ts: 1777530828290} /_vercel/insights/view @ https://va.vercel-scripts.com/v1/script.debug.js:0
[   28215ms] [INFO] %cDownload the React DevTools for a better development experience: https://reactjs.org/link/react-devtools font-weight:bold @ webpack-internal:///./node_modules/react-dom/cjs/react-dom.development.js:29889
[   28284ms] [LOG] [HMR] connected @ webpack-internal:///./node_modules/next/dist/client/dev/error-overlay/websocket.js:45
[   28332ms] [ERROR] Failed to load resource: the server responded with a status of 404 (Not Found) @ http://localhost:3002/_next/static/webpack/2ed8c5d234341932.webpack.hot-update.json:0
[   28339ms] [LOG] %c[Vercel Web Analytics]%c Debug mode is enabled by default in development. No requests will be sent to the server. color: rgb(120, 120, 120) color: inherit @ https://va.vercel-scripts.com/v1/script.debug.js:0
[   28339ms] [LOG] %c[Vercel Web Analytics]%c [view] http://localhost:3002/landing-ko-vf color: rgb(120, 120, 120) color: inherit {o: http://localhost:3002/landing-ko-vf, sv: 0.1.3, sdkn: @vercel/analytics/react, sdkv: 1.6.1, ts: 1777530828691} /_vercel/insights/view @ https://va.vercel-scripts.com/v1/script.debug.js:0
[   28729ms] [INFO] %cDownload the React DevTools for a better development experience: https://reactjs.org/link/react-devtools font-weight:bold @ webpack-internal:///./node_modules/react-dom/cjs/react-dom.development.js:29889
[   28855ms] [LOG] [HMR] connected @ webpack-internal:///./node_modules/next/dist/client/dev/error-overlay/websocket.js:45
[   28914ms] [LOG] %c[Vercel Web Analytics]%c Debug mode is enabled by default in development. No requests will be sent to the server. color: rgb(120, 120, 120) color: inherit @ https://va.vercel-scripts.com/v1/script.debug.js:0
[   28914ms] [LOG] %c[Vercel Web Analytics]%c [view] http://localhost:3002/landing-ko-vf color: rgb(120, 120, 120) color: inherit {o: http://localhost:3002/landing-ko-vf, sv: 0.1.3, sdkn: @vercel/analytics/react, sdkv: 1.6.1, ts: 1777530829267} /_vercel/insights/view @ https://va.vercel-scripts.com/v1/script.debug.js:0
[   28937ms] [ERROR] Failed to load resource: the server responded with a status of 404 (Not Found) @ http://localhost:3002/_next/static/webpack/2ed8c5d234341932.webpack.hot-update.json:0
[   29207ms] [INFO] %cDownload the React DevTools for a better development experience: https://reactjs.org/link/react-devtools font-weight:bold @ webpack-internal:///./node_modules/react-dom/cjs/react-dom.development.js:29889
[   29257ms] [LOG] [HMR] connected @ webpack-internal:///./node_modules/next/dist/client/dev/error-overlay/websocket.js:45
[   29295ms] [LOG] %c[Vercel Web Analytics]%c Debug mode is enabled by default in development. No requests will be sent to the server. color: rgb(120, 120, 120) color: inherit @ https://va.vercel-scripts.com/v1/script.debug.js:0
[   29296ms] [LOG] %c[Vercel Web Analytics]%c [view] http://localhost:3002/landing-ko-vf color: rgb(120, 120, 120) color: inherit {o: http://localhost:3002/landing-ko-vf, sv: 0.1.3, sdkn: @vercel/analytics/react, sdkv: 1.6.1, ts: 1777530829648} /_vercel/insights/view @ https://va.vercel-scripts.com/v1/script.debug.js:0
[   29296ms] [ERROR] Failed to load resource: the server responded with a status of 404 (Not Found) @ http://localhost:3002/_next/static/webpack/2ed8c5d234341932.webpack.hot-update.json:0
[   29532ms] [INFO] %cDownload the React DevTools for a better development experience: https://reactjs.org/link/react-devtools font-weight:bold @ webpack-internal:///./node_modules/react-dom/cjs/react-dom.development.js:29889
[   29595ms] [LOG] [HMR] connected @ webpack-internal:///./node_modules/next/dist/client/dev/error-overlay/websocket.js:45
[   29734ms] [ERROR] Failed to load resource: the server responded with a status of 404 (Not Found) @ http://localhost:3002/_next/static/webpack/2ed8c5d234341932.webpack.hot-update.json:0
[   29742ms] [LOG] %c[Vercel Web Analytics]%c Debug mode is enabled by default in development. No requests will be sent to the server. color: rgb(120, 120, 120) color: inherit @ https://va.vercel-scripts.com/v1/script.debug.js:0
[   29742ms] [LOG] %c[Vercel Web Analytics]%c [view] http://localhost:3002/landing-ko-vf color: rgb(120, 120, 120) color: inherit {o: http://localhost:3002/landing-ko-vf, sv: 0.1.3, sdkn: @vercel/analytics/react, sdkv: 1.6.1, ts: 1777530830094} /_vercel/insights/view @ https://va.vercel-scripts.com/v1/script.debug.js:0
[   29996ms] [INFO] %cDownload the React DevTools for a better development experience: https://reactjs.org/link/react-devtools font-weight:bold @ webpack-internal:///./node_modules/react-dom/cjs/react-dom.development.js:29889
[   30046ms] [LOG] [HMR] connected @ webpack-internal:///./node_modules/next/dist/client/dev/error-overlay/websocket.js:45
[   30075ms] [ERROR] Failed to load resource: the server responded with a status of 404 (Not Found) @ http://localhost:3002/_next/static/webpack/2ed8c5d234341932.webpack.hot-update.json:0
[   30086ms] [LOG] %c[Vercel Web Analytics]%c Debug mode is enabled by default in development. No requests will be sent to the server. color: rgb(120, 120, 120) color: inherit @ https://va.vercel-scripts.com/v1/script.debug.js:0
[   30086ms] [LOG] %c[Vercel Web Analytics]%c [view] http://localhost:3002/landing-ko-vf color: rgb(120, 120, 120) color: inherit {o: http://localhost:3002/landing-ko-vf, sv: 0.1.3, sdkn: @vercel/analytics/react, sdkv: 1.6.1, ts: 1777530830438} /_vercel/insights/view @ https://va.vercel-scripts.com/v1/script.debug.js:0
[   30287ms] [INFO] %cDownload the React DevTools for a better development experience: https://reactjs.org/link/react-devtools font-weight:bold @ webpack-internal:///./node_modules/react-dom/cjs/react-dom.development.js:29889
[   30338ms] [LOG] [HMR] connected @ webpack-internal:///./node_modules/next/dist/client/dev/error-overlay/websocket.js:45
[   30426ms] [LOG] %c[Vercel Web Analytics]%c Debug mode is enabled by default in development. No requests will be sent to the server. color: rgb(120, 120, 120) color: inherit @ https://va.vercel-scripts.com/v1/script.debug.js:0
[   30426ms] [LOG] %c[Vercel Web Analytics]%c [view] http://localhost:3002/landing-ko-vf color: rgb(120, 120, 120) color: inherit {o: http://localhost:3002/landing-ko-vf, sv: 0.1.3, sdkn: @vercel/analytics/react, sdkv: 1.6.1, ts: 1777530830778} /_vercel/insights/view @ https://va.vercel-scripts.com/v1/script.debug.js:0
[   30426ms] [ERROR] Failed to load resource: the server responded with a status of 404 (Not Found) @ http://localhost:3002/_next/static/webpack/2ed8c5d234341932.webpack.hot-update.json:0
[   30646ms] [INFO] %cDownload the React DevTools for a better development experience: https://reactjs.org/link/react-devtools font-weight:bold @ webpack-internal:///./node_modules/react-dom/cjs/react-dom.development.js:29889
[   30708ms] [LOG] [HMR] connected @ webpack-internal:///./node_modules/next/dist/client/dev/error-overlay/websocket.js:45
[   30769ms] [ERROR] Failed to load resource: the server responded with a status of 404 (Not Found) @ http://localhost:3002/_next/static/webpack/2ed8c5d234341932.webpack.hot-update.json:0
[   30781ms] [LOG] %c[Vercel Web Analytics]%c Debug mode is enabled by default in development. No requests will be sent to the server. color: rgb(120, 120, 120) color: inherit @ https://va.vercel-scripts.com/v1/script.debug.js:0
[   30781ms] [LOG] %c[Vercel Web Analytics]%c [view] http://localhost:3002/landing-ko-vf color: rgb(120, 120, 120) color: inherit {o: http://localhost:3002/landing-ko-vf, sv: 0.1.3, sdkn: @vercel/analytics/react, sdkv: 1.6.1, ts: 1777530831134} /_vercel/insights/view @ https://va.vercel-scripts.com/v1/script.debug.js:0
[   31043ms] [INFO] %cDownload the React DevTools for a better development experience: https://reactjs.org/link/react-devtools font-weight:bold @ webpack-internal:///./node_modules/react-dom/cjs/react-dom.development.js:29889
[   31113ms] [LOG] [HMR] connected @ webpack-internal:///./node_modules/next/dist/client/dev/error-overlay/websocket.js:45
[   31314ms] [LOG] %c[Vercel Web Analytics]%c Debug mode is enabled by default in development. No requests will be sent to the server. color: rgb(120, 120, 120) color: inherit @ https://va.vercel-scripts.com/v1/script.debug.js:0
[   31314ms] [LOG] %c[Vercel Web Analytics]%c [view] http://localhost:3002/landing-ko-vf color: rgb(120, 120, 120) color: inherit {o: http://localhost:3002/landing-ko-vf, sv: 0.1.3, sdkn: @vercel/analytics/react, sdkv: 1.6.1, ts: 1777530831667} /_vercel/insights/view @ https://va.vercel-scripts.com/v1/script.debug.js:0
[   31342ms] [ERROR] Failed to load resource: the server responded with a status of 404 (Not Found) @ http://localhost:3002/_next/static/webpack/2ed8c5d234341932.webpack.hot-update.json:0
[   31558ms] [INFO] %cDownload the React DevTools for a better development experience: https://reactjs.org/link/react-devtools font-weight:bold @ webpack-internal:///./node_modules/react-dom/cjs/react-dom.development.js:29889
[   31619ms] [LOG] [HMR] connected @ webpack-internal:///./node_modules/next/dist/client/dev/error-overlay/websocket.js:45
[   31655ms] [ERROR] Failed to load resource: the server responded with a status of 404 (Not Found) @ http://localhost:3002/_next/static/webpack/2ed8c5d234341932.webpack.hot-update.json:0
[   31662ms] [LOG] %c[Vercel Web Analytics]%c Debug mode is enabled by default in development. No requests will be sent to the server. color: rgb(120, 120, 120) color: inherit @ https://va.vercel-scripts.com/v1/script.debug.js:0
[   31662ms] [LOG] %c[Vercel Web Analytics]%c [view] http://localhost:3002/landing-ko-vf color: rgb(120, 120, 120) color: inherit {o: http://localhost:3002/landing-ko-vf, sv: 0.1.3, sdkn: @vercel/analytics/react, sdkv: 1.6.1, ts: 1777530832015} /_vercel/insights/view @ https://va.vercel-scripts.com/v1/script.debug.js:0
[   31897ms] [INFO] %cDownload the React DevTools for a better development experience: https://reactjs.org/link/react-devtools font-weight:bold @ webpack-internal:///./node_modules/react-dom/cjs/react-dom.development.js:29889
[   31998ms] [LOG] [HMR] connected @ webpack-internal:///./node_modules/next/dist/client/dev/error-overlay/websocket.js:45
[   32076ms] [LOG] %c[Vercel Web Analytics]%c Debug mode is enabled by default in development. No requests will be sent to the server. color: rgb(120, 120, 120) color: inherit @ https://va.vercel-scripts.com/v1/script.debug.js:0
[   32076ms] [LOG] %c[Vercel Web Analytics]%c [view] http://localhost:3002/landing-ko-vf color: rgb(120, 120, 120) color: inherit {o: http://localhost:3002/landing-ko-vf, sv: 0.1.3, sdkn: @vercel/analytics/react, sdkv: 1.6.1, ts: 1777530832429} /_vercel/insights/view @ https://va.vercel-scripts.com/v1/script.debug.js:0
[   32110ms] [ERROR] Failed to load resource: the server responded with a status of 404 (Not Found) @ http://localhost:3002/_next/static/webpack/2ed8c5d234341932.webpack.hot-update.json:0
[   32354ms] [INFO] %cDownload the React DevTools for a better development experience: https://reactjs.org/link/react-devtools font-weight:bold @ webpack-internal:///./node_modules/react-dom/cjs/react-dom.development.js:29889
[   32407ms] [LOG] [HMR] connected @ webpack-internal:///./node_modules/next/dist/client/dev/error-overlay/websocket.js:45
[   32443ms] [LOG] %c[Vercel Web Analytics]%c Debug mode is enabled by default in development. No requests will be sent to the server. color: rgb(120, 120, 120) color: inherit @ https://va.vercel-scripts.com/v1/script.debug.js:0
[   32443ms] [LOG] %c[Vercel Web Analytics]%c [view] http://localhost:3002/landing-ko-vf color: rgb(120, 120, 120) color: inherit {o: http://localhost:3002/landing-ko-vf, sv: 0.1.3, sdkn: @vercel/analytics/react, sdkv: 1.6.1, ts: 1777530832796} /_vercel/insights/view @ https://va.vercel-scripts.com/v1/script.debug.js:0
[   32443ms] [ERROR] Failed to load resource: the server responded with a status of 404 (Not Found) @ http://localhost:3002/_next/static/webpack/2ed8c5d234341932.webpack.hot-update.json:0
[   32741ms] [INFO] %cDownload the React DevTools for a better development experience: https://reactjs.org/link/react-devtools font-weight:bold @ webpack-internal:///./node_modules/react-dom/cjs/react-dom.development.js:29889
[   32789ms] [LOG] [HMR] connected @ webpack-internal:///./node_modules/next/dist/client/dev/error-overlay/websocket.js:45
[   32825ms] [LOG] %c[Vercel Web Analytics]%c Debug mode is enabled by default in development. No requests will be sent to the server. color: rgb(120, 120, 120) color: inherit @ https://va.vercel-scripts.com/v1/script.debug.js:0
[   32825ms] [LOG] %c[Vercel Web Analytics]%c [view] http://localhost:3002/landing-ko-vf color: rgb(120, 120, 120) color: inherit {o: http://localhost:3002/landing-ko-vf, sv: 0.1.3, sdkn: @vercel/analytics/react, sdkv: 1.6.1, ts: 1777530833177} /_vercel/insights/view @ https://va.vercel-scripts.com/v1/script.debug.js:0
[   32987ms] [ERROR] Failed to load resource: the server responded with a status of 404 (Not Found) @ http://localhost:3002/_next/static/webpack/2ed8c5d234341932.webpack.hot-update.json:0
[   33222ms] [INFO] %cDownload the React DevTools for a better development experience: https://reactjs.org/link/react-devtools font-weight:bold @ webpack-internal:///./node_modules/react-dom/cjs/react-dom.development.js:29889
[   33313ms] [LOG] [HMR] connected @ webpack-internal:///./node_modules/next/dist/client/dev/error-overlay/websocket.js:45
[   33347ms] [ERROR] Failed to load resource: the server responded with a status of 404 (Not Found) @ http://localhost:3002/_next/static/webpack/2ed8c5d234341932.webpack.hot-update.json:0
[   33359ms] [LOG] %c[Vercel Web Analytics]%c Debug mode is enabled by default in development. No requests will be sent to the server. color: rgb(120, 120, 120) color: inherit @ https://va.vercel-scripts.com/v1/script.debug.js:0
[   33359ms] [LOG] %c[Vercel Web Analytics]%c [view] http://localhost:3002/landing-ko-vf color: rgb(120, 120, 120) color: inherit {o: http://localhost:3002/landing-ko-vf, sv: 0.1.3, sdkn: @vercel/analytics/react, sdkv: 1.6.1, ts: 1777530833711} /_vercel/insights/view @ https://va.vercel-scripts.com/v1/script.debug.js:0
[   33563ms] [INFO] %cDownload the React DevTools for a better development experience: https://reactjs.org/link/react-devtools font-weight:bold @ webpack-internal:///./node_modules/react-dom/cjs/react-dom.development.js:29889
[   33611ms] [LOG] [HMR] connected @ webpack-internal:///./node_modules/next/dist/client/dev/error-overlay/websocket.js:45
[   33652ms] [LOG] %c[Vercel Web Analytics]%c Debug mode is enabled by default in development. No requests will be sent to the server. color: rgb(120, 120, 120) color: inherit @ https://va.vercel-scripts.com/v1/script.debug.js:0
[   33652ms] [LOG] %c[Vercel Web Analytics]%c [view] http://localhost:3002/landing-ko-vf color: rgb(120, 120, 120) color: inherit {o: http://localhost:3002/landing-ko-vf, sv: 0.1.3, sdkn: @vercel/analytics/react, sdkv: 1.6.1, ts: 1777530834005} /_vercel/insights/view @ https://va.vercel-scripts.com/v1/script.debug.js:0
[   33704ms] [ERROR] Failed to load resource: the server responded with a status of 404 (Not Found) @ http://localhost:3002/_next/static/webpack/2ed8c5d234341932.webpack.hot-update.json:0
[   33942ms] [INFO] %cDownload the React DevTools for a better development experience: https://reactjs.org/link/react-devtools font-weight:bold @ webpack-internal:///./node_modules/react-dom/cjs/react-dom.development.js:29889
[   34023ms] [LOG] [HMR] connected @ webpack-internal:///./node_modules/next/dist/client/dev/error-overlay/websocket.js:45
[   34086ms] [LOG] %c[Vercel Web Analytics]%c Debug mode is enabled by default in development. No requests will be sent to the server. color: rgb(120, 120, 120) color: inherit @ https://va.vercel-scripts.com/v1/script.debug.js:0
[   34086ms] [LOG] %c[Vercel Web Analytics]%c [view] http://localhost:3002/landing-ko-vf color: rgb(120, 120, 120) color: inherit {o: http://localhost:3002/landing-ko-vf, sv: 0.1.3, sdkn: @vercel/analytics/react, sdkv: 1.6.1, ts: 1777530834439} /_vercel/insights/view @ https://va.vercel-scripts.com/v1/script.debug.js:0
[   34087ms] [ERROR] Failed to load resource: the server responded with a status of 404 (Not Found) @ http://localhost:3002/_next/static/webpack/2ed8c5d234341932.webpack.hot-update.json:0
[   34294ms] [INFO] %cDownload the React DevTools for a better development experience: https://reactjs.org/link/react-devtools font-weight:bold @ webpack-internal:///./node_modules/react-dom/cjs/react-dom.development.js:29889
[   34365ms] [LOG] [HMR] connected @ webpack-internal:///./node_modules/next/dist/client/dev/error-overlay/websocket.js:45
[   34397ms] [ERROR] Failed to load resource: the server responded with a status of 404 (Not Found) @ http://localhost:3002/_next/static/webpack/2ed8c5d234341932.webpack.hot-update.json:0
[   34408ms] [LOG] %c[Vercel Web Analytics]%c Debug mode is enabled by default in development. No requests will be sent to the server. color: rgb(120, 120, 120) color: inherit @ https://va.vercel-scripts.com/v1/script.debug.js:0
[   34408ms] [LOG] %c[Vercel Web Analytics]%c [view] http://localhost:3002/landing-ko-vf color: rgb(120, 120, 120) color: inherit {o: http://localhost:3002/landing-ko-vf, sv: 0.1.3, sdkn: @vercel/analytics/react, sdkv: 1.6.1, ts: 1777530834761} /_vercel/insights/view @ https://va.vercel-scripts.com/v1/script.debug.js:0
[   34878ms] [INFO] %cDownload the React DevTools for a better development experience: https://reactjs.org/link/react-devtools font-weight:bold @ webpack-internal:///./node_modules/react-dom/cjs/react-dom.development.js:29889
[   34938ms] [LOG] [HMR] connected @ webpack-internal:///./node_modules/next/dist/client/dev/error-overlay/websocket.js:45
[   34973ms] [ERROR] Failed to load resource: the server responded with a status of 404 (Not Found) @ http://localhost:3002/_next/static/webpack/2ed8c5d234341932.webpack.hot-update.json:0
[   34984ms] [LOG] %c[Vercel Web Analytics]%c Debug mode is enabled by default in development. No requests will be sent to the server. color: rgb(120, 120, 120) color: inherit @ https://va.vercel-scripts.com/v1/script.debug.js:0
[   34984ms] [LOG] %c[Vercel Web Analytics]%c [view] http://localhost:3002/landing-ko-vf color: rgb(120, 120, 120) color: inherit {o: http://localhost:3002/landing-ko-vf, sv: 0.1.3, sdkn: @vercel/analytics/react, sdkv: 1.6.1, ts: 1777530835337} /_vercel/insights/view @ https://va.vercel-scripts.com/v1/script.debug.js:0
[   35227ms] [INFO] %cDownload the React DevTools for a better development experience: https://reactjs.org/link/react-devtools font-weight:bold @ webpack-internal:///./node_modules/react-dom/cjs/react-dom.development.js:29889
[   35291ms] [LOG] [HMR] connected @ webpack-internal:///./node_modules/next/dist/client/dev/error-overlay/websocket.js:45
[   35370ms] [LOG] %c[Vercel Web Analytics]%c Debug mode is enabled by default in development. No requests will be sent to the server. color: rgb(120, 120, 120) color: inherit @ https://va.vercel-scripts.com/v1/script.debug.js:0
[   35370ms] [LOG] %c[Vercel Web Analytics]%c [view] http://localhost:3002/landing-ko-vf color: rgb(120, 120, 120) color: inherit {o: http://localhost:3002/landing-ko-vf, sv: 0.1.3, sdkn: @vercel/analytics/react, sdkv: 1.6.1, ts: 1777530835723} /_vercel/insights/view @ https://va.vercel-scripts.com/v1/script.debug.js:0
[   35438ms] [ERROR] Failed to load resource: the server responded with a status of 404 (Not Found) @ http://localhost:3002/_next/static/webpack/2ed8c5d234341932.webpack.hot-update.json:0
[   35719ms] [INFO] %cDownload the React DevTools for a better development experience: https://reactjs.org/link/react-devtools font-weight:bold @ webpack-internal:///./node_modules/react-dom/cjs/react-dom.development.js:29889
[   35809ms] [LOG] [HMR] connected @ webpack-internal:///./node_modules/next/dist/client/dev/error-overlay/websocket.js:45
[   35839ms] [ERROR] Failed to load resource: the server responded with a status of 404 (Not Found) @ http://localhost:3002/_next/static/webpack/2ed8c5d234341932.webpack.hot-update.json:0
[   35851ms] [LOG] %c[Vercel Web Analytics]%c Debug mode is enabled by default in development. No requests will be sent to the server. color: rgb(120, 120, 120) color: inherit @ https://va.vercel-scripts.com/v1/script.debug.js:0
[   35851ms] [LOG] %c[Vercel Web Analytics]%c [view] http://localhost:3002/landing-ko-vf color: rgb(120, 120, 120) color: inherit {o: http://localhost:3002/landing-ko-vf, sv: 0.1.3, sdkn: @vercel/analytics/react, sdkv: 1.6.1, ts: 1777530836203} /_vercel/insights/view @ https://va.vercel-scripts.com/v1/script.debug.js:0
[   36102ms] [INFO] %cDownload the React DevTools for a better development experience: https://reactjs.org/link/react-devtools font-weight:bold @ webpack-internal:///./node_modules/react-dom/cjs/react-dom.development.js:29889
[   36204ms] [LOG] [HMR] connected @ webpack-internal:///./node_modules/next/dist/client/dev/error-overlay/websocket.js:45
[   36259ms] [LOG] %c[Vercel Web Analytics]%c Debug mode is enabled by default in development. No requests will be sent to the server. color: rgb(120, 120, 120) color: inherit @ https://va.vercel-scripts.com/v1/script.debug.js:0
[   36259ms] [LOG] %c[Vercel Web Analytics]%c [view] http://localhost:3002/landing-ko-vf color: rgb(120, 120, 120) color: inherit {o: http://localhost:3002/landing-ko-vf, sv: 0.1.3, sdkn: @vercel/analytics/react, sdkv: 1.6.1, ts: 1777530836612} /_vercel/insights/view @ https://va.vercel-scripts.com/v1/script.debug.js:0
[   36261ms] [ERROR] Failed to load resource: the server responded with a status of 404 (Not Found) @ http://localhost:3002/_next/static/webpack/2ed8c5d234341932.webpack.hot-update.json:0
[   36480ms] [INFO] %cDownload the React DevTools for a better development experience: https://reactjs.org/link/react-devtools font-weight:bold @ webpack-internal:///./node_modules/react-dom/cjs/react-dom.development.js:29889
[   36531ms] [LOG] [HMR] connected @ webpack-internal:///./node_modules/next/dist/client/dev/error-overlay/websocket.js:45
[   36572ms] [LOG] %c[Vercel Web Analytics]%c Debug mode is enabled by default in development. No requests will be sent to the server. color: rgb(120, 120, 120) color: inherit @ https://va.vercel-scripts.com/v1/script.debug.js:0
[   36572ms] [LOG] %c[Vercel Web Analytics]%c [view] http://localhost:3002/landing-ko-vf color: rgb(120, 120, 120) color: inherit {o: http://localhost:3002/landing-ko-vf, sv: 0.1.3, sdkn: @vercel/analytics/react, sdkv: 1.6.1, ts: 1777530836924} /_vercel/insights/view @ https://va.vercel-scripts.com/v1/script.debug.js:0
[   36640ms] [ERROR] Failed to load resource: the server responded with a status of 404 (Not Found) @ http://localhost:3002/_next/static/webpack/2ed8c5d234341932.webpack.hot-update.json:0
[   37126ms] [INFO] %cDownload the React DevTools for a better development experience: https://reactjs.org/link/react-devtools font-weight:bold @ webpack-internal:///./node_modules/react-dom/cjs/react-dom.development.js:29889
[   37277ms] [LOG] [HMR] connected @ webpack-internal:///./node_modules/next/dist/client/dev/error-overlay/websocket.js:45
[   37327ms] [LOG] %c[Vercel Web Analytics]%c Debug mode is enabled by default in development. No requests will be sent to the server. color: rgb(120, 120, 120) color: inherit @ https://va.vercel-scripts.com/v1/script.debug.js:0
[   37327ms] [LOG] %c[Vercel Web Analytics]%c [view] http://localhost:3002/landing-ko-vf color: rgb(120, 120, 120) color: inherit {o: http://localhost:3002/landing-ko-vf, sv: 0.1.3, sdkn: @vercel/analytics/react, sdkv: 1.6.1, ts: 1777530837680} /_vercel/insights/view @ https://va.vercel-scripts.com/v1/script.debug.js:0
[   37353ms] [ERROR] Failed to load resource: the server responded with a status of 404 (Not Found) @ http://localhost:3002/_next/static/webpack/2ed8c5d234341932.webpack.hot-update.json:0
[   37592ms] [INFO] %cDownload the React DevTools for a better development experience: https://reactjs.org/link/react-devtools font-weight:bold @ webpack-internal:///./node_modules/react-dom/cjs/react-dom.development.js:29889
[   37647ms] [LOG] [HMR] connected @ webpack-internal:///./node_modules/next/dist/client/dev/error-overlay/websocket.js:45
[   37684ms] [LOG] %c[Vercel Web Analytics]%c Debug mode is enabled by default in development. No requests will be sent to the server. color: rgb(120, 120, 120) color: inherit @ https://va.vercel-scripts.com/v1/script.debug.js:0
[   37684ms] [LOG] %c[Vercel Web Analytics]%c [view] http://localhost:3002/landing-ko-vf color: rgb(120, 120, 120) color: inherit {o: http://localhost:3002/landing-ko-vf, sv: 0.1.3, sdkn: @vercel/analytics/react, sdkv: 1.6.1, ts: 1777530838036} /_vercel/insights/view @ https://va.vercel-scripts.com/v1/script.debug.js:0
[   37684ms] [ERROR] Failed to load resource: the server responded with a status of 404 (Not Found) @ http://localhost:3002/_next/static/webpack/2ed8c5d234341932.webpack.hot-update.json:0
[   37945ms] [INFO] %cDownload the React DevTools for a better development experience: https://reactjs.org/link/react-devtools font-weight:bold @ webpack-internal:///./node_modules/react-dom/cjs/react-dom.development.js:29889
[   38033ms] [LOG] [HMR] connected @ webpack-internal:///./node_modules/next/dist/client/dev/error-overlay/websocket.js:45
[   38085ms] [LOG] %c[Vercel Web Analytics]%c Debug mode is enabled by default in development. No requests will be sent to the server. color: rgb(120, 120, 120) color: inherit @ https://va.vercel-scripts.com/v1/script.debug.js:0
[   38085ms] [LOG] %c[Vercel Web Analytics]%c [view] http://localhost:3002/landing-ko-vf color: rgb(120, 120, 120) color: inherit {o: http://localhost:3002/landing-ko-vf, sv: 0.1.3, sdkn: @vercel/analytics/react, sdkv: 1.6.1, ts: 1777530838437} /_vercel/insights/view @ https://va.vercel-scripts.com/v1/script.debug.js:0
[   38090ms] [ERROR] Failed to load resource: the server responded with a status of 404 (Not Found) @ http://localhost:3002/_next/static/webpack/2ed8c5d234341932.webpack.hot-update.json:0
[   38354ms] [INFO] %cDownload the React DevTools for a better development experience: https://reactjs.org/link/react-devtools font-weight:bold @ webpack-internal:///./node_modules/react-dom/cjs/react-dom.development.js:29889
[   38409ms] [LOG] [HMR] connected @ webpack-internal:///./node_modules/next/dist/client/dev/error-overlay/websocket.js:45
[   38439ms] [ERROR] Failed to load resource: the server responded with a status of 404 (Not Found) @ http://localhost:3002/_next/static/webpack/2ed8c5d234341932.webpack.hot-update.json:0
[   38454ms] [LOG] %c[Vercel Web Analytics]%c Debug mode is enabled by default in development. No requests will be sent to the server. color: rgb(120, 120, 120) color: inherit @ https://va.vercel-scripts.com/v1/script.debug.js:0
[   38454ms] [LOG] %c[Vercel Web Analytics]%c [view] http://localhost:3002/landing-ko-vf color: rgb(120, 120, 120) color: inherit {o: http://localhost:3002/landing-ko-vf, sv: 0.1.3, sdkn: @vercel/analytics/react, sdkv: 1.6.1, ts: 1777530838806} /_vercel/insights/view @ https://va.vercel-scripts.com/v1/script.debug.js:0
[   38783ms] [INFO] %cDownload the React DevTools for a better development experience: https://reactjs.org/link/react-devtools font-weight:bold @ webpack-internal:///./node_modules/react-dom/cjs/react-dom.development.js:29889
[   38834ms] [LOG] [HMR] connected @ webpack-internal:///./node_modules/next/dist/client/dev/error-overlay/websocket.js:45
[   39053ms] [LOG] %c[Vercel Web Analytics]%c Debug mode is enabled by default in development. No requests will be sent to the server. color: rgb(120, 120, 120) color: inherit @ https://va.vercel-scripts.com/v1/script.debug.js:0
[   39053ms] [LOG] %c[Vercel Web Analytics]%c [view] http://localhost:3002/landing-ko-vf color: rgb(120, 120, 120) color: inherit {o: http://localhost:3002/landing-ko-vf, sv: 0.1.3, sdkn: @vercel/analytics/react, sdkv: 1.6.1, ts: 1777530839405} /_vercel/insights/view @ https://va.vercel-scripts.com/v1/script.debug.js:0
[   39057ms] [ERROR] Failed to load resource: the server responded with a status of 404 (Not Found) @ http://localhost:3002/_next/static/webpack/2ed8c5d234341932.webpack.hot-update.json:0
[   39313ms] [INFO] %cDownload the React DevTools for a better development experience: https://reactjs.org/link/react-devtools font-weight:bold @ webpack-internal:///./node_modules/react-dom/cjs/react-dom.development.js:29889
[   39373ms] [LOG] [HMR] connected @ webpack-internal:///./node_modules/next/dist/client/dev/error-overlay/websocket.js:45
[   39430ms] [LOG] %c[Vercel Web Analytics]%c Debug mode is enabled by default in development. No requests will be sent to the server. color: rgb(120, 120, 120) color: inherit @ https://va.vercel-scripts.com/v1/script.debug.js:0
[   39430ms] [LOG] %c[Vercel Web Analytics]%c [view] http://localhost:3002/landing-ko-vf color: rgb(120, 120, 120) color: inherit {o: http://localhost:3002/landing-ko-vf, sv: 0.1.3, sdkn: @vercel/analytics/react, sdkv: 1.6.1, ts: 1777530839782} /_vercel/insights/view @ https://va.vercel-scripts.com/v1/script.debug.js:0
[   39430ms] [ERROR] Failed to load resource: the server responded with a status of 404 (Not Found) @ http://localhost:3002/_next/static/webpack/2ed8c5d234341932.webpack.hot-update.json:0
[   39708ms] [INFO] %cDownload the React DevTools for a better development experience: https://reactjs.org/link/react-devtools font-weight:bold @ webpack-internal:///./node_modules/react-dom/cjs/react-dom.development.js:29889
[   39813ms] [LOG] [HMR] connected @ webpack-internal:///./node_modules/next/dist/client/dev/error-overlay/websocket.js:45
[   39977ms] [LOG] %c[Vercel Web Analytics]%c Debug mode is enabled by default in development. No requests will be sent to the server. color: rgb(120, 120, 120) color: inherit @ https://va.vercel-scripts.com/v1/script.debug.js:0
[   39977ms] [LOG] %c[Vercel Web Analytics]%c [view] http://localhost:3002/landing-ko-vf color: rgb(120, 120, 120) color: inherit {o: http://localhost:3002/landing-ko-vf, sv: 0.1.3, sdkn: @vercel/analytics/react, sdkv: 1.6.1, ts: 1777530840330} /_vercel/insights/view @ https://va.vercel-scripts.com/v1/script.debug.js:0
[   40001ms] [ERROR] Failed to load resource: the server responded with a status of 404 (Not Found) @ http://localhost:3002/_next/static/webpack/2ed8c5d234341932.webpack.hot-update.json:0
[   40218ms] [INFO] %cDownload the React DevTools for a better development experience: https://reactjs.org/link/react-devtools font-weight:bold @ webpack-internal:///./node_modules/react-dom/cjs/react-dom.development.js:29889
[   40269ms] [LOG] [HMR] connected @ webpack-internal:///./node_modules/next/dist/client/dev/error-overlay/websocket.js:45
[   40312ms] [LOG] %c[Vercel Web Analytics]%c Debug mode is enabled by default in development. No requests will be sent to the server. color: rgb(120, 120, 120) color: inherit @ https://va.vercel-scripts.com/v1/script.debug.js:0
[   40312ms] [LOG] %c[Vercel Web Analytics]%c [view] http://localhost:3002/landing-ko-vf color: rgb(120, 120, 120) color: inherit {o: http://localhost:3002/landing-ko-vf, sv: 0.1.3, sdkn: @vercel/analytics/react, sdkv: 1.6.1, ts: 1777530840664} /_vercel/insights/view @ https://va.vercel-scripts.com/v1/script.debug.js:0
[   40437ms] [ERROR] Failed to load resource: the server responded with a status of 404 (Not Found) @ http://localhost:3002/_next/static/webpack/2ed8c5d234341932.webpack.hot-update.json:0
[   40669ms] [INFO] %cDownload the React DevTools for a better development experience: https://reactjs.org/link/react-devtools font-weight:bold @ webpack-internal:///./node_modules/react-dom/cjs/react-dom.development.js:29889
[   40723ms] [LOG] [HMR] connected @ webpack-internal:///./node_modules/next/dist/client/dev/error-overlay/websocket.js:45
[   40773ms] [LOG] %c[Vercel Web Analytics]%c Debug mode is enabled by default in development. No requests will be sent to the server. color: rgb(120, 120, 120) color: inherit @ https://va.vercel-scripts.com/v1/script.debug.js:0
[   40773ms] [LOG] %c[Vercel Web Analytics]%c [view] http://localhost:3002/landing-ko-vf color: rgb(120, 120, 120) color: inherit {o: http://localhost:3002/landing-ko-vf, sv: 0.1.3, sdkn: @vercel/analytics/react, sdkv: 1.6.1, ts: 1777530841125} /_vercel/insights/view @ https://va.vercel-scripts.com/v1/script.debug.js:0
[   40773ms] [ERROR] Failed to load resource: the server responded with a status of 404 (Not Found) @ http://localhost:3002/_next/static/webpack/2ed8c5d234341932.webpack.hot-update.json:0
[   41164ms] [INFO] %cDownload the React DevTools for a better development experience: https://reactjs.org/link/react-devtools font-weight:bold @ webpack-internal:///./node_modules/react-dom/cjs/react-dom.development.js:29889
[   41260ms] [LOG] [HMR] connected @ webpack-internal:///./node_modules/next/dist/client/dev/error-overlay/websocket.js:45
[   41285ms] [ERROR] Failed to load resource: the server responded with a status of 404 (Not Found) @ http://localhost:3002/_next/static/webpack/2ed8c5d234341932.webpack.hot-update.json:0
[   41292ms] [LOG] %c[Vercel Web Analytics]%c Debug mode is enabled by default in development. No requests will be sent to the server. color: rgb(120, 120, 120) color: inherit @ https://va.vercel-scripts.com/v1/script.debug.js:0
[   41292ms] [LOG] %c[Vercel Web Analytics]%c [view] http://localhost:3002/landing-ko-vf color: rgb(120, 120, 120) color: inherit {o: http://localhost:3002/landing-ko-vf, sv: 0.1.3, sdkn: @vercel/analytics/react, sdkv: 1.6.1, ts: 1777530841645} /_vercel/insights/view @ https://va.vercel-scripts.com/v1/script.debug.js:0
[   41513ms] [INFO] %cDownload the React DevTools for a better development experience: https://reactjs.org/link/react-devtools font-weight:bold @ webpack-internal:///./node_modules/react-dom/cjs/react-dom.development.js:29889
[   41569ms] [LOG] [HMR] connected @ webpack-internal:///./node_modules/next/dist/client/dev/error-overlay/websocket.js:45
[   41621ms] [LOG] %c[Vercel Web Analytics]%c Debug mode is enabled by default in development. No requests will be sent to the server. color: rgb(120, 120, 120) color: inherit @ https://va.vercel-scripts.com/v1/script.debug.js:0
[   41621ms] [LOG] %c[Vercel Web Analytics]%c [view] http://localhost:3002/landing-ko-vf color: rgb(120, 120, 120) color: inherit {o: http://localhost:3002/landing-ko-vf, sv: 0.1.3, sdkn: @vercel/analytics/react, sdkv: 1.6.1, ts: 1777530841974} /_vercel/insights/view @ https://va.vercel-scripts.com/v1/script.debug.js:0
[   41688ms] [ERROR] Failed to load resource: the server responded with a status of 404 (Not Found) @ http://localhost:3002/_next/static/webpack/2ed8c5d234341932.webpack.hot-update.json:0
[   42084ms] [INFO] %cDownload the React DevTools for a better development experience: https://reactjs.org/link/react-devtools font-weight:bold @ webpack-internal:///./node_modules/react-dom/cjs/react-dom.development.js:29889
[   42139ms] [LOG] [HMR] connected @ webpack-internal:///./node_modules/next/dist/client/dev/error-overlay/websocket.js:45
[   42190ms] [ERROR] Failed to load resource: the server responded with a status of 404 (Not Found) @ http://localhost:3002/_next/static/webpack/2ed8c5d234341932.webpack.hot-update.json:0
[   42203ms] [LOG] %c[Vercel Web Analytics]%c Debug mode is enabled by default in development. No requests will be sent to the server. color: rgb(120, 120, 120) color: inherit @ https://va.vercel-scripts.com/v1/script.debug.js:0
[   42203ms] [LOG] %c[Vercel Web Analytics]%c [view] http://localhost:3002/landing-ko-vf color: rgb(120, 120, 120) color: inherit {o: http://localhost:3002/landing-ko-vf, sv: 0.1.3, sdkn: @vercel/analytics/react, sdkv: 1.6.1, ts: 1777530842556} /_vercel/insights/view @ https://va.vercel-scripts.com/v1/script.debug.js:0
[   42446ms] [INFO] %cDownload the React DevTools for a better development experience: https://reactjs.org/link/react-devtools font-weight:bold @ webpack-internal:///./node_modules/react-dom/cjs/react-dom.development.js:29889
[   42535ms] [LOG] [HMR] connected @ webpack-internal:///./node_modules/next/dist/client/dev/error-overlay/websocket.js:45
[   42600ms] [LOG] %c[Vercel Web Analytics]%c Debug mode is enabled by default in development. No requests will be sent to the server. color: rgb(120, 120, 120) color: inherit @ https://va.vercel-scripts.com/v1/script.debug.js:0
[   42600ms] [LOG] %c[Vercel Web Analytics]%c [view] http://localhost:3002/landing-ko-vf color: rgb(120, 120, 120) color: inherit {o: http://localhost:3002/landing-ko-vf, sv: 0.1.3, sdkn: @vercel/analytics/react, sdkv: 1.6.1, ts: 1777530842953} /_vercel/insights/view @ https://va.vercel-scripts.com/v1/script.debug.js:0
[   42621ms] [ERROR] Failed to load resource: the server responded with a status of 404 (Not Found) @ http://localhost:3002/_next/static/webpack/2ed8c5d234341932.webpack.hot-update.json:0
[   42852ms] [INFO] %cDownload the React DevTools for a better development experience: https://reactjs.org/link/react-devtools font-weight:bold @ webpack-internal:///./node_modules/react-dom/cjs/react-dom.development.js:29889
[   42905ms] [LOG] [HMR] connected @ webpack-internal:///./node_modules/next/dist/client/dev/error-overlay/websocket.js:45
[   42931ms] [ERROR] Failed to load resource: the server responded with a status of 404 (Not Found) @ http://localhost:3002/_next/static/webpack/2ed8c5d234341932.webpack.hot-update.json:0
[   42944ms] [LOG] %c[Vercel Web Analytics]%c Debug mode is enabled by default in development. No requests will be sent to the server. color: rgb(120, 120, 120) color: inherit @ https://va.vercel-scripts.com/v1/script.debug.js:0
[   42944ms] [LOG] %c[Vercel Web Analytics]%c [view] http://localhost:3002/landing-ko-vf color: rgb(120, 120, 120) color: inherit {o: http://localhost:3002/landing-ko-vf, sv: 0.1.3, sdkn: @vercel/analytics/react, sdkv: 1.6.1, ts: 1777530843297} /_vercel/insights/view @ https://va.vercel-scripts.com/v1/script.debug.js:0
[   43164ms] [INFO] %cDownload the React DevTools for a better development experience: https://reactjs.org/link/react-devtools font-weight:bold @ webpack-internal:///./node_modules/react-dom/cjs/react-dom.development.js:29889
[   43238ms] [LOG] [HMR] connected @ webpack-internal:///./node_modules/next/dist/client/dev/error-overlay/websocket.js:45
[   43319ms] [LOG] %c[Vercel Web Analytics]%c Debug mode is enabled by default in development. No requests will be sent to the server. color: rgb(120, 120, 120) color: inherit @ https://va.vercel-scripts.com/v1/script.debug.js:0
[   43319ms] [LOG] %c[Vercel Web Analytics]%c [view] http://localhost:3002/landing-ko-vf color: rgb(120, 120, 120) color: inherit {o: http://localhost:3002/landing-ko-vf, sv: 0.1.3, sdkn: @vercel/analytics/react, sdkv: 1.6.1, ts: 1777530843672} /_vercel/insights/view @ https://va.vercel-scripts.com/v1/script.debug.js:0
[   43420ms] [ERROR] Failed to load resource: the server responded with a status of 404 (Not Found) @ http://localhost:3002/_next/static/webpack/2ed8c5d234341932.webpack.hot-update.json:0
[   43679ms] [INFO] %cDownload the React DevTools for a better development experience: https://reactjs.org/link/react-devtools font-weight:bold @ webpack-internal:///./node_modules/react-dom/cjs/react-dom.development.js:29889
[   43737ms] [LOG] [HMR] connected @ webpack-internal:///./node_modules/next/dist/client/dev/error-overlay/websocket.js:45
[   43776ms] [LOG] %c[Vercel Web Analytics]%c Debug mode is enabled by default in development. No requests will be sent to the server. color: rgb(120, 120, 120) color: inherit @ https://va.vercel-scripts.com/v1/script.debug.js:0
[   43776ms] [LOG] %c[Vercel Web Analytics]%c [view] http://localhost:3002/landing-ko-vf color: rgb(120, 120, 120) color: inherit {o: http://localhost:3002/landing-ko-vf, sv: 0.1.3, sdkn: @vercel/analytics/react, sdkv: 1.6.1, ts: 1777530844128} /_vercel/insights/view @ https://va.vercel-scripts.com/v1/script.debug.js:0
[   43776ms] [ERROR] Failed to load resource: the server responded with a status of 404 (Not Found) @ http://localhost:3002/_next/static/webpack/2ed8c5d234341932.webpack.hot-update.json:0
[   44045ms] [INFO] %cDownload the React DevTools for a better development experience: https://reactjs.org/link/react-devtools font-weight:bold @ webpack-internal:///./node_modules/react-dom/cjs/react-dom.development.js:29889
[   44110ms] [LOG] [HMR] connected @ webpack-internal:///./node_modules/next/dist/client/dev/error-overlay/websocket.js:45
[   44198ms] [LOG] %c[Vercel Web Analytics]%c Debug mode is enabled by default in development. No requests will be sent to the server. color: rgb(120, 120, 120) color: inherit @ https://va.vercel-scripts.com/v1/script.debug.js:0
[   44198ms] [LOG] %c[Vercel Web Analytics]%c [view] http://localhost:3002/landing-ko-vf color: rgb(120, 120, 120) color: inherit {o: http://localhost:3002/landing-ko-vf, sv: 0.1.3, sdkn: @vercel/analytics/react, sdkv: 1.6.1, ts: 1777530844551} /_vercel/insights/view @ https://va.vercel-scripts.com/v1/script.debug.js:0
[   44208ms] [ERROR] Failed to load resource: the server responded with a status of 404 (Not Found) @ http://localhost:3002/_next/static/webpack/2ed8c5d234341932.webpack.hot-update.json:0
[   44541ms] [INFO] %cDownload the React DevTools for a better development experience: https://reactjs.org/link/react-devtools font-weight:bold @ webpack-internal:///./node_modules/react-dom/cjs/react-dom.development.js:29889
[   44602ms] [LOG] [HMR] connected @ webpack-internal:///./node_modules/next/dist/client/dev/error-overlay/websocket.js:45
[   44673ms] [LOG] %c[Vercel Web Analytics]%c Debug mode is enabled by default in development. No requests will be sent to the server. color: rgb(120, 120, 120) color: inherit @ https://va.vercel-scripts.com/v1/script.debug.js:0
[   44673ms] [LOG] %c[Vercel Web Analytics]%c [view] http://localhost:3002/landing-ko-vf color: rgb(120, 120, 120) color: inherit {o: http://localhost:3002/landing-ko-vf, sv: 0.1.3, sdkn: @vercel/analytics/react, sdkv: 1.6.1, ts: 1777530845026} /_vercel/insights/view @ https://va.vercel-scripts.com/v1/script.debug.js:0
[   44694ms] [ERROR] Failed to load resource: the server responded with a status of 404 (Not Found) @ http://localhost:3002/_next/static/webpack/2ed8c5d234341932.webpack.hot-update.json:0
[   44898ms] [INFO] %cDownload the React DevTools for a better development experience: https://reactjs.org/link/react-devtools font-weight:bold @ webpack-internal:///./node_modules/react-dom/cjs/react-dom.development.js:29889
[   44967ms] [LOG] [HMR] connected @ webpack-internal:///./node_modules/next/dist/client/dev/error-overlay/websocket.js:45
[   45081ms] [LOG] %c[Vercel Web Analytics]%c Debug mode is enabled by default in development. No requests will be sent to the server. color: rgb(120, 120, 120) color: inherit @ https://va.vercel-scripts.com/v1/script.debug.js:0
[   45081ms] [LOG] %c[Vercel Web Analytics]%c [view] http://localhost:3002/landing-ko-vf color: rgb(120, 120, 120) color: inherit {o: http://localhost:3002/landing-ko-vf, sv: 0.1.3, sdkn: @vercel/analytics/react, sdkv: 1.6.1, ts: 1777530845433} /_vercel/insights/view @ https://va.vercel-scripts.com/v1/script.debug.js:0
[   45096ms] [ERROR] Failed to load resource: the server responded with a status of 404 (Not Found) @ http://localhost:3002/_next/static/webpack/2ed8c5d234341932.webpack.hot-update.json:0
[   45305ms] [INFO] %cDownload the React DevTools for a better development experience: https://reactjs.org/link/react-devtools font-weight:bold @ webpack-internal:///./node_modules/react-dom/cjs/react-dom.development.js:29889
[   45359ms] [LOG] [HMR] connected @ webpack-internal:///./node_modules/next/dist/client/dev/error-overlay/websocket.js:45
[   45389ms] [ERROR] Failed to load resource: the server responded with a status of 404 (Not Found) @ http://localhost:3002/_next/static/webpack/2ed8c5d234341932.webpack.hot-update.json:0
[   45402ms] [LOG] %c[Vercel Web Analytics]%c Debug mode is enabled by default in development. No requests will be sent to the server. color: rgb(120, 120, 120) color: inherit @ https://va.vercel-scripts.com/v1/script.debug.js:0
[   45402ms] [LOG] %c[Vercel Web Analytics]%c [view] http://localhost:3002/landing-ko-vf color: rgb(120, 120, 120) color: inherit {o: http://localhost:3002/landing-ko-vf, sv: 0.1.3, sdkn: @vercel/analytics/react, sdkv: 1.6.1, ts: 1777530845754} /_vercel/insights/view @ https://va.vercel-scripts.com/v1/script.debug.js:0
[   45602ms] [INFO] %cDownload the React DevTools for a better development experience: https://reactjs.org/link/react-devtools font-weight:bold @ webpack-internal:///./node_modules/react-dom/cjs/react-dom.development.js:29889
[   45684ms] [LOG] [HMR] connected @ webpack-internal:///./node_modules/next/dist/client/dev/error-overlay/websocket.js:45
[   45730ms] [LOG] %c[Vercel Web Analytics]%c Debug mode is enabled by default in development. No requests will be sent to the server. color: rgb(120, 120, 120) color: inherit @ https://va.vercel-scripts.com/v1/script.debug.js:0
[   45730ms] [LOG] %c[Vercel Web Analytics]%c [view] http://localhost:3002/landing-ko-vf color: rgb(120, 120, 120) color: inherit {o: http://localhost:3002/landing-ko-vf, sv: 0.1.3, sdkn: @vercel/analytics/react, sdkv: 1.6.1, ts: 1777530846082} /_vercel/insights/view @ https://va.vercel-scripts.com/v1/script.debug.js:0
[   45749ms] [ERROR] Failed to load resource: the server responded with a status of 404 (Not Found) @ http://localhost:3002/_next/static/webpack/2ed8c5d234341932.webpack.hot-update.json:0
[   46038ms] [INFO] %cDownload the React DevTools for a better development experience: https://reactjs.org/link/react-devtools font-weight:bold @ webpack-internal:///./node_modules/react-dom/cjs/react-dom.development.js:29889
[   46110ms] [LOG] [HMR] connected @ webpack-internal:///./node_modules/next/dist/client/dev/error-overlay/websocket.js:45
[   46226ms] [LOG] %c[Vercel Web Analytics]%c Debug mode is enabled by default in development. No requests will be sent to the server. color: rgb(120, 120, 120) color: inherit @ https://va.vercel-scripts.com/v1/script.debug.js:0
[   46226ms] [LOG] %c[Vercel Web Analytics]%c [view] http://localhost:3002/landing-ko-vf color: rgb(120, 120, 120) color: inherit {o: http://localhost:3002/landing-ko-vf, sv: 0.1.3, sdkn: @vercel/analytics/react, sdkv: 1.6.1, ts: 1777530846578} /_vercel/insights/view @ https://va.vercel-scripts.com/v1/script.debug.js:0
[   46271ms] [ERROR] Failed to load resource: the server responded with a status of 404 (Not Found) @ http://localhost:3002/_next/static/webpack/2ed8c5d234341932.webpack.hot-update.json:0
[   46542ms] [INFO] %cDownload the React DevTools for a better development experience: https://reactjs.org/link/react-devtools font-weight:bold @ webpack-internal:///./node_modules/react-dom/cjs/react-dom.development.js:29889
[   46604ms] [LOG] [HMR] connected @ webpack-internal:///./node_modules/next/dist/client/dev/error-overlay/websocket.js:45
[   46817ms] [LOG] %c[Vercel Web Analytics]%c Debug mode is enabled by default in development. No requests will be sent to the server. color: rgb(120, 120, 120) color: inherit @ https://va.vercel-scripts.com/v1/script.debug.js:0
[   46817ms] [LOG] %c[Vercel Web Analytics]%c [view] http://localhost:3002/landing-ko-vf color: rgb(120, 120, 120) color: inherit {o: http://localhost:3002/landing-ko-vf, sv: 0.1.3, sdkn: @vercel/analytics/react, sdkv: 1.6.1, ts: 1777530847169} /_vercel/insights/view @ https://va.vercel-scripts.com/v1/script.debug.js:0
[   46856ms] [ERROR] Failed to load resource: the server responded with a status of 404 (Not Found) @ http://localhost:3002/_next/static/webpack/2ed8c5d234341932.webpack.hot-update.json:0
[   47222ms] [INFO] %cDownload the React DevTools for a better development experience: https://reactjs.org/link/react-devtools font-weight:bold @ webpack-internal:///./node_modules/react-dom/cjs/react-dom.development.js:29889
[   47303ms] [LOG] [HMR] connected @ webpack-internal:///./node_modules/next/dist/client/dev/error-overlay/websocket.js:45
[   47341ms] [ERROR] Failed to load resource: the server responded with a status of 404 (Not Found) @ http://localhost:3002/_next/static/webpack/2ed8c5d234341932.webpack.hot-update.json:0
[   47344ms] [LOG] %c[Vercel Web Analytics]%c Debug mode is enabled by default in development. No requests will be sent to the server. color: rgb(120, 120, 120) color: inherit @ https://va.vercel-scripts.com/v1/script.debug.js:0
[   47345ms] [LOG] %c[Vercel Web Analytics]%c [view] http://localhost:3002/landing-ko-vf color: rgb(120, 120, 120) color: inherit {o: http://localhost:3002/landing-ko-vf, sv: 0.1.3, sdkn: @vercel/analytics/react, sdkv: 1.6.1, ts: 1777530847697} /_vercel/insights/view @ https://va.vercel-scripts.com/v1/script.debug.js:0
